:020000041000EA
:10000000002008205D0100101301001015010010F0
:100010001101001011010010110100101101001058
:100020001101001011010010110100101701001042
:100030001101001011010010190100101B01001026
:100040001D0100101D0100101D0100101D010010F8
:100050001D0100101D0100101D0100101D010010E8
:100060001D0100101D0100100D1100201D010010C8
:100070001D0100101D0100101D010010E1090020EC
:100080007D1000201D0100101D0100101D01001039
:100090001D0100101D0100101D0100101D010010A8
:1000A0001D0100101D0100101D0100101D01001098
:1000B0001D0100101D0100101D0100101D01001088
:1000C0001D0100101D0100101D0100101D01001078
:1000D0001D0100101D0100101D0100101D01001068
:1000E0001D0100101D0100101D0100101D01001058
:1000F0001D0100101D0100101D0100101D01001048
:100100001D0100101D0100101D0100101D01001037
:1001100000BE00BE00BE00BE00BE00BEEFF3058004
:10012000103800BEF2EB887130C1031078C10310A3
:10013000A801001090A31AE7D3DEFFFF42012110AF
:10014000FF01000044FC0300793512AB4FF00000C2
:100150002049086006C881F3088810474FF05040D6
:10016000006810B14FF00000F2E70FA40ECC002998
:1001700002D000F015F8F9E71749184A002000E00E
:1001800001C19142FCD1002080F30A8814498847BC
:10019000144988471449884700BEFDE701C901C2D8
:1001A0009A42FBD3704700BF78C1031010010020B2
:1001B0001C2B002084EB031000000820680B082093
:1001C000ECF6031000100820901608200000000034
:1001D0007047000008ED00E01C2B002024D3032012
:1001E000FD50001049290010F5500010F8B500BF6F
:1001F000064B0749C91A891048BF0131491003D07D
:10020000044B0BB101481847704700BF1C2B00205E
:100210001C2B00200000000008B5054B1BB1054950
:100220000548AFF30080BDE80840FFF7E1BF00BF1D
:10023000000000008C6A03204C280210037A33B9B6
:1002400003685A1C02601B78436008230372037A18
:10025000013B037243685A08426003F00100704793
:1002600030B5037A44688B4208DB5B1A037224FAC8
:1002700001F343608B4083EA040030BD0268551CE3
:10028000056012789A402243083342600372E8E71F
:100290002DE9F04704468846994615461AB920F8D4
:1002A000022BBDE8F087012A05D102800B780430CB
:1002B00000F8023CF5E706464FEA430A0AF1010757
:1002C000BFB226F8027B9A000021304622F000F8E7
:1002D00043467F0008EB45005A780233013A36F86E
:1002E0002210984201F1010126F82210F4D1314682
:1002F00033460122914503F104031DD8002208F181
:10030000010C27441CF812309B00023BF05A441C9D
:10031000F45218F812300132AA423B54F2D10022B2
:10032000104613464A4501F104010DD101350AEB8F
:10033000550A06EB4A00B4E733F8020C33F804CC54
:10034000013260445880D5E731F8044C1F1A234429
:1003500021F8043C21F8027C20445B000132E1E7F3
:100360002DE9F84F04468A461F4616461AB920F86A
:10037000022BBDE8F88F012A05D102800B880430DA
:1003800020F8023CF5E705464FEA430808F1010969
:100390001FFA89F925F8029B9A000021284621F0CE
:1003A00097FF5146534606EB460252449878033372
:1003B000013835F820C09A420CF1010C25F820C014
:1003C000F4D128462B464FF0010C674503F1040396
:1003D0001FD88B7891F800C09B00023B91F801E098
:1003E00035F803A003310AF1010B0CEB0E2CCA44C3
:1003F0008A4225F803B024F81AC0EAD10022114637
:100400001346BA4200F104000DD1B04405EB480098
:10041000AFE733F802EC33F804AC0CF1010CD6442E
:10042000A3F802E0D1E730F8044CA3EB010C23441D
:1004300020F8043C20F802CC21445B000132E0E7C4
:100440002DE9F04F85B098460646FFF7F7FE0F46B8
:10045000034628B9084620F8023B05B0BDE8F08FF6
:100460003046FFF7EBFE082104463046FFF7F8FE62
:10047000C5B23046FFF7F4FE5FFA80F94D4504D16E
:100480000123BD703B80381DE7E704213046FFF7AC
:10049000E7FE82463046FFF7E3FE8245294601909B
:1004A00018D100240BE03046FFF7C8FE30B108EB4E
:1004B000440308F8141083F801A001340131894580
:1004C000F1D2224641463846019B05B0BDE8F04FC7
:1004D000FFF7DEBE019BA3EB0A01B1FA81F1C1F186
:1004E0002001002C59D1A945EBDB3046FFF7A6FED1
:1004F00048B13046FFF7B4FE08EB4403504408F817
:100500001450587001340135EDE73046FFF796FE80
:10051000E8B1A9EB050BBBF1070FA8BF4FF0070B24
:10052000002308EB44023046CDE90223FFF798FE92
:10053000039B029A03EB050C013350445B4582F8A0
:1005400000C0507002F10202EDD901345C4408355C
:10055000A945B6DB3046FFF771FE83460028D4D1AB
:10056000A9EB0503072BA8BF072330460293FFF72B
:1005700065FE029B60B13046FFF772FE0BEB050291
:1005800008F81420504408EB4402029B50700134D8
:100590000BF1010B9B45E8DDD9E70024D8E730B526
:1005A000037A44688B4208DB5B1A037224FA01F376
:1005B00043608B4083EA040030BD0268551C05602F
:1005C00012789A402243083342600372E8E72DE92B
:1005D000F74F0091042104461E46FFF7E0FF054651
:1005E0002046FFF7DCFF4FF00009411BB1FA81F113
:1005F00080464F464FF0080BC1F12001237A33B9F2
:100600002368581C20601B7884F808B06360237A44
:10061000013B2372636858086060D8072BD54FF000
:10062000000A4FEA0913DBB2207A30B92068421C75
:100630002260007884F808B06060207A0138207267
:10064000606842086260C20710D5454521D0204647
:100650000193FFF7A4FF019B284443EA0A0C06F824
:1006600017C006EB470C8CF8010001370AF1010AAC
:10067000BAF1080FD8D109F10109B9F1100FBDD1B4
:1006800043463A463146009803B0BDE8F04FFFF7C5
:10069000FFBD2846E1E72DE9F04F04460D461E4612
:1006A000914685B0E422DDE90E78002121F010FEAC
:1006B0004946C4F808903B4632462846CDF80080AB
:1006C000FFF785FFA1683B46401A4010E08180B2E9
:1006D000321A01EB4001CDF800802846FFF7B0FE4A
:1006E000A1683B46401A4010208280B2321A01EBCA
:1006F0004001CDF800802846FFF7A2FEA1683B46E6
:10070000401A4010608280B2321A01EB4001CDF8ED
:1007100000802846FFF794FEA1683B46401A40102F
:10072000A08280B2321A01EB4001CDF80080284649
:10073000FFF786FEA1683B46401A4010E08280B277
:10074000321A01EB4001CDF800802846FFF778FE11
:10075000A1683B46401A4010208380B2321A01EB58
:100760004001CDF800802846FFF76AFEA1683B46AD
:10077000401A4010608380B2321A01EB4001CDF87C
:1007800000802846FFF75CFEA3680421C31AC3F368
:100790004F0328460393FFF702FF4FF0020A8146FA
:1007A000039B04F1200BA168CA4501EB4301A6EBB2
:1007B00003022AD9A38328463B46CDF80080FFF7E1
:1007C0003FFEA36804F1AC02C51A01236D1002F8C4
:1007D00013300133182BFAD1FF23102284F8DC30B8
:1007E000642104F13E0021F073FD1022642104F124
:1007F0004E0021F06DFD1022802104F15E0021F0F9
:1008000067FDA8B205B0BDE8F08F2BF8023F28467F
:100810003B46CDF80080FFF713FEA3680AF1010AFA
:10082000C31AC3F34F03BEE71823F0B506460A4FB9
:100830000A4D3C6803FB04550FCE0FC5631C5A429A
:1008400002F0070203F0070358BF534296E8030083
:100850003B6085E80300F0BDA8BD0120ACBD0120D0
:100860000A490B4A0B68126893420DD018220948B6
:1008700002FB030001335A4202F0070203F00703B0
:1008800058BF53420B607047002070476CBE012078
:10089000A8BD0120ACBD01202DE9F0410546002492
:1008A0000C27094E07FB04F32846F15803EB060812
:1008B00002F029FF18B998F80400BDE8F08101346E
:1008C000082CEFD10420F8E7986C021008B502F06C
:1008D000FCFA064B1B68002BBCBF03F57F43FF33BC
:1008E00000EB2340024BA3FB003008BDAC6A0320A1
:1008F0008FC2F508F7B51D4B1D4E1D681D4B93F9B2
:10090000007002F0D9FE33681B6898473368DB68D3
:100910009847194B187830BB95FBF7F5174C2168B1
:100920004D1B022D1DDCCDE90000336868465B6875
:10093000984705232268124992FBF3F391F900507E
:1009400003EB8303D31A05EB83056B460D4F03CBF3
:1009500047F83500012007EBC506024471602260AC
:10096000F07103B0F0BD0020FBE700BFD0620320B0
:10097000706903201ED20320BEC30320AC6903208C
:1009800060CA0320BEB8032038B5114B1D78C5B925
:10099000FFF79CFF0F4B104A93F900300F4990FB73
:1009A000F3F0136810600A68C31A9342A6BF9C1A3A
:1009B0002A462C464FF00005B8BFD21A0A60A5425D
:1009C00000D138BDFFF796FF0028FAD00135F6E7D1
:1009D00071D103201ED203203C69032084710320BF
:1009E00008B5FFF773FF044B93F9003090FBF3F069
:1009F000024B186008BD00BF1ED203203C690320D3
:100A00002DE9F74F02F056FA594D95F9003090FB59
:100A1000F3F8584BC3F80080574B1B78002B4DD090
:100A2000FFF768FF554E95F900303468DFF86091A4
:100A300094FBF3F4D9F800703C1B012CB8BF0124DF
:100A40004F4B1B78002B3CD195F90020336893FB6A
:100A5000F2F32344BB4234DCDFF838B1013C484BAD
:100A60001B7843BB95F9002030689C4690FBF2F060
:100A7000052290FBF2F202EB8202801A414A4FEA11
:100A800040180BEB401092F90010C21D8B4218BFAA
:100A900002F833C00133042BF8D14FF0000ADFF81D
:100AA000EC90394BD84495F9001051452BDCFFF7F9
:100AB0006BFF013CD3D203B0BDE8F08FFFF764FFBA
:100AC000B0E7FFF761FF95F900203368D9F80070AF
:100AD00093FBF2F3BB4200DD00BE95F900203368C2
:100AE00093FBF2F32344BB42AADD02F0E3F995F94C
:100AF000003090FBF3F0A0EB08000428DBDC0120C1
:100B000002F0ECF99CE7326892FBF1F2BA4200DDA8
:100B100000BE98F807201D4989F8002098F80F209A
:100B2000019089F8012098F8172089F8022098F898
:100B30001F2089F803201A689268904700213268C4
:100B40000198013232608C4602460F4B92F905E063
:100B50000131BEF1000FB8BF82F805C0042982F848
:100B600004C002F10802F1D10AF1010A9BE700BFBB
:100B70001ED20320C06A032071D10320D06203205B
:100B8000BEC3032060CA0320706903205CCA03202F
:100B9000AC690320BEB80320014B1860704700BF4A
:100BA00070690320114608B510B1024804F0F4FB47
:100BB000002008BD0E2A021000230121094A036407
:100BC0001360094AC0E900111360084A43641370B6
:100BD000074AC16353709370D37011700268054B5C
:100BE0001A707047AC6A03208C6E032060CA032021
:100BF0005CCA03201ED2032030B5037A44688B42BE
:100C000008DB5B1A037224FA01F343608B4083EA2A
:100C1000040030BD0268551C056012789A402243DA
:100C2000083342600372E8E7038870B5012B00EBDC
:100C3000430401D1807870BD0023082502300A7A70
:100C40005B002AB90A68561C0E6012780D724A6061
:100C50000A7A013A0A724A68560802F001021343FE
:100C600002884E609A4203D942889B1AE05CE2E710
:100C70000430E4E702F00CB90120704702F008B933
:100C80001422036B83F0010302FB030080687047AA
:100C90004620704710B504220949044621F06AFA3B
:100CA00020B1084804F049FB002010BD0C2002F0E0
:100CB000C1F80028F9D06368083443600460F4E7A1
:100CC0004C2A0210512A02102DE9F843066B436B9F
:100CD00086F0010604460663002B51D090F844309C
:100CE000D0F8488000F1340743B9B0F85A003946CB
:100CF00008EB4000FFF798FF84F84400B4F84C007C
:100D0000394608EB4000FFF78FFF1423002103FB57
:100D10000642C0F3071500F00F00C2E90511156186
:100D2000072824D8DFE810F026013301E100940001
:100D300008004F002E00750004213846FFF75CFFC5
:100D4000054608213846FFF757FF142315F0FF0525
:100D500014BFB022C02203FB06431CBF1A739A4A79
:100D6000C0B215BF525D1A73C3E905205861636BA9
:100D7000002B40F015810025142303FB0644A560D9
:100D8000BDE8F883B4F84E00394608EB4000FFF7A1
:100D90004BFF1422C1074FF0B00158BF00EBD070D9
:100DA000254495F87E304CBF0130401002FB0642CE
:100DB0004CBF401040420344DBB285F87E301173D3
:100DC0000721516123E0B4F85000394608EB400098
:100DD000FFF72AFFC2074FF014024FF0E00158BF9F
:100DE00000EBD070254495F89E304CBF0130401088
:100DF00002FB06424CBF401040420344DBB285F880
:100E00009E309B01117303F07F015161DB099361F7
:100E1000ADE7B4F85200394608EB4000FFF704FF95
:100E20001422B021C30758BF00EBD070254495F8B9
:100E3000AE304CBF0130401002FB06424CBF4010A8
:100E400040420344DBB285F8AE3011730121B8E7AC
:100E5000092D0CBFB4F85600B4F8540039464000D0
:100E60004044FFF7E1FE8146B4F85800254408EB02
:100E70004000FFF7D9FE8128034622D194F846307E
:100E800085F88E3085F87E3094F9452004EB4200D9
:100E900090F8EE1084F8451095F8BE1001F1010CA1
:100EA00085F8BEC0C1B985F8DE2085F8CE201422B1
:100EB000902102FB064280F8EF901173C2F8149063
:100EC000A5E780281BBF85F88E3085F87E3095F821
:100ED0008E3084F84630D7E795F9DE1004EB4101F7
:100EE00081F8EE2085F8DE20E1E7254495F8BE3054
:100EF000012B27D904EB4303B3F85E00394608EB16
:100F00004000FFF791FE95F8BE30013B85F8BE30FA
:100F100095F9CE3004EB430292F9EE20B0B985F892
:100F2000CE2094F8451004EB430282F8EE1084F8CA
:100F300045301423802103FB064392F8EF201973F8
:100F40005A6114E70020DEE71346013804EB430141
:100F5000012891F9EE20F7D195F9DE00904208BF03
:100F600085F8DE3004EB420393F9EE3081F8EE3081
:100F70001346D6E703213846FFF73EFE1423B0227E
:100F800003FB06431A73104A0244927AD8E7FF2201
:100F900003FB06431A732F221A6100236363E6E6FC
:100FA00094F84450013DEDB284F84450002D7FF494
:100FB000E2AEB4F85C00394608EB4000FFF734FEBF
:100FC000FF280544F5D0D7E6F86C021010B51424BC
:100FD000026B04FB020308330B60FFF775FE012070
:100FE00010BD002310B50268ADF5027D12684360A4
:100FF000C0E90D230363836080F83C304FF4007335
:101000000446019302AB00F5927200F134010093A3
:1010100040304FF4C073FFF73EFB2046FFF754FE0D
:101020000DF5027D10BD70B5044640F224400E4619
:1010300001F000FF0C23054603FB06440460FFF7A4
:10104000D0FF284670BD4FF00043C36003606FF0CF
:101050000043C0E90133704783688B4205DD81603E
:101060004368934206DD42607047C3688B42B8BF55
:10107000C160F5E703689342B8BF026070470000A3
:10108000F8B507684679044638460D4621F056FB08
:1010900026B12379834201D90020F8BDA379834288
:1010A00013D2FA5CAA4212BF00230133DBB2A37150
:1010B0000023E371206821F041FBA3798342EBD345
:1010C00094F90730B342E7DB03E094F90730B34209
:1010D00003DB00230120E380DFE7024AD55401331C
:1010E0005BB2E6E742CD03200B4642790149184640
:1010F00021F0AEBA42CD0320704770477047704769
:1011000070B505460024074E88B0AC4201D108B046
:1011100070BD0134234632462021684601F07DFC33
:10112000F3E700BF7B2A0210704710B50B1482B2A0
:101130005A430414634389B280B248436143114463
:101140001B04000C0844184410BD0A4680EAE071F4
:1011500082EAE273A1EBE071A3EBE273B3EBA13F90
:1011600010B5044607DC90EA020F54BF6FF0004050
:101170004FF0004010BDC1170904D31741EA1441D4
:10118000000421F01DFBF5E7034B186001230370F9
:1011900000234370704700BFD47903202DE9F04F3E
:1011A000A44B91B01B680A90002B00F01B830A9A95
:1011B000B2F800B0BBF1010F40F2BB809E4B04328D
:1011C0001B6801920B93012303939C4B07939C4B49
:1011D00008939C4B0693019BD8789A785D78079B7F
:1011E00052001B6842EAD51233F91220089B1B6893
:1011F00053F82240069B24F07F491F6807EB090340
:10120000DA785E7812F0010E1FBF9978894CC91800
:10121000897900EB060818BF54F821108A4C08BFE2
:10122000991D94F800C00296E0454FEA920A04DD49
:10123000ACEB0004002C029472DD844C94F800C0E6
:10124000604509D2029EACEB0004A642099467DD1A
:10125000341B02940AF1060A17F809404FEAC21833
:1012600008F4807848EA04089C78019A06347444AB
:101270001278234405F0010400EB800042EA0422C6
:1012800002EB80120B9800EB0209C5F345020592B0
:10129000BAF10B0F44D8DFE81AF0C0017D010C0051
:1012A000FF00260253004300FC01F101430043000C
:1012B0004F004E46029A6AB302EB820C06EB8C1C7E
:1012C0004FEA680708F0010E28F0010A30469FB186
:1012D000B01CDD1913F8012B023012F00F041CBFF3
:1012E0000C5D00F8044C12091CBF8A5C00F8032C4A
:1012F000AB42EFD106EB0A00BEF1000F06D01A7820
:10130000013312F00F021CBF8A5C027006F5A07652
:101310006645DBD1059B002B57D10A9BB3F800B083
:10132000039B019A013304329B45039301923FF7DB
:1013300052AF11B0BDE8F08F099A02EB420213449C
:10134000029C002CE6D0A8F1020B2BF003010D4605
:1013500048464E1C04910F968E1C033104EB840CFE
:10136000A9F102020E91691C0233424409EB8C1C64
:1013700008F1FF3E09F10104A8F1030A0D960C9152
:1013800013F8021CB8F1020F04F8011C0FDDBAF1CA
:10139000050F05D9511C5D1EA94259D99C4257D24F
:1013A000014613F8015C01F8015F9142F9D113F88D
:1013B000031B00F5A0706045517004F5A07402F5A0
:1013C000A072DDD1059B002BA7D0019A93785278AB
:1013D0005B0043EAD213142B029B08BF08F1FF38CD
:1013E000002B9AD0059B03FB08F1002995DD4B1ECD
:1013F000052B08F1FF3E03D9BEF1020F00F2BA81BE
:10140000029B03EB830409F1FF3309EB84141944B5
:1014100009EB0E0213F8010F8B4202F8010FF9D10C
:1014200009F5A0794C4503F5A0713FF476AF09F1B9
:10143000FF33EDE70C710320FCBC0120608003202A
:101440007C69032068180020641800207BD20320E8
:101450000025214613F8017C0C9E67F3070567F30E
:101460000F2567F31745861967F31F6541F8045B7D
:10147000B142FBD10499594599D00F9D13F8011C35
:1014800041550D9D754592DA41550E9D75458EDA93
:1014900013F8011C41558AE7029A002A3FF43AAF3B
:1014A00002EB820209EB8212CDF810900C9209EB4C
:1014B000080B049E1A78FF2A00F051815F781644C9
:1014C000032F03F1020A40F246813D1FAD0803F1EC
:1014D000080205EB450414440533301D13F8012CB4
:1014E00013F802EC13F803CC120442EA0E2242EA8B
:1014F0000C020CF03F0C11F80CC0033300F804CCC4
:10150000C2F3851C11F80CC09C4200F803CCC2F356
:10151000053C11F80CC04FEA924200F802CC8A5CFC
:1015200000F1040000F8052CD8D1013506EB850642
:1015300005EB45050AEB050317F003071ED01878E5
:10154000012F00F03F028A5C327000F0FE805A7872
:10155000022F4FEA820242EA901202F03F00085C3A
:10156000707000F0F58098780336000140EA92121E
:1015700002F03F028A5C033306F8012C5E4599D1E4
:10158000049A0C9802F5A072904204920BF5A07B8D
:101590008FD1BFE6CA46029A002A3FF4C1AE02EBE1
:1015A000820B0AEB8B1B0AEB080E56461A78FF2AB1
:1015B00000F0C18093F801C01644BCF1010F03F1A3
:1015C000020440F2B680ACF102077F08FA1C134413
:1015D000B01C14F8012B023002F00F054D5D12090A
:1015E00000F8045C8A5C9C4200F8032CF1D10137BE
:1015F00006EB47061CF0010F1FBF13F8012B02F08A
:101600000F028A5C06F8012B7645CFD10AF5A07A45
:10161000DA450EF5A07EC8D17CE6029A002A3FF496
:1016200079AE4E4602EB820209EB821E4FEA680752
:1016300008F0010C28F0010A30468FB1B01CDD190A
:1016400013F8012B023002F00F040C5D120900F8B0
:10165000044C8A5CAB4200F8032CF1D106EB0A0083
:10166000BCF1000F05D013F8012B02F00F028A5CC9
:10167000027006F5A0767645DED14BE6099808F1B2
:101680000102521000EB800600FB023309EB8616C4
:1016900010E6099A551E002A00F0C780002211E0CA
:1016A00058780128A0F1020323F0010704EB53034B
:1016B00092BF2346BA190133C00744BF0132013338
:1016C000904507D018789C1C0244FF2802F10206BE
:1016D000E6D10133013DE1D2099A099502EB820A74
:1016E00009EB8A1A57E7029A002A3FF413AECC4658
:1016F00002EB820E09EB8E1E09EB080765461A788D
:10170000FF2A2ED05E782A44023336B31846951944
:1017100010F8014B0C5D02F8014B9542F8D13344AF
:10172000BD42ECD10CF5A07CE64507F5A077E5D1EC
:10173000F0E523465EE70AF5A07ADA4503F10103F6
:101740000EF5A07E7FF431AFE4E50133013615E7F5
:101750000233023612E75346EEE61546E0E7013360
:101760000EE70CF5A07CE64503F1010307F5A07731
:10177000C4D1CFE521F0030C6546029B0CF10106B4
:1017800003EB830309EB831A0CF102070CEB08034C
:1017900009EB080406EB080B0293B8444A462346BB
:1017A00005EB040E52F8040B43F8040B7345F9D112
:1017B000A94210D019F80C30029AB14209F802304F
:1017C00009DD19F80630B94209F80B30C4BF19F821
:1017D000073009F8083009F5A079D14504F5A0745F
:1017E000DCD19AE5134B144A1868144B11681A6837
:1017F000B0F91031124C51F8233023F07F430633F7
:1018000013442360B0F96A31B0F94E0151F8233026
:1018100051F8201023F07F4321F07F410633063139
:1018200013440A446360A260C1E44FF0FF32CA4629
:101830000992B0E6608003207C69032068180020CC
:101840000C710320F0B51F4C246825886688AE42D1
:1018500037D31D4E04EB8505366802F0010E36F9CC
:1018600012701A4EC2F34702366856F82760184FB6
:1018700026F07F463F6837443E7997F805C06F7879
:10188000AA7007F07F0747EACE176F7022884FFAD9
:101890008CF5401B04F8220004EB82025578C0F35B
:1018A000002025F00105284350702288891B04EB95
:1018B0008202D170517863F346015170238801335D
:1018C0002380F0BDD4790320608003207C6903204D
:1018D000681800200023FFF7B5BFFFF7FBBFFFF735
:1018E000B1BF7047024B1A68024B1A60704700BFC5
:1018F000E02B0020FCBC012038B5054600F094F830
:10190000044628B929460C4803F046FD204638BD58
:101910000A4B0B491B680B485A680A6099680A32DF
:101920001944016003F10C00074903EB8203074AE5
:1019300008601360EAE700BF912A021068180020CF
:10194000846A03207C690320648003207869032073
:101950002DE9F047074600264FF00C0A104BDFF840
:1019600044801B68DD8A741904EBD47464100AFB8C
:1019700004F9D8F800103846494401F0C4FE0028A4
:1019800006D1D8F800304B44B3F90A00BDE8F0871F
:10199000B4BF2546661CAE42E5D14FF0FF30F5E7F7
:1019A000648003207869032008B5FFF7D1FF002881
:1019B00000DA00BE08BD0000084B1B68984200D347
:1019C00000BE074B1B6803EB800253F820005368EE
:1019D0001B1A23F07F43A3EB90707047846A0320A7
:1019E0007C69032008B5FFF7DFFF054B054A1B683C
:1019F00053F82030106823F07F43184408BD00BF1F
:101A00007C69032068180020024B1B68984200D3B1
:101A100000BE7047846A032008B5FFF7C5FFBDE824
:101A20000840FFF7F1BF0000014B1B68184700BFDB
:101A300010210310704738B505461C466B681046E8
:101A40001944224620F004FE204638BD08B5094B53
:101A50001A78492A08D15A78572A05D19A78482AFB
:101A600002D1DB78582B03D00249034802F032F947
:101A7000024808BD00800410A42A02101C21031093
:101A800020B100F1006000F5404080007047000088
:101A900068B1074B074A0344934201D8830700D03B
:101AA00000BE00F15F4000F57D00C0F38F0070477D
:101AB000FCFFFCDFFBFF03000138704713B501A8F2
:101AC00001F032F904460F4B01461860019B44F8BF
:101AD000103B2046FFF7DCFF0123C88088808B7213
:101AE000CC60081DFFF7D4FF04230A688B75B2F1A0
:101AF0000D0348BFA2F10A039B10088248828B8223
:101B000002B010BDA8690320042238B500F8022CE9
:101B10000346A0F1080430F8060CFFF7B1FF827904
:101B20000146042A14D1828833F8040C024433F8A5
:101B3000080C8A800880FFF7A3FF05460846FFF7D8
:101B4000A7FF124B68801B68DA6894421BD00C46D2
:101B50002088FFF795FF83790146042B12D18388F3
:101B6000A28800881344A3802080FFF789FF0546E0
:101B70002046FFF78DFF054B68801B68DA688A42B4
:101B800008BFDC6038BDD960E1E700BFA869032069
:101B90002DE9F843364B0330D3F8008020F00305DD
:101BA000D8F80C300F465888FFF76AFF827905F1A4
:101BB0000806042A08BF03465888FFF761FF1C4641
:101BC00081464B4502D12B4802F084F89A79042AC9
:101BD0004BD0062A38D81888FFF752FF0346044630
:101BE000A0790428EDD1A188B6EB810F4FEA8102DC
:101BF000E7DC931B402B1BDDA1199B108B808871A8
:101C00002046FFF745FF48802088A053FFF738FFA4
:101C100006460846FFF73CFF70800846FFF738FF8E
:101C200015F10B0348BF05F10E039B102080A38024
:101C30002088A771FFF724FF0023C8F80C00204676
:101C400040F8083FBDE8F8836088FFF719FF0446B5
:101C500003F10800FFF758FF2088FFF711FF044643
:101C60000088FFF70DFF0346BAE71888F9E700BFC1
:101C7000A8690320CB2A0210F8B50E4B05461C6854
:101C80000E4634F8040FFFF7FBFE0346A34200D1D3
:101C9000F8BD1888FFF7F4FE9A790746042A07D0A2
:101CA000AA4205DBB24203DC03F10800FFF72CFF78
:101CB0003B46EBE7A869032070470000044B187807
:101CC00020B1044B1868003818BF0120704700BFCE
:101CD00008CD03207C6A032010B504460068FEF797
:101CE000CFFF074B1968074BA0FB01011A680023BF
:101CF00020F05EFD2346BDE81040034A03F0FEBF1E
:101D00002473032064720320812400102DE9F0471E
:101D100005461E4F1E4EDFF87C80DFF880A007EBE3
:101D200080093368AB4205DC00231A4A3360136034
:101D3000BDE8F08757F8254094F90030E189A08983
:101D4000B0331843090A03F06CFF002348462946C4
:101D500063616371336894F803C0013B33608B4265
:101D60000EDCD8F800305A1CC8F800204AF823408E
:101D7000BCF1000FDCD0084B1B78012BD1D9D7E781
:101D80004268013140F8042BE9E700BF8C7703205B
:101D9000D4770320207803206E180020D877032002
:101DA000F0B4044600200C4B4FF400411A6803467F
:101DB0000A4D033A9A4202DCF0BCFFF7A7BF55F880
:101DC000047BBE7A8E4204DA7F69A74224BF314683
:101DD00018460133EEE700BFD47703208C77032049
:101DE00038B50C4605460979E2B141F03F0119705A
:101DF00005F1400003F015FF217805F1200003F004
:101E000010FF617805F1600003F00BFFA17805F188
:101E1000800003F006FFE17805F1E000BDE83840FE
:101E200003F0FFBE62791143E1E700004269F8B5B3
:101E300081711F4B5268C9B29D5C5B5C01356D00BE
:101E40005D43C1796D0AC5F13F0501F03F03AB4227
:101E500004460669C7782AD021F03F01294390F94A
:101E60000230C9B2C17180894033184306EB0716AE
:101E700003F0D7FEB37ADB0719D5717A3F2916D064
:101E8000227A02F0C003A9422CBF0B432B439A4293
:101E90000DD02372317A94F90120A08901F0C0019C
:101EA000403219431043BDE8F84003F0BABEF8BD14
:101EB0006E2103100E4B70B51B6881609942054678
:101EC00028BF194622B10B4B1B68994228BF1946FF
:101ED0000926094C69606369AB4203D12046A179A8
:101EE000FFF7A4FF013E04F11804F4D170BD00BF58
:101EF00010BC0120287203202478032038B5016922
:101F000004460A884379D207C07806D401EB001250
:101F1000B2F912201344002B2ADB5F2B2ADC9A1C17
:101F200063691B6903EB421318B18A785208403A7F
:101F30001344002B1B481FDBB3F58E7F1EDA30F8ED
:101F40001350E389AB4212D094F90030A089A0333A
:101F50001843E9B203F065FE94F90030A089B0336C
:101F6000290A41F02001184303F05BFEE58138BDEA
:101F70000C33D0E70C3BD0E70023E0E74FF4C0720E
:101F8000A3F58E73B3FBF2F1B3F5286F02FB1132A8
:101F9000A8BF072102F58E7230F8125045EA81255C
:101FA000CFE700BFEE2103102DE9F8430E46DDE92F
:101FB00008E73E49DFF804C109789846002918BFB0
:101FC0001546DCF8002008BF0025002A6CD0013A35
:101FD000CCF800204FF0000C35490C6862455DDC00
:101FE00034490A6802F1010CC1F800C0324941F8D5
:101FF0002240002C58D084F804E032886061D30776
:102000004CBFF3785FFA88F36371C3686372236926
:102010009E4202D1E3789D4235D094F902C04FEA46
:102020000518A089E57008F10B0106EB05154CEACF
:102030000000012295F80A90E31D31442661FFF764
:10204000CFFE94F901C0A08909F0010908F104014B
:102050004CEA00004A4604F108033144FFF7C0FE91
:1020600094F90030627AA97AA089C03311431843E9
:1020700003F0D7FD6B7B2A7B03F00F0303EB1213F6
:10208000C3F11E03A37220463946FFF7CFFE00239B
:102090002046E381BDE8F843FFF730BF4B680CF101
:1020A000010C41F8043B99E7BDE8F8836E18002065
:1020B000D8770320D47703208C770320207803205F
:1020C000034B1B780BB1FEF7E5BD1846704700BF08
:1020D00008CD0320F8B50C4B05461A68824212D091
:1020E00000260A4C186004F596770F2E19BF20467B
:1020F000A1682946384600220136FFF7DBFE102E84
:1021000004F11404F1D1F8BD10BC012094B10120F8
:10211000034B1B7813B1002003F016BE704700BFBD
:1021200008CD03202DE9F0472A4B05461B780C46C5
:10213000002B4CD000284AD0FEF79EFD800000F016
:1021400079FEDFF8BC80244FC8F800002846FEF76F
:1021500093FD224B38601860214B28461C70FEF717
:1021600097FD00241F4B204A1860204E204B1A6018
:102170003268204B1A603B689C4219D300223168B8
:1021800064256429A8BF6421302410461A4B1F68B7
:102190001A4B0132102AC3E90115C3E903401F603D
:1021A00003F11403F5D10020BDE8F04703F0CCBDE6
:1021B00021462846D8F80090FEF735FF09EB840A3F
:1021C00049F824005046FFF787FD0134D3E7BDE806
:1021D000F08700BF08CD03207C6A0320A470032091
:1021E00075D103206472032020A1070010BC0120D8
:1021F0002473032028720320A469032094B10120D2
:1022000018730320034A127812B108B1FEF732BDE9
:10221000704700BF08CD032038B5204B204CB3F9E0
:10222000000003F0CFFC002003F014FD01211D4845
:10223000FFF7D8FB1C4B00F108021A601B4A00F59F
:102240009053083313601A4A00F5C55304331360E2
:102250000922184B00F5225024301860164B1748FD
:102260001A6000231946164A1360164A50F8045B98
:10227000137055700133056A092B957091811161B6
:1022800044F8042B02F11802F0D101200E4B196022
:102290000E4B19600E4B187038BD00BF6C18002033
:1022A000D8770320D92A0210A4690320E86A032002
:1022B000A0690320EC6A032020780320282703105C
:1022C000D477032024780320187303207C6A03202A
:1022D00008CD0320F8B505460024084E084F3368A2
:1022E0009C4200DBF8BD57F824305B69AB4203D158
:1022F0002046FFF70BFD013C0134F0E7D4770320C3
:102300008C77032070B5144B1B781BB303F00CFDC6
:10231000002403F001FD114D28460134FFF7DAFFD8
:10232000102C05F11405F7D100240D4E0D4D2B682E
:1023300030689C4208D300F0ABFD002333602B6073
:10234000BDE8704003F0F8BC50F82400FEF796FC9E
:102350000134ECE770BD00BF08CD032094B101202B
:10236000187303207C6A032010B5064C237843B110
:10237000FFF7C8FF03F034FC0348FFF74DFB0023D1
:10238000237010BD08CD0320D92A021083682DE9DF
:10239000F041092B10D00F2B08BF09231422002471
:1023A0000D4DC76802FB03550C4EDFF834803368CF
:1023B0009C4203DBBDE8F0810F23EFE758F824309F
:1023C0005A69AA4206D11B799F4203D12046FFF7E2
:1023D0009DFC013C0134EAE794B10120D47703204D
:1023E0008C7703202DE9F0411D4A137813F0010486
:1023F00004D043F002031370BDE8F081194E23F0BE
:1024000002031370184D3268184B194F1A602A686E
:10241000184B1A6033689C4214D32968102264292F
:10242000A8BF6421642530240020134B1E68134B81
:10243000013AC3E90115C3E903401E6003F1140327
:10244000F6D1D9E73B684FEA840853F82400FEF739
:10245000C8FD386801344044FFF73EFCDAE700BFAE
:102460007CCD03207C6A032010BC0120A4700320D3
:102470001873032028720320A469032094B101205B
:102480002DE9F04FA9B0824603A90068FEF79EFD32
:1024900018B3039B1A79C02A00F0008120D8902A33
:1024A00038D0B02A00F0E080802A38D0039B1A7917
:1024B000FF2A40F053819B682F2B40F04F81A94A9F
:1024C0001368013B136043B9A74A12782AB141F25D
:1024D00088300021A54A03F011FC29B0BDE8F08F37
:1024E000E02A00F0EE80FF2AE0D1D3E903129B68D6
:1024F000512BDBD10329D9D154781378240244EA33
:10250000034493789A4D1C432146286803F024FC29
:102510002C60CBE7D3E90368B8F1000F03D118466C
:10252000FFF734FFC2E79B68092B3BD1A6F12303D9
:102530002E2BBBD824233C2773438E4AA3F2EC43B3
:1025400015688D4A8D491D4413688D4CCE54013356
:1025500003F00F0313608B4BB5F800901B7809F064
:102560000409002B3CD0012B45D0874B186848B993
:10257000864B874AD3F800E093460346734562DBF7
:10258000FFF7C4FB3B46002229462046CDE9006800
:10259000FFF70AFDB9F1000F88D03B460122CDE9D3
:1025A00000684BE00F2B7B4A07D0142404FB032464
:1025B00014214B433746D558CDE7092302F1B40423
:1025C000F6E752F8041BD1F814B05EF82010496900
:1025D0008B4588BF184601339C45F2DCFFF796FB1C
:1025E0006A4BD3F800C0BCF1080F20D90020684A1C
:1025F00003469646F0E7DFF894B1DBF80030092B8C
:1026000002D12046FFF7CCFBDBF80030082B0ED1BF
:10261000B9F1000F0ED02046FFF7C2FB3B46012266
:1026200029462046CDE90068FFF7BEFC02E0B9F17B
:10263000000FF3D13B460022CDE900682946204631
:10264000FFF7B2FC32E752F804CB9CF8031049B90B
:102650005BF82010DCF814C049698C4528BF184687
:1026600001338BE71846FBE79A68092A10D00F2A36
:1026700008BF09221421474801FB0200D3E90321C6
:10268000072A07D07B2A7FF411AFFFF723FE0DE75F
:102690000F22EFE70122FFF70DFC07E79A68092AEE
:1026A0000DD00F2A08BF0922142124204A43D968DB
:1026B000394B1B6800FB013336498B50F6E60F227D
:1026C000F2E79A68092A25D00F2A08BF09220024B8
:1026D00014202F4F2546B946A3463E462D491B6977
:1026E00000FB0218403B294AC8F8103013689B458C
:1026F00012DB002316AAA3422AD1002204A906EB6A
:102700008303AA423FF4D2AE51F8040B013243F8DE
:10271000040BF6E70F22DAE7D9F8000043694345D6
:102720000FD1FFF7EBFB28AB03EB8501D9F80030A5
:10273000164A41F8903C01350BF1010B09F10409EF
:10274000D4E728AB03EB840343F8480C0134F3E7E8
:1027500052F8041B013347F8041BCCE75046FFF73F
:10276000BBFABAE6A470032075D10320E52300105C
:1027700024730320E86A0320306903204BC603203A
:10278000C0B201206E18002020780320D4770320E7
:102790008C77032094B10120A469032070B50F4BFE
:1027A0001B78CBB1012003F0CFFA00250C4C0D4E65
:1027B000636963B1226933689A4208D294F90030A0
:1027C000E189A089B033090A184303F02AFA0135D8
:1027D000092D04F11804EBD170BD00BF08CD032012
:1027E00024780320E86A0320014B1870704700BF6B
:1027F0006E180020084B10B51B785BB9074CA36816
:10280000984708B1064B1C60064CA368984708B16E
:10281000054B1C6010BD00BF69D103207418002057
:10282000A071032038210310646A0320034B1B6846
:102830000BB11B6918471846704700BFA0710320F1
:10284000074B10B51B680BB15B699847054B1B68BC
:1028500023B11B6B13B1BDE81040184710BD00BF7A
:10286000A0710320646A032030B4094C029D2468DF
:102870005CB1FE2BA8BFFE230295E46923EAE37353
:10288000A44630BC82F307026047204630BC704744
:10289000A0710320024B1B680BB11B6A18477047DD
:1028A000A0710320034B1B680BB15B6A18471846E5
:1028B000704700BFA0710320034B1B6813B19B6AD4
:1028C00003B11847704700BFA07103207047000094
:1028D000024B1B680BB11B6918477047646A0320E1
:1028E000024B1B680BB15B6918477047646A032091
:1028F000024B1B680BB19B6918477047646A032041
:10290000034B1B680BB1DB6918471846704700BFC3
:10291000646A0320024B1B680BB11B6A184770479F
:10292000646A0320024B1B680BB15B6A184770474F
:10293000646A0320024B1B680BB19B6A18477047FF
:10294000646A0320704700001FB5164B164ADB6807
:102950000F2083F4007383F00303C3F30A03D360EF
:1029600001F0BEFD4FF47A70002101F0D5FA0F4856
:1029700003AB02AA01A901F0E5FC18B90B490C4808
:1029800001F0A8F9DDE90212019801F0ABFC02F0B8
:10299000C1FC00F01DFA07F0BDF8002005B05DF89D
:1029A00004FB00BF00000D4000100D40400D03006F
:1029B000E12A02100649013810F8013F03B97047B7
:1029C000CA5C02F00302022A08BF203B0370F3E74F
:1029D00025C0031038B504460D4662B10023013A04
:1029E00083541FF0C7FC20461FF0A8FE285CB0FAF5
:1029F00080F0400938BD1046FCE738B505460C4666
:102A000049B102F041FB002801DBA04202D30023C0
:102A1000601E2B5438BD0846FCE70CB407B504AB68
:102A200053F8042B0193FFF7E8FF03B05DF804EBC4
:102A300002B07047F8B51AF0EFFDAE21AC20AD251D
:102A4000AF249D22134B5B271970134B134E187044
:102A5000134B1D70134B1C70134B1A70B62333703D
:102A6000124E3370124E3370124E37705D27124E75
:102A70003770124E3570124D2C70124C2070124867
:102A8000017012490B7012490A7012490A70124AF9
:102A90001370F8BD63180020621800205C18002035
:102AA00061180020601800205D1800205B180020CD
:102AB0005A18002040C603203FC603203A180020C1
:102AC0003918002038180020371800203618002048
:102AD0003518002034180020331800207FB5B1B11C
:102AE00000238DF800300D4BCDE901001B780390D9
:102AF000834203D00A4B1B78834202D16846FDF71C
:102B000093FE6846FDF790FE07B05DF804FB0123D5
:102B1000CDE901018DF800300391F2E76218002041
:102B2000631800202DE9F0411AF064FE32284FF0BE
:102B3000000405461E4B1F4F1F4EDFF8808035D026
:102B4000142831D0A04229DA10F1140F00DB1C78D0
:102B50001878A0420ABF012100212046FFF7BEFFDE
:102B600098F80000A0420ABF012100212046FFF78B
:102B7000B5FF3878A0420ABF012100212046FFF7A7
:102B8000ADFF3078A04206BF012120460021FFF7AB
:102B9000A5FF281E18BF0120BDE8F081D8D0142859
:102BA000D8BF98F80040D3E73C78D1E73478CFE736
:102BB000621800205D1800205C18002063180020B7
:102BC00000297FB515BF0346002300220122CDE96D
:102BD000010368468DF800200393FDF725FE07B03A
:102BE0005DF804FBF8B51AF067FEAE21AC20AD2508
:102BF000AF249D22134B5B271970134B134E187093
:102C0000134B1D70134B1C70134B1A70B62333708B
:102C1000124E3370124E3370124E37705D27124EC3
:102C20003770124E3570124D2C70124C20701248B5
:102C3000017012490B7012490A7012490A70124A47
:102C40001370F8BD63180020621800205C18002083
:102C500061180020601800205D1800205B1800201B
:102C60005A18002040C603203FC603203A1800200F
:102C70003918002038180020371800203618002096
:102C800035180020341800203318002038B51AF009
:102C900027FE044658B9114B01461878FFF790FFFC
:102CA00021460F4B1878BDE83840FFF789BF431E17
:102CB000012B12D8094B022C1878094D0BD12C7816
:102CC000A04205D10121FFF77BFF2B78A34204D15D
:102CD00001212046E7E70446F4E738BD61180020EB
:102CE000601800200122014B1A70704770180020F4
:102CF0000022014B1A70704770180020704708B509
:102D0000FFF798FEBDE80840FFF76CBF08B5FFF776
:102D100009FF012803D0BDE80840FFF7B7BF08BD91
:102D20003220FFF7F3BF7047102310B50C4C0D494C
:102D300024F00304C4F1005202F5E0228C42026048
:102D400006D800BE24B9013B032BF7DC00BEF5E733
:102D500002682146044802F01FFB204610BD00BF58
:102D600024D30320000003202C2B021070B505464D
:102D70001FF0E4FC00264408C4F12304A64204DB4F
:102D80002846BDE8704002F0D8BA202002F0C7FA09
:102D90000136F3E710B54B243D2002F0C0FA013CA8
:102DA000FAD10A20BDE8104002F0B9BA10B50446C5
:102DB000FFF7F0FF2046FFF7D9FFFFF7EBFF0348CF
:102DC00002F0BBFABDE81040FFF7E4BF542B02103D
:102DD000FFF795BF00B595B0FFF7ACFD10481FF0A9
:102DE0000BFDC8B101240E481FF002FD0D4B0E482B
:102DF0001C701FF005FD0D4B1C7000231A46194670
:102E00001846FFF76FFF00238DF80030084BC3F81A
:102E100000D0FFF715FDFCE7FFF712FDDEE700BF6E
:102E200004BD01200DCD0320986E03209EC1032018
:102E300070BE01204FF050431B6810B5044623B10B
:102E4000054B1B780BB101F067FC2046BDE8104034
:102E50000121FEF79DBE00BFB9C3032038B54FF076
:102E600050431B6804460D4623B1084B1B780BB139
:102E700001F052FC6C4301212046FEF789FE054615
:102E8000224600211FF024FA284638BDB9C303208A
:102E90004FF050431B6810B5044623B1044B1B7818
:102EA0000BB101F039FC2046BDE81040FEF72CBE06
:102EB000B9C3032008B501F029F84FF47A72002352
:102EC0001FF076FC2323584308BD08B501F01EF817
:102ED0004FF47A7200231FF06BFC08BD00F0D3BFE3
:102EE000704700005A4B2DE9F0411D68CB1003EBF1
:102EF0008303B0F5226F05EB431511D3554B1A68C8
:102F000062B15A68002A00F0A0809A68002A00F096
:102F10009A80DA68002A14BF0422032243F82200B0
:102F20004D4B01F007011B684FEA410CDB0644D40E
:102F30004A4B4B4CAA1C05F1A20812F8011C4FEA9F
:102F4000111E01F00F06C90918BF2EF0080E34F843
:102F5000161034F81EE05980A3F800E012F8021CA5
:102F6000090111F80C1002254E002E409E5B0F0047
:102F70002F40DF5B3F043E4340C04E082E409E5B27
:102F80008F082F40DF5B3F043E4340C0CE082E40F9
:102F90009E5B0F092F40DF5B3F043E4340C04E095C
:102FA0002E409E5B8F092F40DF5B3F043E4340C0B5
:102FB00002329045C1D1BDE8F081284B284CA91CB4
:102FC00005F1A20811F8012C4FEA121ED6091ABF0A
:102FD0002EF0080E724602F00F0234F8122034F878
:102FE0001EE05A80A3F800E011F8022C120112F83A
:102FF0000C20022556002E409E5B17002F40DF5B01
:103000003F043E4340C056082E409E5B97082F4029
:10301000DF5B3F043E4340C0D6082E409E5B17094D
:103020002F40DF5B3F043E4340C056092E409E5B6D
:1030300097092F40DF5B3F043E4340C00231884583
:10304000C0D1BDE8F081022268E7012266E700BF37
:1030500058720320DC700320B8BE012070A3032047
:103060008E27031070477047014B1870704700BFE0
:1030700071180020704700002DE9F04F034C83B019
:103080002678022E04D803B0BDE8F08FBCC303201D
:10309000DC4B98221D68002105F698001FF018F9F6
:1030A000C822002105F5FA601FF012F94FF498725A
:1030B000002105F5D4601FF00BF9D34B19784FF4BC
:1030C000187303FB01F101F5F071685A2944421E9F
:1030D000002A0FDD00F6980001EB82012844CB782E
:1030E00004392B4493F8D07700F8017D83F8D0277A
:1030F000013AF4D1DFF8388398F900305A1C00F017
:103100007681C24D2A68002A00F0FF81C049087804
:10311000C0490091C0490191002800F0B381002B03
:1031200000F0B081082B40F335820C2B00F34F8266
:1031300045274FF0BA0B4FF0D70A083B5B03B74D5A
:10314000D01C2C4605F5007910F8021C10F8032C51
:10315000ABEB010C03FB0CFCAAEB020E03FB0EFE17
:1031600001EB2C41C91010F801CC02EB2E42890171
:10317000D21041EAC222A7EB0C0103FB01F10CEBD8
:10318000214C42EAEC0224F8022BA14500F1030095
:10319000DAD1019BA24F1868009B1968FF2388F8B9
:1031A0000030A04B1C683B7834F9133050F82320D2
:1031B00022F07F420A4492F806C0137B35F81CC007
:1031C00035F813E0984BA3F800C092F807C035F823
:1031D0001CC0A3F802C092F808C035F81CC0A3F8C0
:1031E00004C092F809C035F81CC0A3F806C092F8D4
:1031F0000AC035F81CC0A3F808C092F80BC0A3F8A9
:103200000CE035F81CC0A3F80AC092F80DC035F8E0
:103210001CC0A3F80EC092F80EC035F81CC0A3F86D
:1032200010C092F80FC035F81CC0A3F812C092F875
:1032300010C035F81CC0A3F814C092F811C035F8BE
:103240001CC0A3F816C092F812C035F81CC0A3F831
:1032500018C092F813C035F81CC0A3F81AC092F831
:1032600014C035F81CC0A3F81CC0527D35F81220DC
:10327000DA837A7834F9122050F8222022F07F4243
:103280000A4492F806C035F81CC0A3F820C092F892
:1032900007C035F81CC0A3F822C092F808C035F862
:1032A0001CC0A3F824C092F809C035F81CC0A3F8CC
:1032B00026C092F80AC035F81CC0A3F828C092F8BE
:1032C0000BC035F81CC0A3F82AC092F80CC035F822
:1032D0001CC0A3F82CC092F80DC035F81CC0A3F890
:1032E0002EC092F80EC035F81CC0A3F830C092F87A
:1032F0000FC035F81CC0A3F832C092F810C035F8E2
:103300001CC0A3F834C092F811C035F81CC0A3F853
:1033100036C092F812C035F81CC0A3F838C092F835
:1033200013C0BF7835F81CC0A3F83AC092F814C097
:1033300035F81CC0A3F83CC0527D35F81220DA875E
:1033400034F9172050F8222022F07F420A44917964
:1033500035F81110A3F84010D17935F81110A3F801
:103360004210117A35F81110A3F84410517A35F84B
:103370001110A3F84610917A35F81110A3F84810EF
:10338000D17A35F81110A3F84A10117B35F81110D5
:10339000A3F84C10517B35F81110A3F84E10917B17
:1033A00035F81110A3F85010D17B35F81110A3F89F
:1033B0005210117C35F81110A3F85410517C35F8D7
:1033C0001110A3F85610917C35F81110A3F858107D
:1033D000D17C35F81110A3F85A10117D35F8111071
:1033E000A3F85C10527D35F81220A3F85E20052E5C
:1033F0007FF449AE0D4C2378C82B3FF644AE024B08
:103400001B7817E0D8790320BBC303205C6E032030
:10341000EFC10320681800207C690320E6AE03207A
:103420000C21031060800320080B08201DD303200B
:1034300071180020002B40F08580C821674D684836
:1034400016E00F2E06F1010200F3B580C2F34F0221
:10345000324492B227F80C20D6B207689142FE544B
:1034600003F10103A8BF1146B3F5A07F00F0AC80C3
:103470002F684FEA430C37F91360002EE1DA00267B
:103480003246EAE703EB430302EB0323554A92F982
:103490000020C2B9544DDA1C294605F5007012F817
:1034A000033C12F8024CDB1012F8017CE410DB0242
:1034B00043EA841343EAD70321F8023B884202F12E
:1034C0000302ECD165E6484D48492846013A0333EA
:1034D00001EB022105F5007413F8022C13F803CC5C
:1034E0008A5C13F8017C11F80CC0D210CF5D4FEA52
:1034F000EC0C920142EACC2242EAD70220F8022BDD
:10350000844203F10303E7D143E63948FEF74CFA5E
:10351000384B394901931B68009153F820200B6800
:1035200022F07F4213442B60FEF746FAA0F540706C
:10353000B0FA80F0314B400918702A68267898F963
:103540000030E9E50023C821244D254814E00F2E62
:1035500006F102022ADCC2F34F02324492B227F88B
:103560000C20D6B207689142FE5403F10103A8BFB4
:103570001146B3F5A07F27D02F684FEA430C37F9E7
:103580001360002E06F10102E1DA002627F813206D
:103590003246E7E700271A491B0481FB0301DB17CA
:1035A0004FF0FF0ABB46C3EB6103C8E5C42E07DD3D
:1035B000C8263246D6E7C42E04DDC82632464CE77C
:1035C0000422CAE7042243E7C9B221705BE5002761
:1035D0004FF4807B4FF40053BA46B0E5708003206F
:1035E0006C80032078D20320E6AE0320076D021022
:1035F000802703107C69032068180020EFC1032096
:10360000398EE33808B504481FF0FAF81EF056FA70
:103610001FF0CAF8FAE700BFF4BB012010B500F0B4
:1036200051FB184B00211B681748B3F91021174BA9
:10363000174C1B6853F82220164B22F07F421B6860
:103640001344154A1360022200F00CFD02220121EE
:10365000124800F007FD01220021204600F002FD83
:103660001CF006F90E4801F0EBFF20461FF0C0F8F1
:1036700001230C4A0C4913700C4AC2F8E0100C4AA2
:10368000137010BD60800320986E03207C690320B6
:10369000F4BB0120681800203072032004BD012013
:1036A00005360010B9C30320FF00CEAC0020064051
:1036B00030C6032070470000024B1B780BB1FFF7A8
:1036C0002FBB704730C6032070477047704770B5F6
:1036D00005460024944214D0285D00B970BDA0F1C5
:1036E0004103192B0B5D98BF2030A3F1410698BF11
:1036F000C0B2192E9CBF2033DBB2C01AEED1013408
:10370000E8E70020EAE738B504460D461FF016F852
:10371000294602462046BDE83840FFF7D8BF70472B
:1037200070470000024B1A780AB100221A707047E5
:1037300076D103201FB5144B022118704FF480621C
:10374000124804F0ADFC124C124B2060186803A91B
:103750000390114804F0B0FA10B9104800F0BAFA1A
:103760000321132000F050FE002300931A4619464F
:10377000206804F043FB012004F090FB0120084B7B
:10378000187004B010BD00BF77D20320A418002029
:103790007C6E03208E280310AC1800206C2C0210C5
:1037A00076D1032010B5164B1B78FBB107281DD826
:1037B000C2F1FE034B4313F17E0F01FB02F216DB55
:1037C000B3F5FE4F15DA7F2193FBF1F312F17E0F73
:1037D00011DBB2F5FE4F10DA7F2192FBF1F24FF4CC
:1037E0008874084904FB00100374427410BD002360
:1037F000ECE7FF23EAE70022F1E7FF22EFE700BF53
:1038000076D10320D4B201201FB50C4AC3681278C8
:10381000002B08BF034652B10921094A01A8FFF74E
:10382000FCF801A8FEF7C0F805B05DF804FB09221A
:10383000194601A8FFF7CEF8F3E700BF77D20320BF
:10384000952C0210084A0346107860B1072B09D85E
:103850004FF48871054A01FB0323987C003818BF98
:10386000012070470020704776D10320D4B2012098
:10387000032A2DE9F74F064640F38480B1F9003062
:10388000181230708C78582C7CD8C878002879D1E0
:1038900047F6FF79043A9210D200501C04313218D6
:1038A000DFF8E8C0DFF8E8E0DFF8E880751C009199
:1038B0000192019A954266D0009A0026571E6A1C12
:1038C000114617F801AF3CF814B01AF0010F4FEA97
:1038D000EB0218BF02EB9B021AF0020F18BF02EBBB
:1038E0005B021AF0040F18BF5A441AF0080F0AF0CE
:1038F000070A5EF82AA018BF5242A2442AEAEA7ACE
:103900001A44BAF1580FA8BF4FF0580A4245B8BF41
:1039100042464A45A8BF4A46131205F816303C787D
:103920003CF81AB014F0100F4FEAEB0318BF03EB8A
:103930009B0314F0200F18BF03EB5B0314F0400F40
:1039400018BF5B4414F0800FC4F302145EF82440E7
:1039500018BF5B42544424EAE4741344582CA8BFB3
:1039600058244345B8BF43464B45A8BF4B461A129F
:1039700001F816200136042EA3D1009A083504322E
:10398000009296E7002003B0BDE8F08FDC2703101B
:10399000BC2703100080FFFF38B5D0E90015A9420D
:1039A000044602D10023837438BD6D1A802DA8BF50
:1039B000802514302A46FFF75BFF2368A0742B4450
:1039C0002360F1E72DE9F04F694B85B01B78002BA0
:1039D00000F0CB80674B0021186804F07CFB0446A4
:1039E000002800F0C280644B1968002974D0884711
:1039F000624800268046827C002A54D0037C90F8DE
:103A000013905B080193437C00275B080293C9F580
:103A1000807303934FF4887303FB06FB418908EB23
:103A20000B030B4493F914A0236812045D6804355A
:103A3000E368BB4237D9836835F804EC00930099FA
:103A400008EB0B0303EB114393F914C0039B01999B
:103A50000AFB03F30CFB0933002BB8BFFF334FEA1B
:103A6000232AC3F30F2311FB03FC0299F44411FB37
:103A700003F325F804CC35F802CC0099634425F80B
:103A8000023CC368194491422CD3891A816000908A
:103A9000FFF782FF0098817C83680A04B3EB014F33
:103AA00021D3002383740136082E00F58870A2D13B
:103AB000334AE0681378A060032B17D123680021F4
:103AC0001A6858681EF004FC21462A4B186805B095
:103AD000BDE8F04F04F0F5BA0368D3E900201EF00A
:103AE000F7FB85E7816001370435A1E71378002BE8
:103AF000EAD02368234FD3F804C013786146022B21
:103B000018BF6FF00706002340009842B7F800E0A6
:103B100021D90431BEF1000F08D11178012922D139
:103B2000002198421BD803231370CDE731F9045CC0
:103B300002330EFB05F52D1421F8045CB7F800E004
:103B400031F9025C0EFB05F52D1421F8025C3D886D
:103B500035443D80D9E7BEF1000FB5D1DDE72CF843
:103B600013100133DDE70023DEE705B0BDE8F08F79
:103B700076D103207C6E0320606A0320D4B201203A
:103B80003DC403207AA303202DE9F84F9846334B18
:103B90000D461B781746DDF82890002B5AD00729D0
:103BA00058D84FF4887400234C432D4E06EB040A7A
:103BB0008AF8123017F096FBB0F900B05846FDF7BE
:103BC000FBFE072834DD274B274A1B68116853F892
:103BD0002B3023F07F43CA18CB5C032B28D15378BA
:103BE000802B25D102F10803083833510344CAF869
:103BF0000430B9F17F0F4CF23423548820D12004D3
:103C0000B0FBF3F04FF4887303FB0566F0603046B9
:103C1000FFF7C2FE0023C922B3604FF44943634358
:103C2000544304F5421404F55064B3FBF4F3F37405
:103C3000424639462846FFF7B5FD2846BDE8F88FCD
:103C400004FB09F103FB09F20804D317090C1EF069
:103C5000AFFDD7E74FF0FF35EFE700BF76D1032088
:103C6000D4B201207C69032068180020024B187828
:103C7000003818BF0120704776D10320014B18602F
:103C8000704700BF606A0320054A431CDBB200286E
:103C900013704FF6F87318BF0823024A1380704759
:103CA0003DC403207AA30320054B1A78022A04D0CE
:103CB0001878431E5842584170470120704700BF92
:103CC0003DC4032019F048BB19F0D8BB19F0D8BB8C
:103CD00019F010BC0FB407B5049C074801F02DFB88
:103CE0003CB105A92046019101F0ECF9034801F02F
:103CF00024FB012001F0FCF9DD2C0210A947021081
:103D000008B50148FFF7E6FFED2C0210EFF3108035
:103D100072B64FF05042D2F82C31002BFBD0BFF3DB
:103D20005F8F7047BFF35F8F4FF050430022C3F89F
:103D30002C2180F310887047CB08C25C012301F06E
:103D400007018B401A4214BF012000207047F8B5CC
:103D500005461746FFF7DAFF064628460C46FFF7EA
:103D6000EBFF18B121463846FFF7B4FF0123E20804
:103D7000A95C04F00704A3400B43AB543046BDE8F4
:103D8000F840FFF7CFBF2DE9F041054614469846AD
:103D9000FFF7BCFF0E460746444502D94FF0FF34FB
:103DA0000CE021462846FFF7C7FF80B90123E2084F
:103DB00004F007018B40A95C0B43AB543846FFF776
:103DC000B1FF002C05DA26B10698FFF783FF013416
:103DD000E2E72046BDE8F08138B50446FFF796FFDC
:103DE0000122CD08635D01F007018A4023EA020346
:103DF0006355BDE83840FFF795BF0000044A1078CE
:103E0000431CDBB2182B28BF10231370704700BF70
:103E1000B41800200021044B044ABFF35F8F43F81D
:103E2000041B9342F9D17047000100D0800100D0FB
:103E300000F1505040308000BFF35F8F00230360DB
:103E40007047062838B571F1000304460D4603D2C9
:103E5000BDE8384000F060B800F058F84FF0FF328D
:103E60006FF00043063C45F1FF35201845EB01019A
:103E7000824273EB010438BF1946BDE8384038BFB1
:103E8000104600F051B84FF47A71A0FB0101FFF722
:103E9000D8BF0000074A536A994206D8926A824204
:103EA00005D2C81A18BF01207047002070470120B2
:103EB000704700BF00000B400346416A0A46986AFB
:103EC000596A8A42FAD17047416A9942FCD39942B1
:103ED00002D1816A914200D37047416AF7E72DE928
:103EE000F04116461D460446FFF7E6FF821951EBE6
:103EF00005034FF0000728BF012717B14FF0FF322D
:103F000013462046BDE8F041FFF7DEBF0148FFF74A
:103F1000D3BF00BF00000B4002460B460148FFF72D
:103F2000DEBF00BF00000B4002460B460148FFF712
:103F3000CBBF00BF00000B40084B10309B6843F81C
:103F40002010BFF35F8FBFF35F8F4FF0504300210E
:103F5000C3F8241182F31088704700BF00ED00E021
:103F60004FF08030034B044A1946043393420860F3
:103F7000FAD1704700E400E034E400E00122430994
:103F800000F01F00824041B19B0003F1604303F544
:103F90006143C3F880211A6070470249203341F819
:103FA0002320704700E100E0064B420953F822202D
:103FB000012300F01F008340134214BF01200020A2
:103FC000704700BF00E100E0024B10309B6853F8DF
:103FD0002000704700ED00E070B504460D46EFF399
:103FE000108672B64FF05042D2F82431002BFBD02D
:103FF000BFF35F8F2046FFF7E7FF074B984203D0E0
:10400000A84201D000F088FB324629462046BDE890
:104010007040FFF791BF00BF1D010010FFF7DCBF2C
:1040200010B40B46EFF3108272B64FF05044D4F840
:1040300024110029FBD0BFF35F8F084900F1100461
:10404000896851F82410064CA14202D0994208BF59
:1040500021465DF8044BFFF76FBF00BF00ED00E0A5
:104060001D01001070B504460E461546FFF7C6FE4A
:104070000146204600F005F8A680E580BFF35F8F7B
:1040800070BD01F15051403189000160704710B599
:104090000446FFF7B3FE01462046FFF7F2FFFF2379
:1040A0002371BFF35F8F10BD10B50446FFF7A6FE66
:1040B00001462046FFF7E5FFFF23A380BFF35F8F94
:1040C00010BD000038B50848084DA84200D338BDDF
:1040D000044654F8083B1BB1FFF7E6FF2046F4E71F
:1040E000FFF7D5FFFAE700BF142B00201C2B0020A0
:1040F00030B503236FF0020513FB015413FB025389
:1041000003449970015D01B15970025530BD70B51D
:10411000054614460E4651B142B1D0E901309847E8
:1041200038B1224631462868FFF7E2FF3446204680
:1041300070BD324621462868FFF7DAFFF7E7002115
:10414000012310B5047B026841738373C4739C42DE
:1041500006D8032303FB0422002302F8023C10BD0F
:1041600001335018DBB243700331F0E710B45DF84F
:10417000044BC0E901230173FFF7E1BFF8B5044622
:104180000B46E9B103276FF0020C17FB01C6056867
:104190002E447278A2B117FB02C7EB1900255F7895
:1041A0005D707570FFF7B3FF394605462046FFF78F
:1041B000E5FF294602462046BDE8F840FFF7A7BFC5
:1041C0001846F8BD2DE9F84303266FF00209904622
:1041D00016FB019703680D46D95D0446FFF7CEFF35
:1041E000B8F1000F0AD0E37B23B116FB03962368D6
:1041F00033445D70A37B03B9A573E573226838B1BE
:104200006FF00201032313FB001300211344997084
:1042100000233A445370BDE8F88338B5457B0A461D
:1042200029460446FFF7CEFF6073284638BD0000DC
:10423000F0B50C24444304F1804404F58034059E19
:1042400094466268071FB242FFB238BF6660012F12
:1042500004F5405224D8012922D103251560A26813
:10426000D207FCD5226804F5805582EA4C1202F090
:10427000E002012F2A6009D822684A4002F00302B6
:104280002A6001228A40A1681142FCD04FF40061EB
:1042900004F5005211600B4A666042F82030F0BD10
:1042A0004FF400651560074D55F82020002AD9D03D
:1042B0006D69B5FBF2F5013505EB4505033DFDD212
:1042C000D0E700BFACBB012013B54FF4803400949D
:1042D000FFF7AEFF02B010BD014B53F8200070474E
:1042E000ACBB0120F7B5164601220D460446124F1D
:1042F00011463B460520FFF7E7FF2B467543224654
:1043000001210E48009600F0A7F8B4FBF5F4002256
:10431000022104200A4BFFF7D7FF23460022012188
:104320000520FFF7D1FF3B4602220021062003B003
:10433000BDE8F040FFF7C8BF006CDC02000005409C
:10434000001BB7002DE9F0434FF4A07542F6E06E74
:10435000DFF854800EFB05FCACF53724A4F5D874C7
:1043600044451AD80724264604FB04F7BCFBF7F99A
:1043700081450CD107FB10C9B9F1000F07D10948DD
:1043800068430860012014601E60BDE8F083013EB0
:10439000A7EB0407EAD1013CE5D1013D0F2DD9D1AE
:1043A0000020F2E7001BB70050F80C000C4B10B5D2
:1043B00003EB800253F8203002F5805483F0400371
:1043C00003F0C00323604FF48073C00000F180400D
:1043D00000F5203002F540524160136010BD00BF6F
:1043E0000480034010B5074CC90004EB800354F867
:1043F000200041EA8201414001F00C0103F58053A5
:10440000196010BD04800340064B03EB800253F893
:10441000203002F5805283EA011303F03003136069
:10442000704700BF04800340054B03EB800040232E
:1044300019B100F500500360704700F54050FAE7ED
:10444000048003404FF0000242EC440042EC400084
:104450000521FFF7ABBF000070B51D4CB4FBF1F4B4
:10446000B2FBF4F2049C240344EA03430468002CE6
:104470000EDA046804F03F048C4209D18468C4F366
:104480000B04944204D1C46804F4EE249C421DD071
:10449000104D0124A84214BF0E250F25AC400E4D2F
:1044A0000E4E2C6005F580552C60B56834EA050584
:1044B000FBD101602121826000F54052043211607D
:1044C00001680029FCDAC3600823136070BD00BFD7
:1044D000001BB700008005400020024000000240A1
:1044E0000B4B0C4A5A60A3F50053DA681204FCD453
:1044F000DA68094B43EA0010504003F5F873074AA5
:104500000340D360A2F58052D3681B04FCD47047EB
:10451000002010400020FE5A0000FE5A00101040FB
:104520000C235843012300F1804000F584104160C2
:1045300003607047002370B5DB8A05460E460022F3
:1045400042E800F2520254BF1021042144F25220EA
:104550009847044633462A46A446BDE870400A21DF
:104560004FF4817060470023DB8A002242E800F2AA
:10457000520254BF10210421184708B50B46011EF2
:1045800002DB22B943F020031846FFF7D3FF43F0C4
:104590003003F9E7034AD2F82838002BFBD0BFF3E9
:1045A0005F8F704700000E400021044B044ABFF3A8
:1045B0005F8F43F8041B9342F9D170470C080E40FB
:1045C0002C080E40FFF7F0BF4FF42A62054B064956
:1045D0001A602F22DA60054A11605A68002AFCDA54
:1045E000704700BF0080044000B0FA0000A0044003
:1045F0002DE9F041076B0446FB070D46904615D5A3
:1046000040F2013200F540531A63436A866A06207D
:1046100006EB8316FFF760FE40F64E63B0FBF3F047
:10462000B602B6FBF0F00021FFF776FC234653F804
:104630002C2F554005EA080503F580531D602763BC
:10464000BDE8F08170B5054606200C46FFF744FE34
:10465000C300B3FBF4F30133DC0916D04FF6FE724E
:10466000944214D82646C3F3450400222846114636
:104670006E62AC62FFF7BCFF0620FFF72DFE04EB75
:1046800086148000B0FBF4F070BD0126EDE7002435
:104690004FF6FF76E9E7000038B5044606200D46E0
:1046A000FFF71AFE60B3174A0123944214BF1A227F
:1046B0001B229340144A1549136002F5805213607F
:1046C0008A6833EA0202FBD14FF480710D4B204619
:1046D000E21A534253410E4A22F813102946FFF7BB
:1046E000B1FF234653F82C2F82F0700203F580535C
:1046F00002F07E021A6040F2013323630323A364B5
:1047000038BD00BF0080074000200240000002408A
:104710005EB903207047000008B50148FFF7DAFAD8
:10472000FB2C021038B5044C044DAC4200D338BD0C
:1047300054F8043B9847F8E7082802104028021074
:1047400038B5044C044DAC4200D338BD54F8043B9A
:104750009847F8E73028021040280210054B064A17
:1047600006491A60064B074A13608A6833EA020258
:10477000FBD17047002002407F3BEFEF000002407A
:10478000F6FFF30300300240044BDB6CB3F5004F3F
:1047900002BF4FF48022024BDA64704700001150D0
:1047A000002011504FF0E022044BD2F8881D0B433B
:1047B000C2F8883D10EE3004704700BF030330009C
:1047C0006FF06042044B1A60044A9368DB4333F095
:1047D0006043FAD1704700BF003002400000024041
:1047E00010B545F25320FFF7BEFEBDE8104003466A
:1047F0000420184710B545F25320FFF7B4FEBDE87A
:104800001040034601201847FFF704BB10B5054BC5
:10481000054C4FF488721846A1681DF019FFA0607E
:1048200010BD00BF0000002000ED00E0002373B5C4
:10483000294DC5F88430FFF7C7FE0122274BDA6304
:104840006A6C012AFCD103221A63AC6B012CFCD1E7
:104850000226052521460523214A22480096FFF716
:10486000FBFD2B462146204A20480095FFF7F4FD2A
:104870000022314604201E4BFFF726FD2146284624
:1048800000221C4BFFF720FD0022082011461A4B86
:10489000FFF71AFD002209201146174BFFF714FD00
:1048A000002206201146134BFFF70EFD00220720C1
:1048B0001146104BFFF708FD0420FFF70DFD0F4DCB
:1048C0000024B0FBF5F5E0B229460134FFF728FEDD
:1048D000062CF8D102B070BD00000140003001404C
:1048E000002F685900000540008C86470080054075
:1048F000001BB70080D1F008006CDC0240420F00C2
:104900009A4238BF8854704770472DE9F74F8B465D
:10491000DDE90C549946DDE9116313F0020180468C
:104920001746DDE90F2A9DF8380000911DD103F0EC
:10493000010C3EB1BCF1000F04D010B913F00C0F04
:1049400000D0013E4FF0300E04E0202C04D005F8DA
:1049500004E00134A245F8D8BCF1000F05D04FF0B7
:10496000300CB44201D2202C20D1D90617D55905DC
:1049700021D404B3544501D0B4421CD1611E19D0D6
:10498000102A64D1023C9A061DD4202C1DD0782216
:104990002A550134202C18D030222A550134202CDD
:1049A00013D038B32D222A5501340FE005F804C086
:1049B0000134D6E70C46102AE5D0022AEAD1202C91
:1049C00003D06222E4E7202C12D120249B072AD0B6
:1049D0003A4625441444A24229D1009B23B1D51B59
:1049E000AE4207EB05042BD8204603B0BDE8F08F9C
:1049F0005822CDE7590701D52B22D4E71A07E5D570
:104A00002022D0E74B4659462020C0470AF1010A30
:104A1000019B564503EB0A02F4D8321BB44288BF0F
:104A200000223A44D5E73B1BA2460193F0E702F18E
:104A3000010A4B46594615F8010DC0475246CAE7D0
:104A40004B46224659462020C0470135C8E7022A76
:104A50000C46A1D1B5E72DE9F04391B0189D1A9EFF
:104A60001D9F0DB927F010077C0500D515B317F071
:104A7000200F14BF4FF0410E4FF0610EAC460025E1
:104A80000DF12008AEF10A0EBCFBF6F906FB19C9C0
:104A90005FFA89F4B9F1090F94BF30347444E4B279
:104AA000B44508F8014B05F10105BCFBF6F401D350
:104AB000202D10D11C9C069705941B9CCDE9036406
:104AC0009DF86440CDE9015408AC0094FFF71DFF48
:104AD00011B0BDE8F083A446D6E72DE9F04F95B0BC
:104AE000269ECDE90A23DDE91E74DDE9229B57EA03
:104AF000040308BF26F010067205CDE9080102D5AF
:104B000057EA040337D016F0200F14BF4123612366
:104B100000250DF1300AA3F10A0821464A465B46FA
:104B200038461DF045FED2B2092A94BF30324244C5
:104B30004F45D2B274EB0B0405F101050AF8012BC5
:104B400001D3202D14D1259B06960593249BDDE9E6
:104B50000801CDE903939DF88030CDE901530CABFA
:104B60000093DDE90A23FFF7D0FE15B0BDE8F08F12
:104B700007460C46D1E70025E5E708B100F0CFBBBA
:104B8000704710B1D1E90031184770472DE9F04F57
:104B900090469B46B64AB74B91B01A600B1E0A93DB
:104BA000B54B14BF8146994600251A9E9BF800001C
:104BB00070B9454538BF2A4643464FF000000A9970
:104BC00028BF08F1FF32C847284611B0BDE8F08F72
:104BD00025280BF1010B06D02A4643460A996C1C86
:104BE000C8472546E2E70023594611F8012B2B2A36
:104BF00016D00AD8202A16D0232A17D0A2F13000C6
:104C0000092834D800270A2418E02D2A05D0302A94
:104C1000F4D143F001038B46E6E743F00203FAE7E1
:104C200043F00403F7E743F00803F4E743F010030D
:104C3000F1E78B4604FB0722A2F13007594611F831
:104C4000012BA2F130000928F3D99BF800202E2A6D
:104C500059D19BF801100BF10102A1F13000092894
:104C600043F4806346D800244FF00A0E11E02A2A4C
:104C700008D156F8047B8B46002FBCBF43F00203DB
:104C80007F42E2E70027E0E702460EFB0411A1F1B4
:104C90003004104610F8011BA1F1300CBCF1090FD3
:104CA000F2D9114611F8010B6C2836D02ED868289D
:104CB0003AD06A2841D011468B461BF8010B672871
:104CC00066D857283CD8252886D0A0F14503022B6A
:104CD00082D82A4643463F200A996C1C0736C847AB
:104CE00026F00706434622463F200A99C847023568
:104CF00008365BE72A2907D156F8044B0BF102026C
:104D000024EAE474CDE75A460024CAE7742801D0A7
:104D10007A28D0D143F48073CEE750786C28F9D14B
:104D200043F44073911CC7E75078682802D043F0E1
:104D30008003C1E743F0C003F4E743F40073BBE72B
:104D4000A0F158020F2A3FF647AF01A151F822F017
:104D5000F34D0010D94B0010D94B0010D94B001067
:104D6000D94B0010D94B0010D94B0010D94B001073
:104D7000D94B0010D94B0010F34D0010174F001005
:104D8000F34D0010D34C0010D34C0010D34C001046
:104D9000A0F16901C9B20F293FF61EAF012249F205
:104DA000410C8A4012EA0C0219D10A2900F0F28063
:104DB00007297FF411AF43F0210305930823CDE9C0
:104DC00003431023CDE9012356F8043B2A46009300
:104DD000484643460A99FFF73EFE0546E6E66F2839
:104DE00000F03A8110D9782808D1102223F00C0362
:104DF00010E0582839D0622800F030810A2223F0D0
:104E00001003642806D0F1E769284FF00A0223F066
:104E10001003F6D1590548BF23F00103692803F4B4
:104E2000007101D0642843D141B3073626F007064C
:104E3000B24670685AF8081BCDE907730023059342
:104E4000C30F0028029306940B46049202DA4B42E9
:104E500060EB4000CDE9003043462A4648460A99B7
:104E6000FFF73BFE05465646A0E643F02003BCE7AD
:104E70008D4B00104469032009490010D90506F143
:104E8000040A01D5316802E058060CD53178CDE925
:104E90000224CDE9047300294FEAD1730193B8BF0E
:104EA0004942009120E01906ECD5B6F90010EEE772
:104EB00079B1CDE907730023CDE9042306F1070A90
:104EC0002AF0070A06940293FAE80223CDE90023A8
:104ED000C2E7D80506F1040A0DD5CDE90473CDE982
:104EE000022401913368009343462A4648460A99B2
:104EF000FFF7B1FDB6E7590607D53178CDE9047360
:104F00000023CDE902240193CBE7316813F0800F31
:104F100018BF89B2F2E713F0020426D04FF0010A5D
:104F20006B1C0B932A4643460A9916F8040BC84794
:104F300074B354460B9A21E0434620200A99C8478F
:104F40000AEB05020AF1010ABA45F5D33A1E18BF69
:104F50000122002A07F1FF3308BF002307F1010AED
:104F60001D4408BF4FF0020ADAE7A246E8E7551CE5
:104F7000434620200A99C8472A460134A742F6D85A
:104F8000A7EB0A03574538BF00230B9A1A440B922C
:104F90000B9D0BE63246002C52F8046B14BF2146E1
:104FA0004FF0FF310B9232463144107808B18A42FB
:104FB00011D1A2EB060A13F480620D9202D0A24531
:104FC00028BFA24613F002030E931BD1AAEB0503E0
:104FD0002A460C9308E00132E7E7531C0F93202088
:104FE00043460A99C8470F9A0C9B13449F42F4D832
:104FF000A7EB0A03574538BF00230AF101021D44FD
:1050000003EB020AAB1B0C9304E01C4643462A4602
:105010000A99C8470C9BF51816F8010B28B10D9B8F
:10502000002BF3D0631E002CEFD10E9B93B12A46C8
:10503000AAEB050405E0561C434620200A99C84700
:10504000324613199F42F6D8A7EB0A03574538BFDB
:1050500000231D440B9EA9E50822C7E60222C5E6EF
:105060000CB41FB506AC54F8043B0A460094014644
:1050700004480394FFF78AFD04B0BDE8104002B075
:10508000704700BF0149001007B5009313460A4658
:1050900001460348FFF77AFD03B05DF804FB00BF4B
:1050A000014900101FB5CDE90201009302A9134682
:1050B00003484FF0FF32FFF769FD05B05DF804FBD0
:1050C000834B00101FB5084A0346146844B1009191
:1050D0004FF0FF32054803A9A047012004B010BDDE
:1050E00000F02BF92046F9E7446903207B4B0010C0
:1050F00000BEFDE708B5FFF7FBFF000038B5FFF77E
:1051000011FB044C044DAC4200D338BD54F8043BB1
:105110009847F8E7402802104C280210034608463A
:105120001B68114618470000437D2DE9F0470446EF
:105130000D461646CBB101F1FF3900210846DFF8D4
:1051400070808E4217DC864203DD311A23682844C2
:105150009847002E07DD354415F8013CA3F10D02F8
:10516000534253412375BDE8F08703681146284632
:10517000BDE8F0471847C1B199F80030A3F10D0719
:105180007B427B4119F8012F4F1C0A2A0BD153B9DE
:10519000814203DD091A23682844984740460221CA
:1051A0002368984738463946CBE7237DEAE700BFB6
:1051B000FE280310F8B50546094B0A4E1C68071D6A
:1051C0000CB92C60F8BD236843B133680BB19C4225
:1051D00004D1394620462A68FFF7A6FF2469EFE785
:1051E00074BD012094BE012038B50B680546802BA4
:1051F0000C4602D10846FFF7DDFF23685A1C2260E7
:105200001C44257138BD000010B5FEF77FFE0A4A28
:1052100082184FF0FF3041F100036FF000419042DF
:1052200071EB030438BF0246BDE8104038BF0B469F
:1052300002481DF0D1BA00BF40420F00142B0020DD
:1052400001481DF0B9BA00BF142B00202DE9F74F1B
:105250000C461D4607469146FFF7D6FF631C804665
:1052600003D138461DF06AFA04464FF00A0B154B7D
:10527000154EDFF85CA0002D18BF1E46134B1D68AD
:1052800045B9B8F1000F01D0FFF7DAFF204603B0AF
:10529000BDE8F08F2B6893B1DAF800300BB1AB4268
:1052A0000DD1224639462846B047B9F1000F06D045
:1052B000012228460DF107018DF807B0B0472D698E
:1052C000DEE700BF295100101D51001074BD012000
:1052D00094BE0120084A136813B901B110607047E9
:1052E000834205D10029FAD118691060196170470D
:1052F00003F110021B69EFE774BD0120044B10B5E8
:105300001C6804B910BD636803B198472469F8E7C5
:1053100074BD012008B500F015F9012008BD012376
:1053200013B504468DF80700002219460DF1070059
:10533000FFF78CFF204602B010BD38B505461DF0C2
:10534000FDF90123044601461A462846FFF77EFF71
:10535000FFF7D4FF204638BD70B5A2B004460E4614
:10536000FFF752FF002322460193054633460948C2
:1053700001A9FFF797FE019B044613B101A8FFF7AF
:1053800019FFFFF7BBFF0DB1FFF75AFF204622B010
:1053900070BD00BFE95100100FB407B504A951F862
:1053A000040B0191FFF7D8FF03B05DF804EB04B0E4
:1053B00070470000054B1B6833B10021044A126896
:1053C0009163044A10681847704700BF58BB01201A
:1053D000207303205CBB0120024B1A6893691B07F2
:1053E000FCD4704720730320F8B5184F184D3B6864
:1053F000184EAB4214BF2125222504463268B0B1B5
:10540000A2B9154B3060196028461449FEF7E4FD37
:1054100001212846FEF7B2FD50223B689A6353F8FB
:10542000342F02F0380203F580531A60F8BD002AC9
:10543000FCD0986301462846FEF7A0FD28460749A0
:10544000FEF7EEFD044B34601C60EFE72073032091
:105450000080074058BB01205CBB0120B553001001
:10546000002210B50F4B1B688A4202DA9C69E406E1
:1054700011D50D49096841B15021996353F8341F82
:1054800001F0380103F580531960002A14BF10465B
:105490006FF0020010BD9C69E406FCD41C688454C3
:1054A0000132E1E72073032058BB01200F4BF0B518
:1054B0001B680F4C0D271A1B5442544100220D4EFD
:1054C0008A4200DBF0BD855C36F914C0AC4505D1DD
:1054D000D3F818C01CF0200FFAD11F60D3F818C001
:1054E0001CF0200FFAD11D600132E9E72073032080
:1054F000008007405EB9032070B5104E0D46306045
:10550000101E1C4606DB10F0020F0CBF02210B21FF
:10551000FEF74CFF002C07DB14F0020F0CBF02213A
:105520000B212046FEF742FF29463068FFF7B4F80A
:10553000BDE8704001210248FFF7CCBE2073032074
:10554000B8180020064B00221B78064B4FF4E131BF
:105550001B78054B05481B780123FFF7CDBF00BF23
:1055600074C1031070C103106CC1031000800740A8
:105570004FF050431A6DD20701D5986D704720BF88
:10558000F8E703BD10B50446FFF7DAF82346BDE897
:10559000104018474FF050431A6D9207FCD55865DC
:1055A00040BF70472DE9F041064686B019200F46EE
:1055B0009046FEF7F9FC002105461920FEF7DEFCB7
:1055C00000240123CDE904764FF05046CDE9004494
:1055D000CDE9023806AB03EB840353F8181C19B964
:1055E000336DDB0711D440BF0846FFF7D3FFFFF749
:1055F000BFFF81420BD10134062CEBD12946192083
:1056000006B0BDE8F041FEF7B9BCB36DE8E7002491
:10561000E0E7000022F00303064A0B44926843E9E6
:1056200003010549054843F8041CA3F10C01FFF7E9
:10563000B9BF00BF00ED00E0855500108355001094
:105640000449054B4FF49362994238BF4FF0FF3144
:10565000FFF7E0BF680B0820680B08200146024AEC
:105660000248FEF774BB00BF792D02100298032098
:10567000182303FB0103F0B514681A4DC3F8C840A2
:105680009468C3F8D0401369D0F86841DE4305EA56
:10569000161506EA56062E4205EA530304D02343A4
:1056A00009D06FF00A0017E0BBB1002CF9D05668A2
:1056B0002B0D1B0700E056687340182606FB0107F8
:1056C000C7F8CC30D3680CB12D032C0A06FB0100BF
:1056D0006340C0F8DC300020F0BD5668002CE7D1F4
:1056E0002346E9E72184100031F0100302460BD174
:1056F00000F12F4303F5600306481B0D50F823000B
:1057000028B9C2F8681170476FF00A0070476FF04F
:105710000B00704744B0012000F12F40124B00F500
:105720006000000D10B553F820400123002A03FA51
:1057300001F303F1FF33C1F120000DDB824210DCE5
:10574000934023420CBF10464FF0FF3010BD03FAC8
:1057500000F22242FAD001380028F8DA6FF008008F
:10576000F4E74FF0FF30F1E744B0012010B5D0F876
:105770006841CB79E4B113F0010F1CD191F90530E8
:10578000002B01DB934216D10123097900F12F4050
:105790008B40013B03FA02F200F56000074B000D5D
:1057A00053F820301A420CBF00206FF0080010BDE3
:1057B00013F0040FE1E76FF00A00F8E744B00120AE
:1057C00070B504460E461546FFF7D0FF90B9317903
:1057D000884210D3012304F12F400D4A00F56000E8
:1057E000000D8B40013B52F82010AB400B4342F8B8
:1057F0002030284670BD33682A1833F81030123232
:10580000B3F5005F38BF5B1944F822300130DFE7A1
:1058100044B0012000F12F4000F56000000D022887
:1058200009D0064A064B012808BF1A4601EB800141
:105830000448FEF78CBA044AF8E700BF9B2D02101B
:10584000D92D021032C30320B72D021000F12F40D2
:1058500000F56000000D01EB80010148FEF7BCBAC5
:1058600032C3032013B500F12F4000F56000084B50
:10587000000D840000932246E31C0648FEF783FADD
:105880008442CCBF4FF0FF30001B02B010BD00BF00
:10589000FB2D021032C30320F8B50D460646FEF775
:1058A00035FA95F90520074629793046FFF734FF88
:1058B000041E05DB224629463046FFF781FF0446D9
:1058C0003846FEF72FFA2046F8BD182359434318EF
:1058D0004FF4003103F54350F0B5D3F8DC700024E9
:1058E000D3F8CC60C16020200528014628BF0521DF
:1058F000650145EA8165C3F8DC5002F01F0545F4F7
:105900006045401AC3F8D8500C444FEA5212EBD10C
:10591000C3F8DC70C3F8CC60F0BDD0F86831DA4071
:10592000FFF7D3BF2DE9F04118264FF4003E4EF2A9
:10593000800806FB01F4051905F54354D5F8DCC0D1
:10594000D5F8CC70C4F80CE03BB906FB0100C0F8F8
:10595000DCC0C0F8CC70BDE8F08193FAA3F4B4FACF
:1059600084F44FEA441E22FA04F404F0010444EAE9
:1059700008044EF0806EC5F8DCE0C5F8D8405C1E27
:105980002340E1E730B4D0F86851D0F86841EA40EC
:10599000E34030BCFFF7C6BFF0B5D0F86841121B3A
:1059A0001F2A35D84FF0180C4FF400350CFB01F4CA
:1059B00000EB040E0EF54354DEF8DC70DEF8CC602C
:1059C000E5609DF81440002C0CBF00241F2444F413
:1059D000604444F08004052B4FEA42150DD80CFBBF
:1059E000010045EA8365C0F8DC50C0F8D840C0F833
:1059F000DC70C0F8CC600020F0BD45F0A055053249
:105A0000CEF8DC50053BCEF8D84002F01F02E2E7AA
:105A10006FF00400F0E7F0B50126174602688E40EB
:105A200022EA06028BB0044602600D461A4603B312
:105A3000FFF71EFED8B918224FF000416A43A318A1
:105A400003F58653196119614FF00133AB40A36030
:105A50000123291D083504F5005603FA01F107F06A
:105A60001F07AB40144431603360C4F8D8700BB0EA
:105A7000F0BD4FF4803208934FF4F833CDE905239D
:105A80004FF440236E4607930DF1140CBCE80F0051
:105A90000FC64FF0FF336A46294620463360C7E7FA
:105AA0002DE9F04F89B0CDE90223DDE912249DF8FC
:105AB000503080460D46049344B1531E23440124C4
:105AC0001B09120904FA03F394401C430027002F1A
:105AD00014BF04230123DFF8E89001930026C5F8E2
:105AE00000900DF11C0A00212868FFF7BBFE40B2B0
:105AF00000280AF8010B41DA002E52D00FB1042E13
:105B00004FD1FEF703F982462FB1A100286801F0BA
:105B10001001FFF7E9FD2B68D3F868219AB314F060
:105B2000010F33D1184698F9052098F80410059311
:105B3000FFF7F2FDB0F1000B0FDB059B5A46414623
:105B40001846FFF73DFEB0F1000B06DB9DF91C3057
:105B5000029A1360039BC3F800B050466FEA0B0A29
:105B6000FEF7E0F84FEADA7AB24507AB11D3BBF1A2
:105B7000000F16DB012009B0BDE8F08F019B013654
:105B8000B342B0D1BAE714F0040FCAE76FF00A0BC2
:105B9000E3E713F90A102868FFF758FE0AF1010A33
:105BA000E2E7064BA9F58019994597D1049B9F42DE
:105BB00001DA01278BE700202860DCE700001050A5
:105BC0000000405008B5044A044B002013605B6895
:105BD0009847012008BD00BF70BD0120CC2A0310EA
:105BE00010B5044C23681BB19B68984700232360C1
:105BF00010BD00BF70BD0120024B1B680BB11B69BB
:105C00001847704770BD0120034B1B680BB1DB6860
:105C100018471846704700BF70BD01200020FFF7ED
:105C2000F3BF38B50C46014610F4807018BF02204F
:105C3000FFF7E2FF06250020FFF7E6FF013DFAD15E
:105C400021460120FFF7D8FF1824FFF7E7FF013CAA
:105C5000FBD138BD38B50546402420463F210134EC
:105C6000FFF7DFFF562CF8D16024204600210134D5
:105C7000FFF7D7FFF62CF8D101242046002101348C
:105C8000FFF7CFFF402CF8D160210420FFF7C9FFB8
:105C900080210420FFF7C5FF20210120FFF7C1FF6D
:105CA000F5B1012140F20510FFF7BBFF44F480700D
:105CB0003F210134FFF7B5FF562CF7D1602444F49F
:105CC000807000210134FFF7ACFFF62CF7D10124DE
:105CD00044F4807000210134FFF7A3FF402CF7D17A
:105CE00040210820FFF79DFF35B1BDE83840012174
:105CF00040F20510FFF795BF38BD000010B4054C09
:105D0000246824B16469A4465DF8044B60475DF8DB
:105D1000044B704770BD0120024B1B680BB19B699F
:105D20001847704770BD0120024B1B680BB1DB693F
:105D30001847704770BD0120024B1B680BB11B6AEE
:105D40001847704770BD0120024B1B680BB15B6A9E
:105D50001847704770BD0120024B1B680BB19B6A4E
:105D60001847704770BD01200021F0B50B46032590
:105D700090F8F32000F1E50414F8016FB70648BF6E
:105D800005FA01F601F1020148BF33431229F3D1AC
:105D9000960614D5D50642F3000148BF43F440539C
:105DA00001F480410B43140748BF43F400435107FB
:105DB00048BF43F48033970748BF43F40033446A35
:105DC0009C422AD00021024603270D464FF0010CC9
:105DD0005C4024FA01F6F6071AD523FA01F6F60715
:105DE0001DD5D2F89C6192F87DE17679C2F8A85170
:105DF00006EB9E060E2EC6BF82F878C1A2F880512F
:105E000082F87851D2F8D06146F00806C2F8D06125
:105E10000131122902F15C02DBD14362F0BD82F84C
:105E20007871EFE730B55C25490041F0010305FBCF
:105E30000303B3F8CC4105FB010092B204F4E05433
:105E40001443A3F8A021A3F8CC41B0F8CC11A0F8DA
:105E5000A02101F4E0510A43A0F8CC21D3F8D021CD
:105E600042F00E02C3F8D021D0F8D03143F00E0337
:105E7000C0F8D03130BD70B5044610B300250326FC
:105E800040F2F47200211CF023FA04F2B9130D223F
:105E9000184643F81D3C00211CF01AFA40F2FF128C
:105EA000034600F8015C0135122D00F8416C20F822
:105EB000392C03F15C03EAD1182384F83A3001232A
:105EC000236370BD2DE9F041DFF894C007469CF8CC
:105ED00000300E469BBB214C15E048EA8201500081
:105EE00004EBC10E451CCEF804505510013244F8A5
:105EF000315018442031082ACEF8040144F83150BA
:105F0000EBD1CBB90123002243EA82054FEA420ECE
:105F10005110013204EBC50044F83510082A05F190
:105F20002005C0F804E0C0F804E144F83510EBD1D6
:105F3000002243F00208D0E701238CF80030012151
:105F400040F2F470FCF78AFF044618B1C0E900760D
:105F5000FFF791FF2046BDE8F08100BFA06E03204F
:105F6000C2D103202DE9F74F16460027836AA74ABE
:105F700023F0404343F000438362A54BA54D044604
:105F8000C0E90731826101EB8600884251D10025CA
:105F90005C27DFF8849207FB05F202F5BC7122440E
:105FA000D2F8D00121444FEA650800286ED083075B
:105FB00094F808C01DD5B2F8CC31DFF860A2C3F365
:105FC000831E1AF80EE09B0AC3F10803AEEB431ED2
:105FD000D2F89CB1BEF1000F1FFA8EFAA8BF9BF851
:105FE00001E09BF80030A4BF4AFA0EFE7344A2F809
:105FF0008231430710D507FB054EBEF8CC214FEA8E
:106000004C1303EB1223DEF89C21527A02EB43037C
:1060100059F823308EF87D3110F00C0F31D007FB8A
:10602000054393F87801032823D8DFE800F01B5DCF
:10603000636C94F834300133DBB2D22B08BF0023F9
:1060400084F8343015F803C094F85431B3FA83F36C
:106050005B095B004CFA03F3DB0002F8013B41F8FB
:10606000047B92E707FB0543D3F89C315A79002A59
:106070004ED15C23002203FB054383F87921A3F86A
:106080007A21002207FB0543C3F8D02107FB054313
:10609000A269C3F8B02194F8552183F8B421E269CC
:1060A000C3F89021EA077DD4B1F96430B3F5FF7FDE
:1060B0005ADD91F85C30002B56D0A04498F8363168
:1060C000002B51D101350135112D7FF764AFD4E993
:1060D0000B3202FB0633C3F30C03E362A36A3344BF
:1060E000A36203B0BDE8F08F07FB0543D3F89C31F2
:1060F0009A79BCE707FB0543D3F89C31DA78002A8C
:10610000B7D11A7AB3E707FB0543D3F89C31F8E718
:106110004FF05C0C0CFB054A9AF87DE102EB9E0205
:106120000F2A1346A8BF0F230EF0030EDBB28AF826
:1061300079318AF87AE158B95A1E0A2A9CBFC3F10C
:106140000C03D8B25C2303FB054383F87B0198E77B
:106150000B2AC8BF00230CFB054CDCBFC3F10C03AA
:10616000DBB28CF87B318CE707FB0543B3F9802168
:10617000B2F5FF7F02DD93F878318BB9E36A3246DE
:1061800000932046A36A00F087F9B0429BD0E369F0
:10619000321A0021520003EB40001CF099F892E7FC
:1061A0000020F2E7226AC3F89421B3F98021B2F506
:1061B000FF7F02DD93F8783133BBD4E90A3204EB78
:1061C000080090F8360100923246C8B1204600F02F
:1061D00065FDB0423FF477AFA04498F83631002B0C
:1061E0003FF471AFB042BFF46EAFD4E9073233F978
:1061F000101052F820300B4442F820300130F1E703
:10620000204600F0E7FBE4E70020E2E75CC603205D
:10621000CCA60320B8290310A06E0320A8290310E0
:1062200038B50C461546FFF79DFE214604EB850563
:10623000A94200D138BD0B68C3F34F0303EB0343FE
:1062400041F8043BF4E70000F8B5CBB2042B054657
:10625000144619D1160609D5002380F8F03790F8B6
:106260003A3003F07F0380F83A30F8BDD00785F864
:106270003A2002D58348FFF760F8A107F5D5BDE8BD
:10628000F8408148FFF759B8C718012B87F8362026
:10629000EBD0DA1F0B2A22D9A3F120021F2A29D81A
:1062A0007A4B53F82230002BDFDB5C2202FB0353D6
:1062B000D3F89C21E1099172C4F38011D172C4F327
:1062C0004011D170C4F3001104F00F045172147125
:1062D000D3F8D02142F0FF02C3F8D021C5E7082B44
:1062E000C3D1E30902D06A48FFF727F8C4F380144A
:1062F0002C72BAE7A3F140021F2A10D8634B53F85F
:106300002230002BB1DB5C2202FB0353D3F89C212B
:10631000A10011705F49A409095D5170D8E7A3F18C
:1063200060021F2A13D8594B53F82230002B9CDBF4
:106330005C2202FB0353D3F89C21210904F00F04D3
:1063400051719471D3F8D02142F00802C4E7A3F14F
:1063500080021F2A0FD84D4B53F82230002B84DBCC
:106360005C2202FB0353D3F89C21210904F00F04A3
:10637000D1711472E6E7A3F1A001082909D897F8B2
:106380004620120202F440722244BDE8F840FFF7B2
:1063900049BDA3F1B006082E37D897F8262023026E
:1063A00003F4407331461A44FFF73CFD5C20710052
:1063B00041F0010300FB0353B3F8CC2100FB015172
:1063C000C4F38204C2F3090242EA842283F8A4419E
:1063D000A3F8CC21B1F8CC2181F8A441C2F3090281
:1063E00042EA8424A1F8CC41D3F8D021284642F0D7
:1063F0000E02C3F8D021D1F8D03143F00E03C1F81A
:10640000D031BDE8F840FFF7AFBCA3F1C002082AC5
:106410000ED85C21530001FB0353D3F89C31C4F325
:1064200042012A4404F00104997082F836411CE7C5
:10643000BD2B0AD12846FFF797FCE309C4F380146B
:1064400085F8543185F855410FE7E03B1F2B3FF6A7
:106450000CAF95F8372092067FF507AF0B4A52F83C
:106460002330002BFFF601AF5C2202FB0353D3F86D
:106470009C2104F003041473D3F8D02142F00102EC
:106480002AE700BF1F2E0210342E02102829031005
:10649000492E0210242903102DE9F74F0C460093D2
:1064A000636AD44E9D7A93F804C0019556F82C6027
:1064B00094F82C501146AE40DD7A1FFA86F94E460C
:1064C0002A46208D93F802E0C0F3C217C0F30900FA
:1064D000704394F83C80DFF828B3DFF828A3A5695F
:1064E000D4F838C0FF00002A00F03381019A002A56
:1064F00000F09C80BEF1000F52D0CEF1090E84F85E
:1065000004E0A4F82A90B8F1000F46D0DFF8F8E2D2
:10651000BE4440F628084FF05047C7F8AC801B7BBC
:1065200003F003030BEBC303C7F88830B24BC7F883
:10653000B030B24BC7F88CA0C7F8EC306063C7F836
:10654000C800236B6089C7F8C03040F60A03C7F85B
:10655000F030C7F8CCE00C9BC7F8C430ACEB550367
:10656000C7F89030B4F90830C7F8D0600344B3F5E9
:10657000F87FA8BF4FF4F873DB00E360E369A5EB95
:106580005303236207232046009A01F0E1F9D7F86C
:10659000C030236303B0BDE8F08FDFF870E2B7E7E7
:1065A000A4F82A90B8F1000F3DD0DFF85CE2BE44B9
:1065B00040F628084FF05047C7F8AC801B7B03F02B
:1065C00003030BEBC303C7F888308B4BC7F8B0301D
:1065D0008A4BC7F88CA0C7F8EC306063C7F8C800D6
:1065E000236B6089C7F8C03040F60A03C7F8F03063
:1065F000C7F8CCE00C9BC7F8C430ACEB5503C7F828
:106600009030B4F90830C7F8D0600344B3F5F87F90
:10661000A8BF4FF4F873DB00E360E369A5EB530315
:1066200023620323AFE7DFF8E4E1C0E7BEF1000F28
:1066300049D0CEF1090E84F804E0A4F82A90B8F10C
:10664000000F3DD0DFF8C0E1BE4440F628084FF00F
:106650005047C7F8AC801B7B03F003030BEBC3036D
:10666000C7F88830644BC7F8B030644BC7F88CA0CB
:10667000C7F8EC306063C7F8C800236B6089C7F8BF
:10668000C03040F60A03C7F8F030C7F8CCE00C9BE6
:10669000C7F8C430ACEB5503C7F89030B4F90830F4
:1066A000C7F8D0600344B3F5F87FA8BF4FF4F87380
:1066B000DB00E360E369A5EB53032362052362E794
:1066C000DFF848E1C0E7A4F82A90B8F1000F3DD008
:1066D000DFF834E1BE4440F628084FF05047C7F8D1
:1066E000AC801B7B03F003030BEBC303C7F88830BC
:1066F000414BC7F8B030414BC7F88CA0C7F8EC301D
:106700006063C7F8C800236B6089C7F8C03040F6E3
:106710000A03C7F8F030C7F8CCE00C9BC7F8C430C8
:10672000ACEB5503C7F89030B4F90830C7F8D06027
:106730000344B3F5F87FA8BF4FF4F873DB00E360C0
:10674000E369A5EB5303236201231CE7DFF8BCE0F8
:10675000C0E7019A002A00F0A180BEF1000F57D0D7
:10676000CEF1090E84F804E0A4F82A90B8F1000FE5
:106770003DD0DFF894E0BE4440F628084FF0504783
:10678000C7F8AC801B7B03F003030BEBC303C7F814
:106790008830194BC7F8B030184BC7F88CA0C7F831
:1067A000EC306063C7F8C800236B6089C7F8C0305D
:1067B00040F60A03C7F8F030C7F8CCE00C9BC7F8E6
:1067C000C430ACEB5503C7F89030B4F90830C7F8C3
:1067D000D0600344B3F5F87FA8BF4FF4F873DB0033
:1067E000E360E369A5EB530323620623CBE6DFF8FE
:1067F0001CE0C0E78C2A0310202401000B240400B5
:10680000D01800200010082030190020F0180020B7
:10681000A4F82A90B8F1000F3DD0DFF8B0E1BE44F3
:1068200040F628084FF05047C7F8AC801B7B03F0B8
:1068300003030BEBC303C7F88830624BC7F8B030D3
:10684000614BC7F88CA0C7F8EC306063C7F8C8008C
:10685000236B6089C7F8C03040F60A03C7F8F030F0
:10686000C7F8CCE00C9BC7F8C430ACEB5503C7F8B5
:106870009030B4F90830C7F8D0600344B3F5F87F1E
:10688000A8BF4FF4F873DB00E360E369A5EB5303A3
:106890002362022377E6DFF838E1C0E7BEF1000F9C
:1068A00049D0CEF1090E84F804E0A4F82A90B8F19A
:1068B000000F3DD0DFF814E1BE4440F628084FF049
:1068C0005047C7F8AC801B7B03F003030BEBC303FB
:1068D000C7F888303B4BC7F8B0303B4BC7F88CA0AB
:1068E000C7F8EC306063C7F8C800236B6089C7F84D
:1068F000C03040F60A03C7F8F030C7F8CCE00C9B74
:10690000C7F8C430ACEB5503C7F89030B4F9083081
:10691000C7F8D0600344B3F5F87FA8BF4FF4F8730D
:10692000DB00E360E369A5EB5303236204232AE65B
:10693000DFF89CE0C0E7A4F82A90B8F1000F3DD042
:10694000DFF888E0BE4440F628084FF05047C7F80B
:10695000AC801B7B03F003030BEBC303C7F8883049
:10696000184BC7F8B030184BC7F88CA0C7F8EC30FC
:106970006063C7F8C800236B6089C7F8C03040F671
:106980000A03C7F8F030C7F8CCE00C9BC7F8C43056
:10699000ACEB5503C7F89030B4F90830C7F8D060B5
:1069A0000344B3F5F87FA8BF4FF4F873DB00E3604E
:1069B000E369A5EB530525620023E4E5DFF810E069
:1069C000C0E700BF202401000B2404003019002080
:1069D000F01800202DE9F74F0C46D4F824C0A84E3B
:1069E0009CF80470019356F8277094F82C301146E7
:1069F0009F409CF80B301FFA87FA57461A46208DA5
:106A00009CF80AB0C0F3C215C0F30900784394F8AB
:106A10003C90DFF870E2DFF87082E369A66BED006E
:106A2000A4F82AA0002A00F09A80BBF1000F4FD0F2
:106A3000B9F1000F49D0DFF85492A94440F6280A72
:106A40004FF05045C5F8ACA09CF80CC0A6EB9306DF
:106A50000CF0030C0EEBCC0CC5F888C0DFF830C28C
:106A6000C5F8B0C0DFF82CC2C5F88C80C5F8ECC002
:106A70006063C5F8C800206BC5F8C00040F60A0086
:106A8000C5F8F000C5F8CC900C9AB4F90800C5F828
:106A9000C420C5F890606689C5F8D0703044B0F560
:106AA000F87FA8BF4FF4F870C000E060A069A0EBC9
:106AB00053000B2320622046019A00F049FFD5F8CD
:106AC000C030236303B0BDE8F08FDFF8CC91B4E7AA
:106AD000B9F1000F40D0DFF8B491A94440F6280A7C
:106AE0004FF05045C5F8ACA09CF80CC0A6EB93063F
:106AF0000CF0030C0EEBCC0CC5F888C0DFF890C18D
:106B0000C5F8B0C0DFF88CC1C5F88C80C5F8ECC002
:106B10006063C5F8C800206BC5F8C00040F60A00E5
:106B2000C5F8F000C5F8CC900C9AB4F90800C5F887
:106B3000C420C5F890606689C5F8D0703044B0F5BF
:106B4000F87FA8BF4FF4F870C000E060A069A0EB28
:106B5000530020620923AEE7DFF83C91BDE7BBF1AB
:106B6000000F46D0B9F1000F40D0DFF82091A944C2
:106B700040F6280A4FF05045C5F8ACA09CF80CC070
:106B8000A6EB93060CF0030C0EEBCC0CC5F888C0FA
:106B9000DFF8FCC0C5F8B0C0DFF8F8C0C5F88C80DD
:106BA000C5F8ECC06063C5F8C800206BC5F8C0002C
:106BB00040F60A00C5F8F000C5F8CC900C9AB4F97C
:106BC0000800C5F8C420C5F890606689C5F8D07083
:106BD0003044B0F5F87FA8BF4FF4F870C000E06013
:106BE000A069A0EB530020620A2364E7DFF8A890B5
:106BF000BDE7B9F1000F40D0DFF89090A94440F60E
:106C0000280A4FF05045C5F8ACA09CF80CC0A6EB84
:106C100093060CF0030C0EEBCC0EDFF874C0C5F835
:106C200088E0C5F8B0C0DFF86CC0C5F88C80C5F846
:106C3000ECC06063C5F8C800206BC5F8C00040F622
:106C40000A00C5F8F000C5F8CC900C9AB4F9080019
:106C5000C5F8C420C5F890606689C5F8D070304486
:106C6000B0F5F87FA8BF4FF4F870C000E060A069ED
:106C7000A0EB5300206208231DE7DFF81C90BDE75E
:106C80008C2A0310D0180020001008203019002092
:106C9000202401000B240400F01800202DE9F74FF8
:106CA0000C46D4F824C0A84E9CF80470019356F802
:106CB000277094F82C3011469F409CF80B301FFA37
:106CC00087FA57461A46208D9CF80AB0C0F3C215C1
:106CD000C0F30900784394F83C90DFF870E2DFF8E5
:106CE0007082E369A66BED00A4F82AA0002A00F0E8
:106CF0009A80BBF1000F4FD0B9F1000F49D0DFF8F7
:106D00005492A94440F6280A4FF05045C5F8ACA06B
:106D10009CF80CC0A6EB93060CF0030C0EEBCC0C0D
:106D2000C5F888C0DFF830C2C5F8B0C0DFF82CC2A3
:106D3000C5F88C80C5F8ECC06063C5F8C800206B4E
:106D4000C5F8C00040F60A00C5F8F000C5F8CC90C0
:106D50000C9AB4F90800C5F8C420C5F8906066899B
:106D6000C5F8D0703044B0F5F87FA8BF4FF4F87084
:106D7000C000E060A069A0EB53000F232062204612
:106D8000019A00F0E5FDD5F8C030236303B0BDE8FB
:106D9000F08FDFF8CC91B4E7B9F1000F40D0DFF805
:106DA000B491A94440F6280A4FF05045C5F8ACA06C
:106DB0009CF80CC0A6EB93060CF0030C0EEBCC0C6D
:106DC000C5F888C0DFF890C1C5F8B0C0DFF88CC145
:106DD000C5F88C80C5F8ECC06063C5F8C800206BAE
:106DE000C5F8C00040F60A00C5F8F000C5F8CC9020
:106DF0000C9AB4F90800C5F8C420C5F890606689FB
:106E0000C5F8D0703044B0F5F87FA8BF4FF4F870E3
:106E1000C000E060A069A0EB530020620D23AEE744
:106E2000DFF83C91BDE7BBF1000F46D0B9F1000F90
:106E300040D0DFF82091A94440F6280A4FF0504591
:106E4000C5F8ACA09CF80CC0A6EB93060CF0030CA4
:106E50000EEBCC0CC5F888C0DFF8FCC0C5F8B0C09C
:106E6000DFF8F8C0C5F88C80C5F8ECC06063C5F8E1
:106E7000C800206BC5F8C00040F60A00C5F8F00055
:106E8000C5F8CC900C9AB4F90800C5F8C420C5F830
:106E900090606689C5F8D0703044B0F5F87FA8BF1F
:106EA0004FF4F870C000E060A069A0EB53002062CE
:106EB0000E2364E7DFF8A890BDE7B9F1000F40D0DA
:106EC000DFF89090A94440F6280A4FF05045C5F8E5
:106ED000ACA09CF80CC0A6EB93060CF0030C0EEBD8
:106EE000CC0EDFF874C0C5F888E0C5F8B0C0DFF894
:106EF0006CC0C5F88C80C5F8ECC06063C5F8C800EC
:106F0000206BC5F8C00040F60A00C5F8F000C5F8CF
:106F1000CC900C9AB4F90800C5F8C420C5F890606C
:106F20006689C5F8D0703044B0F5F87FA8BF4FF43B
:106F3000F870C000E060A069A0EB530020620C2351
:106F40001DE7DFF81C90BDE78C2A0310D018002045
:106F50000010082030190020202401000B24040018
:106F6000F018002002280CBFFF2000207047704757
:106F7000014B1860704700BFD06A03206FF0704368
:106F800019441A4430B515010C0100EB01110459E4
:106F900000EB02124B68415952688C42934134BF56
:106FA0000120002030BD00000148FDF7C8B800BF37
:106FB0007019002010B9094B19607047022802D1DE
:106FC00041F48071F7E7012806D1044BCAB2196871
:106FD000034B1868FFF738B9704700BF906E032065
:106FE0009CBD012010B5044C237823B10020FCF790
:106FF00045FE0023237010BDA0C10320084B30B50F
:107000001A686FF00205032313FB005413FB0153AE
:1070100013449870105D00B15870115530BD00BF19
:10702000701900202DE9F04F15461E4685B00F9FC0
:10703000A0B36FF002034FF0030800F18054DFF8B3
:107040006890013C4FEA041B18FB003859F80B000C
:10705000144B401BA0FB070C09EB04146168D3F828
:1070600000A061EB06010AEB08030E9A07FB01C1C1
:10707000039300231BF09CFB40190E9B46EB010180
:1070800049F80B0061601AF808002A46009301973E
:107090003346FFF7C7FF039B5878C9E705B0BDE843
:1070A000F08F00BF70190020402B002070470000B7
:1070B00010B5044C0A212346034A0448FDF756F84C
:1070C000204610BD402B00207D6F0010701900205D
:1070D000D0B5FCF7CBFD0446C0B100220026002746
:1070E0000C4B1A600C4BC3E90067FFF7E1FF0B4B39
:1070F0004CF2342118600A4B0A48C3E90067FEF7D6
:10710000E1FE094B18600948FCF7B8FD084B012067
:107110001C70D0BDD06A0320382B002078B101202C
:10712000302B0020A09E36009CBD01203D72001037
:10713000A0C103202DE9F8436FF002010323174D8E
:10714000AC7B2F6813FB0413F9181CB14E78AE7397
:1071500006B9EE7304F18056013E00EB0610826022
:107160000022DDE90889C0E900898A704A70FA5472
:107170006E7B5EB14CB1224631466B68A868984779
:1071800038B121463046FFF739FF34466C73BDE80D
:10719000F88331462046FFF731FFF7E770190020EA
:1071A0008C46F7B50A4F0B4D1146D5E90045D7E996
:1071B0000062A41B65EB0205241845EB0C05CDE924
:1071C00000451A46044B1868FFF7B4FF03B0F0BD42
:1071D000382B0020302B002078B1012070B50446F8
:1071E0000C480E46437B154693B10121FDF715F877
:1071F00000F18050013804EB00108168064B074A0B
:10720000002918BF13463360836801202B6070BDCE
:107210001846FCE770190020E523001081240010B7
:10722000054B5B7B23B100EB031050E90401704771
:1072300000200021704700BF701900202DE9F04F99
:10724000514B05461B7885B0022B02D10020FBF77D
:10725000C9F80026D5F80C80DFF84891DFF848A17E
:1072600046450BD32B68EA685B68AA6003EB820291
:107270009A4240F0828005B0BDE8F08FD9F8003026
:107280000027A8EB06045BBB9AF80D3043B33F4BD5
:107290003F4A1868FFF7C4FFD2E90032DFF800E187
:1072A000DEE900CEB3EB0C0362EB0E021B184CF2CE
:1072B000342042EB0102A3FB003100FB02113548F0
:1072C000354A181841F1000100231BF071FAA04261
:1072D00071F100033CBF04460F4654EA070308D08F
:1072E0002B68224659682D4B01EB86011868FEF782
:1072F00097FF29492644A4FB0104002301FB074111
:107300004CF234221BF054FA254CD4E900371B18F8
:1073100047EB0107C4E90037D9F800303BB11C4FF7
:10732000D7E900321B1842EB0102C7E90032DFF84F
:107330005CB0174F9AF80D30002B91D0DBF800307D
:1073400018460193FFF76CFFD7E90032C01842EBF3
:107350000101D4E90032834272EB0101019BFFF489
:107360007FAF184603AA02A9FFF738FF00283FF4B1
:1073700077AFDDE902309847DCE7B3F90010C900C8
:1073800023F8021B74E700BF7CCD032078B10120F5
:10739000382B00203F420F0040420F009CBD0120CF
:1073A000302B0020D06A0320701900200149487B4F
:1073B000FFF738BE7019002007B5CDE90001054B75
:1073C0000549D3E900230868FFF7F0FF03B05DF833
:1073D00004FB00BF302B002078B10120000000002A
:1073E000BC6C7C677C6F64003C603D6A7C6A24886E
:1073F0002D882543C4682D192C06E40D6444248887
:107400006D04B641F6436D0EEC4001D0744064004B
:107410000C800231514500DA404748470125BD67DD
:107420007C6E247864B23D6D6C43BD6C64197C67DE
:107430007C6F64003C603D6A7C6A24882D8825430B
:10744000C4682D192C06E40D644424886D04B641EB
:10745000F6436D0EEC4001D0744064000C800231A4
:10746000514500DA40474847BC6C7C677C6F3D69FA
:107470004E08AE5D64003C603D6A7C6A24882D88BD
:107480002543C4682D19AD192C06E40D64442488E5
:107490006D04B641F6436D0EEC4001D074406400BB
:1074A0000C800231514500DA404748470125BD674D
:1074B0007C6E247864B23D6D6C43BD6C64197C674E
:1074C0007C6F3D694E08AE5D64003C603D6A7C6A3D
:1074D00024882D882543C4682D19AD192C06E40D88
:1074E000644424886D04B641F6436D0EEC4001D02F
:1074F000744064000C800231514500DA404748472F
:10750000BC6C7C677C6F056946694561AD1906797D
:10751000F540641964003C603D6A7C6A24882D88CB
:107520002543C4682D192C06E40D644424886D0499
:10753000B641F6436D0EEC4001D074406400046126
:107540000C800231514500DA404748470125BD67AC
:107550007C6E247864B23D6D6C43BD6C64197C67AD
:107560007C6F056946694561AD190679F540641976
:1075700064003C603D6A7C6A24882D882543C46889
:107580002D192C06E40D644424886D04B641F6439D
:107590006D0EEC4001D07440640004610C80023137
:1075A000514500DA40474847BC6C7C677C6F0569F1
:1075B00046694561AD190679F54064193D694E0883
:1075C000AE5D64003C603D6A7C6A24882D8825435A
:1075D000C4682D19AD192C06E40D644424886D048B
:1075E000B641F6436D0EEC4001D074406400046176
:1075F0000C800231514500DA404748470125BD67FC
:107600007C6E247864B23D6D6C43BD6C64197C67FC
:107610007C6F056946694561AD190679F5406419C5
:107620003D694E08AE5D64003C603D6A7C6A24881A
:107630002D882543C4682D19AD192C06E40D64442A
:1076400024886D04B641F6436D0EEC4001D07440C1
:10765000640004610C800231514500DA404748471C
:10766000BC6C7C677C6F4D0875442E883444640084
:107670003C603D6A7C6A24882D882543C4682D19A6
:107680002C06E40D644424886D04B641F6436D0E67
:10769000EC4001D07440640004610D6825440D6025
:1076A0000431514500DA404748470125BD677C6EEB
:1076B000247864B23D6D6C43BD6C64197C677C6F4B
:1076C0004D0875442E88344464003C603D6A7C6AF1
:1076D00024882D882543C4682D192C06E40D6444A4
:1076E00024886D04B641F6436D0EEC4001D0744021
:1076F000640004610D6825440D600431514500DAD1
:1077000040474847BC6C7C677C6F4D0875442E88A9
:1077100034443D698E08AE5D64003C603D6A7C6A1D
:1077200024882D882543C4682D19AD192C06E40D35
:10773000644424886D04B641F6436D0EEC4001D0DC
:107740007440640004610D6825440D6004315145A6
:1077500000DA404748470125BD677C6E247864B253
:107760003D6D6C43BD6C64197C677C6F4D0875443E
:107770002E8834443D698E08AE5D64003C603D6AED
:107780007C6A24882D882543C4682D19AD192C06E0
:10779000E40D644424886D04B641F6436D0EEC405C
:1077A00001D07440640004610D6825440D6004310B
:1077B000514500DA40474847BC6C7C677C6F6400E9
:1077C0003C603D6A7C6A24882D882543C4682D1955
:1077D0002C06E40D644424886D04B641F6436D0E16
:1077E000EC4001D0744064004D0875442E88344448
:1077F0000D6825440D600431514500DA4047484783
:107800000125BD677C6E247864B23D6D6C43BD6C10
:1078100064197C677C6F64003C603D6A7C6A2488E4
:107820002D882543C4682D192C06E40D6444248852
:107830006D04B641F6436D0EEC4001D07440640017
:107840004D0875442E8834440D6825440D6004317C
:10785000514500DA40474847BC6C7C677C6F3D6906
:107860008E08AE5D64003C603D6A7C6A24882D8889
:107870002543C4682D19AD192C06E40D64442488F1
:107880006D04B641F6436D0EEC4001D074406400C7
:107890004D0875442E8834440D6825440D6004312C
:1078A000514500DA404748470125BD677C6E247882
:1078B00064B23D6D6C43BD6C64197C677C6F3D693F
:1078C0008E08AE5D64003C603D6A7C6A24882D8829
:1078D0002543C4682D19AD192C06E40D6444248891
:1078E0006D04B641F6436D0EEC4001D07440640067
:1078F0004D0875442E8834440D6825440D600431CC
:10790000514500DA40474847AFF30080AFF30080AD
:10791000E17300101D74001069740010AD74001044
:10792000017500104D750010A9750010FD7500104F
:1079300061760010AB7600100577001057770010C5
:10794000B97700100178001059780010A97800105C
:10795000F0B544464D4656465F46F0B4644618B40A
:1079600082B0DD0803D14C0081690C4402E08C0038
:10797000C1690C44A24601948D4C9B00E458A34677
:107980008C4CA446046AA6468B4F0478002C52D136
:107990008A4CA1464378002B02D0C4780123A3402F
:1079A000013B874C874D4678AE5D750603D36E0E5E
:1079B0008578ED007619A41900940589002D01D170
:1079C00001321FE0804CA04601321A4200D05847D5
:1079D0000489C5781600EE407607760F009DAD5DF0
:1079E000E6436E43F610A4190481458964191F26E5
:1079F0003601B44200DD3400E400C4600489002C88
:107A000000D05847446AA479002C04600DD0457911
:107A1000AE07B60F8670AD0864190F2C00DD0F2479
:107A200044700C252D1B00D3C570012404708A46B8
:107A3000624CA0465847019CA1426DD0A2460478F2
:107A4000012C69D1614CA1464378002B02D0C47847
:107A50000123A340013B5A4C5D4D4678AE5D75064F
:107A600003D36E0E8578ED007619A4190094541C8A
:107A70001C4209D00489456AED790F2D04D02609EE
:107A8000AE4201D122462AE0524CA04601321A42AF
:107A900000D05847009CC5781600EE407607760F58
:107AA000A55D04896419650A01D040F2FF140481C0
:107AB000458964191F263601B44200DD3400E40014
:107AC000C4600489456AED790F2D02D02609AE42C3
:107AD00005D0651C6D0A00D158478A465847466A4A
:107AE000F5780024002D00D1347A0460002C0DD0EC
:107AF0004579AE07B60F8670AD0864190F2C00DD0E
:107B00000F2444700C252D1B00D3C5700224047073
:107B10008A462E4CA0465847019CA14237D0A24627
:107B20000478022C33DB2C4CA1464378002B02D086
:107B3000C4780123A340013B214C254D4678AE5D1E
:107B4000750603D36E0E8578ED007619A41900949E
:107B5000224CA04601321A4200D05847009CC578FA
:107B60001600EE407607760FA55D0489641904813E
:107B7000661C750A09D1458964191F263601B4426D
:107B800000DD3400E400C46058478A46584702B01C
:107B9000FCBC9C46A046A946B246BB46D20803D1CF
:107BA0008069091A4808F0BDC069491A8108F0BD0A
:107BB0001079001000140820800000D0377A0010DF
:107BC0000016082070160820C9790010197B0010D3
:107BD000801608208D7A00108F7B0010557B0010D6
:107BE000006900F0A6B9406900F0DEB910B504469E
:107BF0000520FCF771FB82001820B2FBF4F2064965
:107C000012020B7A434303F1A04303F54013C3F878
:107C1000C8204C6010BD00BF5C71032038B50369FB
:107C200004465B680D461868054B5B68984201D0B6
:107C3000FFF7DCFF29462046BDE8384000F0D1BA06
:107C40005C71032038B5036904465B680D4618680B
:107C5000054B5B68984201D0FFF7C8FF29462046D4
:107C6000BDE8384000F03FBA5C71032008B50F4B07
:107C70000021186800F02FFA0D4B18605B7A9B0109
:107C800003F1A043DA6840B922F010021A61094AF0
:107C90001A604FF48072DA6108BD016842F0100288
:107CA00049681A6182681960F5E700BF5CB001207D
:107CB0005C710320EC8303202DE9F04F0C4689B062
:107CC000019007212078FCF771FB60780721FCF711
:107CD0006DFB607807210130FCF768FB404EE578CA
:107CE000DFF814B1294630468BF80850FDF792FDB5
:107CF00030463C49FDF7D0FD4FF4803300F10709D1
:107D000003934FEA093394F801A043EAC01327789C
:107D100023F0C04304934FEA8A2307F01F0103F4C2
:107D2000F8430B4343F0804343F4801306934FEA38
:107D30001A113B0943EA812343F07F4343F47F0355
:107D400043F4034343F0E0030793274B02462946DD
:107D50000593304603ABFDF75EFE4FF001080322AA
:107D600008FA07F302FA0AF213431A462946304684
:107D7000FDF708FE304600222946FDF7CEFD182209
:107D800002FB056609F01F03C6F8D830BFF35F8F0A
:107D9000A4782046FDF762FC0020630305F1080289
:107DA000124923F4FC0343EA4243A20102F1A04238
:107DB00043F0190301EB85018BF809401060516015
:107DC00090600B4913610B208022FCF727F9094AC8
:107DD000019808FA04F4C2F8144409B0BDE8F08F21
:107DE00000003050F82A0310000006401000305008
:107DF00015130020002000505C7103202DE9F04194
:107E000005461C48164698460F46069CFDF795FA0F
:107E10006B6819481A68194B31461A60184A5A603B
:107E200004234246838000F041F9DFF86C806B68E0
:107E3000C8F800001868FFF7D9FEBFF35F8F74B968
:107E40006B681968DB88022B0CBF0E480E48FDF7E3
:107E5000A3FA6EB10D4C0E4B002F18BF1C462046E6
:107E60002946D8F8002000F027F90120BDE8F0816C
:107E7000084CF4E75E2E0210E0190020F46A03209B
:107E800001000200772E02109A2E0210C019002065
:107E9000A0190020801900205CB0012070B5114DA0
:107EA00004462B78834213D001460B20FCF766F87A
:107EB0000D4E74B1FFF7DAFE01210C48327A0368E7
:107EC000914023EA010304FA02F2134303602C7089
:107ED00070BD31680029EFD0054B186800F0F1F84B
:107EE0003460E9E79FC103205C710320000030503B
:107EF0005CB001200346002230B5DD68EFF310844A
:107F000072B628680028FCD0BFF35F8F186910B1E3
:107F100045691D614261DD68BFF35F8F2A6084F3AC
:107F2000108810B909B120BFE7E730BD0069FFF73D
:107F3000E1BF10B5C468EFF3108372B62268002A5F
:107F4000FCD0BFF35F8F02694A61C2680161BFF371
:107F50005F8F0021116083F3108840BF10BD40691E
:107F6000FFF7E7BF30B5034600245869EFF31085EB
:107F700072B60268002AFCD0BFF35F8F986918B10F
:107F800042699A6152B9DA615A69BFF35F8F14602E
:107F900085F3108820B919B120BFE6E74461F3E703
:107FA00030BD4069FFF7DEBF10B54469EFF31082C2
:107FB00072B62368002BFCD0BFF35F8F83695BB977
:107FC000C1614B6181614369BFF35F8F002119601B
:107FD00082F3108840BF10BDC3695961C161F2E7E7
:107FE0000069FFF7E1BFF8B58F88416005460C20B6
:107FF00016465743FAF71EFF044670B13946012072
:10800000FAF72CFF606028B1276000232C60EE6037
:10801000AB60F8BD2046FAF73BFF0024F5E700000F
:108020002DE9F84F81460D46012020219246FAF7AE
:1080300015FF044605B318212846FAF70FFF064638
:108040004FF00008D9F8003006F11807636005F119
:10805000FF3BA84512DB0620FBF7EAFEC4E9030656
:108060000720FBF7E5FE0023C4E906330B4B6061F4
:10807000A3602046BDE8F88F2E46E1E7A7F118007F
:1080800052464946FFF7AFFFC34514BF3B460023A6
:1080900008F1010847F8043C1837DAE7E81900202E
:1080A00008B5FFF7BDFF0022027008BD08B5FFF755
:1080B000B7FF0123037008BD88609060C0E9041217
:1080C000704703460020086198681B780BB9436825
:1080D0001847C368FCE703461B7880680BB9036840
:1080E00018478368FCE72DE9F041002704460E4657
:1080F000B846B3689F4205D331462069BDE8F041D8
:10810000FFF717BFA5692DB901216069FFF7F2FEDE
:10811000C4E90605D4E90620B568D368ED1B1B1A2F
:108120009D4228BF1D46136832685B68516803EBA7
:10813000800001EB8701AA001AF08AFAE369A169BD
:108140002F441D44CB68E5619D42D2D160698D60AA
:10815000FFF72AFFC4F81880CBE72DE9F84304465F
:108160004069FFF7C7FE88460546A8B10027B94613
:10817000EB68BB4208D9A6698EB941462069FFF772
:10818000F1FEA06150B91FB1AF602846BDE8F88389
:1081900029466069FFF7CDFE0025F6E7E661D4E9E0
:1081A0000621EE689368F61B5B1A9E4228BF1E46A6
:1081B0002B685868136800EB87005B68B20003EB1C
:1081C00081011AF045FAE369A16937441E448B68BE
:1081D000E6619E42CCD12069FFF7ABFEC4F818904F
:1081E000C6E708B5FFF7B9FF08BD0000417801F008
:1081F0000103DA1C8907825C0DD4094B1B68C01A85
:10820000084B1B88434350B200EB2340064B1B68CE
:1082100003EB800070470433C35C02EB0320F5E7F7
:108220006869032064BA03203473032041780D4A3F
:1082300001F00303D35C4907C25C0DD40A4B1B68F1
:10824000C01A0A4B1B88434350B200EB2340084B33
:108250001B6803EB800070471844437802EB03204F
:10826000F5E700BF102B03106869032064BA0320F0
:108270003473032030B544781F2C1AD90E4BE20713
:1082800019680E4B1B6812D40D4A0E4D12682D88CA
:10829000821A6A4390F9020000EB2242134403EB76
:1082A00054135B7803EBC30301EB830030BD4288BA
:1082B000F4E70020FAE700BFFC700320747103208C
:1082C0006869032062BA03208369094A1A420CD004
:1082D0000A21084B42891B6801FB0233B3F90400F1
:1082E0002D2390FBF3F040077047C06A704700BF32
:1082F00001000010B46903202DE9F0411C4E1D4D12
:1083000033682A681C4F1D4C03EBD37302EB6302E6
:108310003B682A60226803EBD37302EB6302184BBD
:10832000DFF86C801868D8F8001000042260F8F7B5
:10833000FCFE144B30601868D8F800100004F8F701
:10834000F4FE3368296803EBD372A1EB62010B449E
:10835000226829600C4900EBD075A2EB65020B6026
:108360000A4B3860104422601860BDE8F08100BFFD
:108370008C69032090690320806903209869032099
:1083800084BE012078BE0120946903209C690320EB
:10839000EC700320084B1A68084B1A60084B1A68E7
:1083A000084B1A60084B1A68084B1A60084B1A6889
:1083B000084B1A60704700BF90690320B86A032019
:1083C00098690320BC6A03208C690320B46A0320E7
:1083D00080690320B06A032038B51C4B1C4A196819
:1083E0001C4B1D4819601D4B1B6813601C4A92F9F9
:1083F0000020E2B91B4A126802601B4A12681B4C3B
:10840000134422601A4A006813601A4C1A4B08443D
:10841000206018680004F8F798FE184B01461860B1
:108420004FF48030F8F791FE154B186038BD154AAF
:1084300001EBD17412681568EA68A2EB640202606D
:108440002A6903EBD374A2EB6402D8E7B46A032071
:10845000806903208C69032090690320B06A03209F
:10846000401A0020B86A0320BC6A032098690320E0
:108470009C6903209469032084BE0120441A0020D3
:10848000EC700320606E03201049114810B5096894
:10849000104C00682368104A01EBD17100EB6101B8
:1084A00042F833100D490E480968006801EBD1719C
:1084B00002EBC30200EB610151600A22013393FB1E
:1084C000F2F102FB1133236010BD00BF8C69032061
:1084D00090690320B8690320BC69032080690320E8
:1084E000986903202DE9F74F3C493D480968008809
:1084F0006FF0004301EB800001900020394A834671
:108500008246904681469E46374D384E384CDFF8BD
:10851000E4C02B6033602260CCF80020019FB94298
:108520003ED100B12260BBF1000F00D02B60BAF148
:10853000000F02D02F4BC3F80080B9F1000F01D01B
:10854000C6F800E03268286823681204326000042C
:10855000294E1B0423601B1A3360284BDCF80010E3
:10856000286018680904CCF800100004891AF8F78C
:10857000ECFD234D0446286831680004F8F7E5FD5A
:10858000204B4FF400118442D4BF1C60186028684F
:108590000004F8F7DAFD1C4B186003B0BDE8F08F5B
:1085A000B1F90070774509DB47450BDCB1F9027082
:1085B0009F420BDB97420DDC0431AFE7BE464FF024
:1085C0000109F3E7B8464FF0010AEFE73B464FF0E9
:1085D000010BF1E73A460120EEE700BF34730320B8
:1085E000E2AE0320010000804C6A0320486A0320A9
:1085F0001C6A0320186A0320106A032084BE01202D
:1086000078BE0120446A0320146A0320214A70B511
:10861000D2E9003253EA020106D000201E49087058
:108620006FF000401D4908601D4801680B441D495A
:1086300003600C6822441C4C0A60256805EBD57465
:1086400003EB64036610194C2468A34202DDA41BEB
:10865000046003E0164C2468A342F8DB154B1C6849
:1086600004EBD4735E1002EB6303134A1268934267
:1086700002DD921B0A6003E0104A12689342F8DBA5
:1086800003680F4A2B4413600B680E4A234413609F
:1086900070BD00BF84690320401A00207CBE012009
:1086A00090690320986903208C690320186A0320CD
:1086B000486A0320806903201C6A03204C6A032057
:1086C000946903209C6903200122F8B52E4B2F4C9E
:1086D0001A706FF000422E4B21681A6000232D4A59
:1086E0002D4D13602D4AC2E900334FF480332C4ADC
:1086F00013602C4A13602C4B18680004F8F715FD22
:108700002A4B2860186821680004F8F70EFD284BF2
:1087100028491860284B044693F9006027488B5D70
:10872000274A2BB3D42303FB0622026003682D687B
:108730001A68244FD36805EBD571A3EB61033B6046
:108740001369214E04EBD471A3EB61033360FFF78F
:108750005DFF3A681D4B1E481A6032681D4B1A6057
:108760001D4B1D601D4B1C60BDE8F84013F036BB6F
:10877000026011F8016B1EB1D42101FB0322D4E782
:108780000133042BF5D1D1E7A1C10320EC70032004
:108790007CBE012054B001208C6903208469032031
:1087A000C8620320586A032084BE012078BE0120DD
:1087B0008069032048CD032048C30320606E032056
:1087C0000C6B03209069032098690320B86A03208A
:1087D0001C1A0020BC6A0320B46A0320B06A03207C
:1087E00000234FF0FF31054A42F8331001330A2BC2
:1087F000FAD10022024B1A60704700BFBC69032007
:10880000B86903200023134A10B51360124A134CB1
:1088100013604FF4A072124B1A60A822114B1A6019
:10882000FFF7DEFFFFF75EFE4BF233312068F8F70B
:108830008CFC0D4A0D4B126818609042C8BF22682C
:108840004FF48030C8BF1A601968F8F77EFC084BF7
:10885000186010BD8CBE012088BE0120446A032030
:1088600084BE012078BE0120146A0320441A00202F
:10887000EC700320002208B5044B05481A7013F071
:10888000ADFA0122034B1A7008BD00BFA1C103203D
:10889000041A0020341A0020F8B5104C23780BB9C4
:1088A000FFF7E8FF00230E4E0E4F237096F90020CD
:1088B00097F900300C4C9A420C4D05D194F90020E8
:1088C00095F900309A4205D0FFF79CFF3B78337052
:1088D0002B782370BDE8F840FFF7F6BE341A00206D
:1088E000011A002028C60320001A002007C6032012
:1088F00008B5074B4FF480301968064B1960F8F73C
:1089000024FC054B1860BDE80840FFF7F5BC00BF2C
:10891000446A0320441A0020EC70032008B5074B7A
:108920004FF480301968064B1960F8F70EFC054BC0
:108930001860BDE80840FFF7DFBC00BF146A0320E1
:10894000441A0020EC70032037B58F4B05461B7886
:10895000047873B9002C3AD18C4B42681B789A4248
:1089600035D1FFF799FF8A4B1C700124204603B0D4
:1089700030BD002C40F0E680864A436812789A4267
:1089800027D1854B93F9003043B9844B4FF48020B5
:108990001968F8F7CAFB824B18600124814B93F9E0
:1089A00000301BB1804B1B78032BDFD8297A7F481E
:1089B000F8F766FB0028D9D003227D4991F90030F1
:1089C000013393FBF2F202EB42029B1A0B7000247C
:1089D000CCE7784A12789A420CD16F4B93F9003069
:1089E000002BDBD16D4B4FF480201968F8F79DFB0D
:1089F0004042D0E7704A12789A420DD1664B93F903
:108A00000030002BCAD1654B4FF480201968F8F76D
:108A10008CFB634B5860C0E7684A12789A420CD1CD
:108A20005D4B93F90030002BB8D15C4B4FF48020A4
:108A30001968F8F77AFB4042EBE7614A12789A42EC
:108A400008D14FF6FA225F4B1A605F4B02F62422E0
:108A50001A60A2E75D4A12789A4206D1594B5C4AE5
:108A60001A604FF6FA22584BF2E7484A12789A42B7
:108A700007D10122574B1C60454B1A70FFF7FAFED5
:108A80008BE7554A12789A420FD1524B1A68002A46
:108A90000CBF012200221A6004D1FFF77BFCFFF714
:108AA00027FF7AE7FFF798FC77E74C4A12789A425B
:108AB00014D1394B93F90020002A0CBF0122002267
:108AC0001A706FF00042464B1A60464B08BF464A88
:108AD0001B6818BF454AC3F8A0205EE7444A1278D5
:108AE0009A420ED1434B93F90020002A0CBF012279
:108AF00000221A703B4B08BF3F4A1B6818BF3F4A11
:108B0000E9E73F4A12789A4210D13E4B3E4C1B682F
:108B10001421009320463D4B3D4AF9F77EFF314B2F
:108B20001B68C3F8A040FFF7AFFC36E7394A12785C
:108B30009A4205D1FFF754FE2A4B374A1B68CAE711
:108B400000242BE7012C7FF442AF124A43681278CD
:108B50009A4208D1104B93F90030002B7FF437AFC5
:108B60000F4A136033E7134A12789A42F2D0124A3E
:108B700012789A4252D1084B93F90030002B7FF4BF
:108B800026AF074A536022E7A1C103204118002005
:108B90007AD2032045180020401A0020EC700320F0
:108BA0008469032053C303205C1A0020381A002074
:108BB00031C3032044180020471800204618002025
:108BC00042180020586A0320C8620320431800207E
:108BD0001E0501007CB00120401800203F18002035
:108BE0007CBE0120606E0320BE2E0210CD2E02102E
:108BF0003E1800202DC60320DD2E0210E52E0210A7
:108C00003D180020B8690320DBC10320EE2E0210BE
:108C1000FA2E02103C180020002F0210094A127888
:108C20009A42A8D0084A12789A4204D0074A127889
:108C30009A427FF4CCAE4FF48033054A1360054A64
:108C40008FE700BF4618002042180020431800207C
:108C5000586A0320C8620320114B10B5114C1968E3
:108C60002068F8F762FA014620604FF48030F8F788
:108C70006CFA0D4B0D4A186012682368934203DAB0
:108C8000BDE81040FFF734BE094A1268934203DD85
:108C9000BDE81040FFF742BEBDE81040FFF72CBB17
:108CA000586A0320441A0020EC700320446A032011
:108CB000146A03202DE9F047244D254C2B682268C7
:108CC0001B68D868824203D162681B699A423AD015
:108CD000DFF898A0DFF89890DAF80010F8F725FA96
:108CE000DFF89080D9F8001000EA0800F8F71DFAC4
:108CF000184E194F3368DAF8001003EBD373A0EB6A
:108D000063002B6838601B681869F8F70EFAD9F809
:108D1000001000EA0800F8F708FA104B31681B68E9
:108D200003EBD372A0EB62000D4A034410603A6873
:108D30000A440C490A600C4A13602B681B68DA6805
:108D40001B6922606360BDE8F08700BF606E03208E
:108D50007CBE01208C690320906903208069032078
:108D600098690320946903209C690320441A002019
:108D7000EC7003200000FFFF08B50F4B1B78CBB150
:108D80000E4A1368013313600D4B93F900300BB199
:108D9000FFF790FF0B4B1B68B3F5803F01D0FFF747
:108DA0005BFF094AD2E90032134303D0BDE8084013
:108DB000FFF72CBC08BD00BFA1C1032054B00120A7
:108DC000401A0020C862032084690320044B054A2E
:108DD0001B68126801465A43034B186819F078BAA9
:108DE00084BE012078BE012090BE01202DE9F84FFD
:108DF000984B0C464268196806468A4215DC964B29
:108E00001B689A42ACBF002201229200F36899428B
:108E10000DDB914909688B42ACBF002301239B0005
:108E20001A4206D00020BDE8F88F0822EEE708239A
:108E3000F6E78A4D37682868874270DA42F0010207
:108E4000B168884272DD43F001031A42EAD1DFF8CB
:108E50001C82381AD8F80010F8F767F9DFF810B25A
:108E6000DFF8F4A1DBF800307D4F03EB20432360F3
:108E70007068DAF80030D8F80010C01AD7F80090FF
:108E8000F8F753F9A9EB2040DFF8E891D8F8001083
:108E9000D9F8003018446060B3682868181AF8F7E9
:108EA00044F9DBF80030D8F8001003EB2043A3604E
:108EB000F068DAF800303D68C01AF8F736F9D9F8EA
:108EC00000306168A5EB20421A440029E26036DBDD
:108ED0003B689942B4BF0021012189002368002B1F
:108EE0002FDA41F00101002A32DB3B689A42B4BF1D
:108EF000002201229200A368002B2BDA42F001022B
:108F000011428FD1574B3D68D3F800B005F1FF3EB9
:108F10000BF1FF3C51EA020323D1012083E75249C0
:108F200009688F42C8BF42F0020289E7DFF838C102
:108F3000DCF800C06145C8BF43F0020385E70821A3
:108F4000CCE7484800688342A8BF41F00201CAE765
:108F50000822D0E7434800688342A8BF42F00202DB
:108F6000CEE7002914BF08461046060720D5D4E9ED
:108F70000037A668A6EB030807FB08F8E668A7EB2E
:108F8000060A98FBFAF89844002381424CD1002B42
:108F9000C4E9008341DB9D42CCBF0023012399003B
:108FA000B8F1000F3BDA41F001011142B2D039E7CC
:108FB000430710D5D4E9007AA368A3EB0708AAEB0E
:108FC000050303FB08F8E368AAEB030398FBF3F837
:108FD0007346B844D9E710F002080FD0D4E90098DE
:108FE000E368ACEB0907A3EB08037B43A768A7EB97
:108FF000090793FBF7F34344E046C6E758B1D4E9C9
:109000000079E368A668A9EB03037B43F71B93FB96
:10901000F7F34B44B9E70346B7E70821C0E7C34578
:10902000C3DC41F00201C0E7002BC4E902830ADB84
:109030009D42CCBF002301239A00B8F1000F04DA4F
:1090400042F00102B1E70822F7E7C345D8BF42F07A
:109050000202AAE79C690320986903209069032013
:1090600078BE012084BE012094690320441A0020A8
:1090700088BE01208CBE0120026883682DE9F04F74
:109080009B1A83EAE375002BA5EBE375C46843687C
:10909000A8BF4FF0010EA4EB030484EAE479A9EB26
:1090A000E479B8BF4FF0FF3E002C1D4CA8BF4FF035
:1090B000010CD4F800801B4CB8BF4FF0FF3C4D456D
:1090C0008B4624684FEA45064FEA490711DDA7EBB6
:1090D000660904FB038505F802B0856895421CD03B
:1090E000B9F1000FA4BFA9EB060963447244B94467
:1090F000EFE704FB0CF95C43A6EB670508EB020AFB
:109100000AF804B0C168994207D0002DA4BFED1B36
:109110007244634435444C44F0E7BDE8F08F00BF2F
:1091200090BE012084BE012010B50C460549FFF712
:109130005DFE28B12146BDE810400248FFF79CBF04
:1091400010BD00BFA4BE01202DE9FF472A4E2B4BC6
:1091500032681B680546D31AC3F31604002C35D0B9
:109160005B42C3F3160358BF5C42C4F500041444C9
:10917000DFF89480DFF894A0D8F80030204F02EB9D
:109180000309DAF800203B680192134403934C452D
:109190001EDB1C4BDAF800201B68D31AC3F316043D
:1091A000FCB15B42C3F3160358BF5C42C4F5000434
:1091B00014443F68D8F800301744326813440092D2
:1091C0000293BC420FDB04B0BDE8F0871446CFE742
:1091D0002946684600940294FFF7A6FF04F50004B0
:1091E000D5E71446E5E72946684601940394FFF75E
:1091F0009BFF04F50004E4E7906903208CB0012094
:109200008069032090B001208C69032098690320B5
:109210002DE9F84300254E4FDFF850813C684D4E54
:10922000B8F80030AB4201DCBDE8F8832046FEF719
:10923000DDFFB0F90030DFF820911B042046C9F8AB
:109240000030FEF7D3FFB0F9023020461B04C9F806
:109250000430FEF7EBFFB0F9003020461B04C9F8DC
:109260000830FEF7E3FFB0F902301B04C9F80C30F8
:1092700096F90030E3B194F90030002B02DA96F948
:1092800000303BB12046FEF7F5FF10BBB02132485D
:10929000FFF74AFF62783149C2F34303CB5CD20740
:1092A0004CBF1B0903F00F03053301351C44B7E71E
:1092B00020460FF0F9FF0028DDD1294B1B68DB6B3E
:1092C000002BE7D094F90030002BE3DB6321484604
:1092D000DEE720460FF0A4FF272801D1B821D6E70A
:1092E00023789A06D2D42046FEF7C4FF1D4BB0F96E
:1092F00000101A681C4BD3F800E06378DB075FBFEF
:10930000DFF86CC03B68BCF800C0E31A5BBF0CFB25
:1093100003F394F902C063880CEB234373445B7836
:1093200003EBC30302EB830C32F923308B4201D0F1
:109330004021ACE7B0F90220BCF902309A4201D0DA
:10934000E721A4E796F90030002BA3D060219EE727
:109350006869032031C30320106903209882031039
:10936000606E0320FC70032074710320CEAE0320D6
:1093700062BA03202DE9F843D40CDFF8589004F5C5
:10938000006339F813701B0103F48033FF1A0E4693
:10939000054639460068F7F7C8FE39F8141024016D
:1093A00004F480340C1B214680463068F7F7BDFE7C
:1093B0002146A8EB00082868F7F7B7FE39460446AF
:1093C0003068F7F7B2FE04443460C5F80080BDE8A9
:1093D000F88300BF0C9102102DE9F04F0F4615469F
:1093E0001E4604464FF0000885B0DDE90F9AB845E7
:1093F00002DB05B0BDE8F08F2168D4F804B000911D
:10940000CDF804B045B12846F7F78FFE59460090D5
:109410002846F7F78AFE019026B13246684601A930
:10942000FFF7A8FF009BA1684B440093019BD4F871
:109430000CB0534401930291CDF80CB045B12846CD
:10944000F7F773FE594602902846F7F76EFE039031
:1094500026B1324603A902A8FFF78CFF029B68469B
:109460004B440293039B0E995344039308F1010864
:10947000FFF75AFE1034BAE730B50E4B85B093F9BA
:1094800000500D4B1B681C682046FEF71DFFD122C3
:109490000346D4E903100092CDE9011035B1002252
:1094A00010210648FFF798FF05B030BD2A46072176
:1094B0000348F7E731C30320606E0320442B0310F9
:1094C000442C03102DE9F04306460025154FDFF824
:1094D0005880DFF8589085B03B88AB4202DC05B07D
:1094E000BDE8F0832422D8F8003002FB05339C8AC3
:1094F000ACB104F1006404F54044A4002046FEF73A
:10950000E3FE226903460292E2680321CDE900628C
:1095100048464FF48012FFF75FFFA48BE8E7013560
:10952000DAE700BFD8AE0320FC700320142B031031
:109530002DE9F84F0126DFF890A01F4FDFF88C903F
:10954000DFF88C80DAF800305A1C2ED0D9F80000F1
:109550003968181AF7F7E9FD184AD8F80050DAF810
:10956000043005EB20451068DFF868B0181A396838
:10957000DBF80040F7F7D9FD114B1A68D8F8003036
:10958000AB4212DC0F4B1B68053BAB420DDBA4EB7F
:10959000204111448A4208DCDBF80030063B8B4254
:1095A00003DB2846B2B2F8F795F901360B2E0AF123
:1095B000080AC7D1BDE8F88F441A00209869032033
:1095C0008CBE012084BE0120BC6903209069032069
:1095D00088BE012078BE0120064B1A68064B1B6826
:1095E00002FB0333054A03EBD37312685B10D054BC
:1095F000704700BF78BE012084BE012090BE0120CC
:1096000008B5134B1B780BB3124B00201A68124B92
:109610001A60FFF7DBFB114B93F9003013B16820A0
:10962000FFF792FDFFF7F4FDFFF726FF0C4B93F9D0
:109630000030022B03D110217020FFF743FF602080
:10964000FFF7CAFFBDE80840FFF772BF08BD00BFC3
:10965000A1C10320E02B002090BE01202DC60320D5
:1096600031C3032010B5084B1B7833B110BD03F094
:109670001FF910B9204601F027F9F7F7F1F8044671
:109680000028F4D1F2E700BF85D103202DE9F04195
:10969000294DDFF8D08016F0A7F8284A2B7898F8E3
:1096A00000401278E41A18BF012412F0FD0F39D1DE
:1096B00023B9234B1B680BB102F048FC214EFAF78B
:1096C00003F82B78327813430BD11D4B1B6843B141
:1096D000D4201D4B93F900201C4B00FB02300FF0EF
:1096E0004FFE1B4F2B783A789A4203D013B10020DB
:1096F000F9F7BAFC2B7888F800303B70154B1B78D3
:1097000083B13378B3B9144B19680431134B322247
:109710001868134B44381B6800EBD07003EB6000F3
:10972000F8F7DBF8204617F0F7F8F7F72DF92046A1
:10973000BDE8F0810421E9E72BC603201ED30320F6
:10974000D0620320A1C10320BDC303200C6B032002
:10975000481A002047CD032070730320F0700320C7
:109760006C730320491A002008B5F7F7DDFCF9F700
:10977000C5FAF9F79FFFF9F7E5F8F7F7BDFCF7F73A
:10978000BCFCF7F7BBFCF7F7BAFC0420F7F7B8FC12
:109790006722044B1A7069225A7062229A707222F0
:1097A000DA7008BD37C6032010B5F9F75BFCF7F790
:1097B00027F9084B1B7863B1074B1B784BB9074C53
:1097C000FFF764FF2378002BFAD1BDE81040F9F7CA
:1097D00051BC10BD721800200FCD03201ED30320F2
:1097E00008B5104B1B78032B06D10F4B1B78052BAC
:1097F00002D10E48FBF7A1FD01220D4B1A700D4B53
:109800001868F9F730FCF9F760FFF7F7F9F8F8F79F
:1098100069F80FF099FBF9F701FFF7F7E1F8FFF7A7
:10982000C3FFFCE72CC6032006C60320172F021037
:1098300063CA0320CC620320044A1368013B002B57
:109840001360BEBF0122024B1A707047D86A032012
:109850008FC103200122014B1A7070478FC1032072
:10986000D42110B53F4B404A93F900303F4801FBEB
:109870000322002313713E4A13703E4A13703E4A7E
:1098800013703E4A13703E4B19780368052914BFC4
:109890000622072203F1010315BF93FBF2F493FBA9
:1098A000F2F202FB1433C2EBC20208BF9B1A036040
:1098B000062B1BD8DFE803F0042C303A3C51530050
:1098C000304B314A1B78022B40F2811318BFAA2378
:1098D00013604FF003022D4B1A702D4B2D4A1A6066
:1098E00001D1422000E01D2011F0F8FC2A4B1B782A
:1098F000032B0CD1264C27492068F9F704FF30B917
:109900002648F8F725F80028BCBF254B236010BD7A
:10991000244801F011FEE9E7C8221B4B1A6003221C
:109920001A4B1A701A4B204A1A60DFE71F48F0E7FB
:109930000322164B1A70134B134A1B78022B144B3D
:1099400005D140F281111160124A1A60C9E7C8209E
:1099500004291060E7D8164AE6E71648D9E7164802
:10996000D7E700BF48C303200C6B0320F8BC0120DD
:109970008FC1032079D2032047CD032006C60320E0
:109980005C1A00205D1A0020D86A03202BC6032031
:10999000D46A0320FC2F02102CC603202A300210A8
:1099A00033300210053002100B300210123002105A
:1099B000183002101E300210243002100022054B15
:1099C0001A704FF0FF32044B1A600122034B1A70D9
:1099D000704700BF06C60320F8BC01208FC10320DA
:1099E00010B5164C2378042B22D11548F7F7B0FF99
:1099F000002805DB012323700220124B187010BDD4
:109A00001148F7F7A5FF00280EDB002323700F484D
:109A1000F7F79EFF00280FDC0D48F7F799FF0028A5
:109A2000D4BF00200120E8E72378042B00D100BE3A
:109A30002378002BE0D1EAE70320DEE729C60320E4
:109A40003C3002105D1A00204230021047300210F4
:109A50004C300210174A184B18491A60184A0978F6
:109A6000127892B9012902D1164A1A607047164A33
:109A70001278032A01D1154AF7E7012A01D1144AC5
:109A8000F3E7002AF2D1134AEFE7022901D1124A83
:109A9000EBE7012901D1114AE7E7012A01D1104A78
:109AA000E3E7032A01D10F4ADFE7022ADED10E4A9B
:109AB000DBE700BF51300210CC6203202CC603202C
:109AC00029C60320FC2902105D1A0020593002101B
:109AD0006B3002107B300210C7290210DC29021003
:109AE0008A300210A0300210BC300210064B1A78E7
:109AF000064B196801B97047187A0C339042F8D1B7
:109B00000348FBF749BC00BF5C1A0020202D03105E
:109B1000D43002102DE9F7437F48F9F727F97F4841
:109B2000FBF70BFCF7F7CAFFF7F7DBFE7C48FBF708
:109B300004FCFFF719FE7B48FBF7FFFB7A48F7F7B9
:109B4000DBFE7A4B7A4E18687A4D0830F6F7A4FEA1
:109B50003070FFF745FF2B78774C012B06D9022B8D
:109B600040F0BA803378012B40F0BB8004230127FA
:109B7000DFF8209223703B464A4606216846F8F7F4
:109B80004CFF6846F7F7E4FE002819DD012168461E
:109B9000F7F728FF90F800806846F7F73DFFA8F137
:109BA0006A03032B0CD8DFE803F002050709012341
:109BB000237008E00223FBE70323F9E70423F7E718
:109BC0000137042FD7D12378042B00F28C802B7817
:109BD000032B40F08B8001232B705848F7F7B8FE19
:109BE0000028574CC0F28D805648F7F7B1FE002888
:109BF000ACBF022301232370FFF72CFF524B1868E0
:109C0000F9F7D4F82378012B04D15048FBF795FBE2
:109C1000F9F7C0F84E48FBF790FBF9F757FDF9F755
:109C20005FF90120F8F7E6FD0124F8F74FFE002365
:109C3000484A494E494FDFF86081DFF86091484853
:109C4000136089F8003034703C7088F80040FBF7EE
:109C500074FB03F0EDF94348FBF79EFB0FF0FCF9B2
:109C60004148FBF76AFB0CF0BFFA4048FBF765FB85
:109C70003F4B19683F4BC9001868C00011F034FA17
:109C80003D48FBF75AFB00F0DDF8FFF72FFF3B489C
:109C9000FBF753FB02F052F83948FBF74EFB12F08A
:109CA0001BF82B78022B06D13648F7F751FE002817
:109CB000BCBF354B1C70354B1B78032B0AD099F871
:109CC000003033B398F9002097F9001096F900009E
:109CD00001F0CCFAFFF784FD032B7FF474AF05236A
:109CE00066E7062364E7052B7FF477AF2B78022B1A
:109CF0007FF473AF3378023B012B9CBF0123337099
:109D00006BE72348F7F724FE0028FFF675AF03231F
:109D100071E7FFF753FEDDE704310210193102103D
:109D2000463102106C310210AA47021064800320F1
:109D300029C603205D1A00205C1A00208A31021017
:109D40002CC6032093310210CC620320A3310210F1
:109D5000843202106872032083D1032080D1032053
:109D6000A6320210C7320210EB3202100933021081
:109D7000301C0020341C0020233302105133021009
:109D8000773302109133021085D1032006C60320D9
:109D90009A3102108331021082D10320A2C1032024
:109DA0002DE9F74F1E4E88460025B1461D4BDFF8C2
:109DB00090A001901A7802BB1AF80520EAB118F8B1
:109DC00005B0BBF1000F18D1174F184AA6EB0904D4
:109DD000A4105443164950223846F8F7FBFDD4210D
:109DE000FA79104B2244FA71124A0AF804B092F937
:109DF000002001FB0292C2F8A0700135042D06F18B
:109E0000D406D7D10C4B019A1A600C4B1B780BB1BE
:109E1000FFF726FD03B0BDE8F04F01F0FDBC00BF29
:109E20000C6B0320B8C30320C3C303201D52138C43
:109E30000634021048C30320686A03208FC1032040
:109E400048CD03202DE9F04FDFF8FCB097B0334840
:109E5000F6F7A2FEDFF8F4A09BF90030DFF8F090EF
:109E600003939AF90030DFF8EC80049399F90030FD
:109E70000021089398F90030294F09934FF0FF33E0
:109E80000E93284B284E1B78284D0A933B78284C7C
:109E90000593337801A806932B780B9107932368D9
:109EA0000D93F6F789FE039B0E9A8BF80030049B06
:109EB00011998AF80030089B89F80030099B88F8CE
:109EC00000301C4B1A701C4A9DF82C301370059AF8
:109ED0003A70069A3270079A2A700D9A2260174AD1
:109EE000117013B11648FBF728FA109B154A191E7A
:109EF00018BF0121012B117094BF00210121022BF9
:109F0000517094BF00210121032B94BF0023012332
:109F10009170D37017B0BDE8F08F00BF4C1A0020CD
:109F200011CD03205C1A00203EC403207BCD03200A
:109F30006872032081D1032062CA032048C3032032
:109F40001D34021048CD032053C3032080D10320C9
:109F500082D1032083D10320F8B5002302211D4ABA
:109F60001D4C13701D4A11701D4A13701D4A137049
:109F700003F044F8237801214BBB1F2011F020F996
:109F800000221146184B207893F90040174B93F9A3
:109F900000C0174B1F78874209D110B95F68BC42D7
:109FA00005D19F68BC4504BF0122D3E903560131A6
:109FB000162903F11403EDD11AB10E4B1E600E4B9E
:109FC0001D6000230D4A13700D4A1360F8BD412037
:109FD000D4E700BF06C6032029C603202BC60320F2
:109FE0007AD20320A1C1032007C6032028C603207C
:109FF000C02D0310A0BE01209CBE01203FC4032041
:10A0000098BE012000207047F8B51C4B1C4D1978F4
:10A010002C6802290AD1322C08D90023194AD07A97
:10A0200030BB0133042B02F1D402F8D101340229F0
:10A030002C6021D0144E3778B7B9144B186818F03B
:10A040007DFB00EB4000FA3084420DD90123FF2252
:10A0500033700F4B2F601A700E4B93F90030032BA7
:10A0600002D11E2011F03AF9BDE8F840F8F7E8BB3C
:10A070000822094B1A70D9E7F8BD00BF5D1A00200D
:10A0800098BE01200C6B03203FC40320A0BE01201A
:10A09000491A002007C6032006C60320264B2DE9D7
:10A0A000F0471D68072D0EDD244B4FF00A0A1E688D
:10A0B00003230A3D95FBF3F55046214FDFF88C80D2
:10A0C000DFF88C900DB9BDE8F08716F8014B002C35
:10A0D000F9D00A2C04D10AF10B0A2046013DF1E720
:10A0E0003B5D03F00303022B08BF203C213C3F2CC7
:10A0F00001D9041DF1E7B8F800301C44114BA2B29D
:10A100001B6833F91210104B1B6853F82130D9F833
:10A11000001023F07F43CC18E478CB5CE40104F416
:10A1200080741C430444B4F5A07FCCDC022DD4DC45
:10A130005146F7F7CFFBD0E798BE0120A0BE012023
:10A1400025C00310608003207C69032080A40320C5
:10A15000681800200C4B93F90030013B032B05D805
:10A16000DFE803F0060E0210002070470748704732
:10A17000074B06481A78074B042A98BF18467047C1
:10A18000054870470548704707C603200B3002108A
:10A190005C1A002018300210AF370210B8370210D6
:10A1A000034B1B7813F0FD0F01D1FFF777BF70470A
:10A1B0003FC4032007B50C4B1B78834211D101A883
:10A1C00017F0ACFF002203460848114690F9000042
:10A1D0000BF02EFB002002F027FB012003B05DF8FE
:10A1E00004FB0020FAE700BF34180020A7CD0320AD
:10A1F000038870B5012B00EB430401D1807870BD5A
:10A20000002308250E4A0230117A5B0029B9116833
:10A210004E1C1660097815725160117A013911725D
:10A2200051684E0801F001010B43018856608B42D2
:10A2300003D242889B1AE05CE1E70430E4E700BF08
:10A24000E0BC012000232DE9F74F43600360B44BCD
:10A25000B44C93F90070052391FBF3F303EB8303F4
:10A26000C91AB14B07EB870213445B5C8371AF4B98
:10A270001B78DA08A25C03F0070322FA03F3DB077A
:10A2800000F10482AA4BAB4A93F90030D65C331E2E
:10A2900018BF01230193A84BA84D1B78DA08A15CD5
:10A2A00003F00703D940A64B01F001011A78D30847
:10A2B000E35C02F00702D340A24A13F0010392F8D4
:10A2C00000C04FEADC0E0CF0070C40F0E18114F8FE
:10A2D0000E2022FA0CF2D60700F1DA812B6002225E
:10A2E000019D002D00F0DF8113B1974B33F9113040
:10A2F00014F80E2022FA0CF2D20703D5924A32F952
:10A3000011209B1A914A1578EA08A25C05F007050E
:10A31000EA408F4D12F001022D7818BF8D4A4FEAA6
:10A32000D50C14F80CC005F007052CFA05F518BF7C
:10A3300032F91120ED0742BF864D35F91150521BFD
:10A34000854D2D784FEAD50C14F80CC005F00705A3
:10A350002CFA05F5EE0707D4804DDFF8D8C195F942
:10A3600000501CF805501DB1774D35F911505B1B9D
:10A370007B4D2D784FEAD50C14F80CC005F007057D
:10A380002CFA05F5ED0707D4764DDFF8A8C195F94D
:10A3900000501CF805501DB16B4D35F911502B4480
:10A3A000714D2D784FEAD50C14F80CC005F0070557
:10A3B0002CFA05F5EE0707D46C4DDFF878C195F956
:10A3C00000501CF805500DB101254571684D2D78E0
:10A3D0004FEAD50C14F80CC005F007052CFA05F56A
:10A3E000ED0707D4634DDFF84CC195F900501CF818
:10A3F000055045B14FF0000C457945F00205457117
:10A400005D4D85F800C05D4D2D78002D40F06981CF
:10A410005B4DD5F80080B8F1000F00F06281D425C3
:10A42000584CDFF87CC105FB0744002594F85DE03B
:10A43000BEF10A0F08BF94F85CE01CF815407445A3
:10A4400002D00135092DF8D14F4C4FF0D40B94F8C0
:10A4500000904E4C4FF0090A2478DFF828E149EAD1
:10A46000040426462C460BFB07EE44440934B4FB97
:10A47000FAF707EBC707E41BAC4216D01CF81470C0
:10A48000082F40F02481B9F1000FEED00EEB070B3E
:10A490009BF95EB0BBF1000FE7D037B99EF965704C
:10A4A0001FB1DEF83070002FDFD00CEB440C9CF8AD
:10A4B0000150447944EAC50444F004044471002581
:10A4C0002F4C2560324C1B4D94F900402C5D1CB183
:10A4D000204F37F911703A442E4F97F90070EF5D15
:10A4E0001FB11C4F37F91110521A2B4991F9001066
:10A4F000002900F08880294FDFF8A8C03978DCF8FF
:10A5000000E0A14200F00281BEF1010F40F3FE80A5
:10A5100019493C70002C47D00C7801340C7043E092
:10A5200048C3032008C6032034C303205B1800205F
:10A5300059180020EDCC03205A1800201C7303206A
:10A5400063180020621800204230031061180020B8
:10A5500060180020463003105F18002057180020B4
:10A560005E180020561800205D180020F5CC03204E
:10A570005C180020541800204FC303202BC6032072
:10A58000746A03200C6B032029C603205D1A002087
:10A5900058180020551800202818002051C3032007
:10A5A00008300310D0BC0120002791F90040022C94
:10A5B00001BF44790F7044F00204447118BFCCF815
:10A5C00000706149614C91F900106F5C2178604D19
:10A5D000B942D5F800C000F0A680BCF1010F40F3ED
:10A5E000A2805C49277017B10C7801340C700027E9
:10A5F00091F90040022C01BF44790F7044F002042D
:10A60000447118BF2F60544D544C296827680A4480
:10A610000199002900F0938003EB4703002121609A
:10A620006FF03104A242B8BF2246322AA8BF3222BC
:10A63000A342B8BF2346322BA8BF32232960437000
:10A64000474B02701A7812B1197081234371454B40
:10A650001A783AB100221A70434B1B789B0063F0C2
:10A660007D034371414B1B785BB1414943880A88A4
:10A6700013449BB203F1800202F47F429B1A428092
:10A680000B800123C37103B0BDE8F08F012301E605
:10A69000384A2E6892F900203244052A2A607FF752
:10A6A0001EAE0A461CE623B1334B33F812305B4230
:10A6B000438014F80E3023FA0CF3DE0705D52E4D37
:10A6C000438835F812201344438000231AE6A7F18B
:10A6D000050BBBF1010F3FF6D9AE002E7FF4D6AECD
:10A6E000C3E60025DFF898E05EF8047B3F784FEA88
:10A6F000E70C14F80CC007F007072CFA07F7FE0761
:10A700003FF5D7AE0135082DEED1D8E6194991F9BC
:10A71000001071441429CCF80010C1BF0021174C5F
:10A72000397021704DE7134991F9001061441429E3
:10A730002960C1BF0021074D2170297063E741885E
:10A74000A1EBC701418069E75918002052C30320DB
:10A75000D4BC012050C30320546A0320506A032054
:10A760006CD103206DD10320A7CD032062CA032042
:10A770006EA303201ED203203C3003104FC30320DE
:10A780001C300310F8B53648F7F70EF9354B1B8827
:10A79000C01A354B1870354B1B78022B0ED1344B39
:10A7A0001B78072B0AD1334B93F900300B2B55DD67
:10A7B000142BCCBF7F237E232F4A13802F4B1A6884
:10A7C0002F4B1A602F4B1A780AB9FF221A700024F7
:10A7D00027462D4B2D4D1C702D4E2E4B16F8012B60
:10A7E00005F8017B32B113F8482C012A04BF02227C
:10A7F00003F8482C18461022002117F069FD034683
:10A800000134042C03F1D403E8D10024224B19496C
:10A81000224891F9001090F90000002293F90030CD
:10A820000BF008FC1E4B1A781E4B1A701E4B1C7046
:10A83000F7F742FA202221461C4817F049FD1C4B2D
:10A840001C601C4B1C601C4B1C701C4B1C701C4B5C
:10A850001C701C4B1C605C601C72F8BD7D23ABE758
:10A86000C55502107CA3032073D103205D1A00207C
:10A870005C1A002028C603202AB50320D0620320DA
:10A880004C690320491A00202BC6032023D2032041
:10A8900048CD0320586B03202AC6032007C6032097
:10A8A00048C30320BDC3032006C6032008C60320F7
:10A8B000546A0320506A032047CD03206DD1032042
:10A8C0006CD10320ECCC0320F8B5037804464BB9D7
:10A8D00082685C2A06D1614A137883F00103137001
:10A8E0000120F8BD5E4D5F492A78097853EA0200DD
:10A8F0001CD15D4866680078864217D119B95B485B
:10A9000090F9000090B95A4A5A4992F9003091F9E9
:10A910000010594801335BB2042B08BF0023C45C0C
:10A92000002CDCD19942F5D11170D9E75348007859
:10A9300001430DD15249097809B9032A08D123B13D
:10A94000023B012B13D863688BB101F09DFFC7E771
:10A950007AB12B78022B04D12046FFF753FB002855
:10A96000BED1237883B1012B33D0022B3ED00020FF
:10A97000B7E7204611F032FA0028B1D12046FDF7A2
:10A98000E3FF0028E5D0ABE73E4A636812789342C4
:10A990000BD14FF0FF313C4A11603C4A1278934290
:10A9A0000AD101223A4B1A709AE73A4A1278934236
:10A9B000F3D10121344AEFE7FF2B91DC0122364825
:10A9C000D90803F0070302FA03F3425C134343542C
:10A9D00086E76268FF2ACADC2F48D10802F0070226
:10A9E0009340425C22EA03034354C0E72B4B01250A
:10A9F00093F900702A4B606893F900C0002329493D
:10AA000005FA03F211F801EF024014BF01260026F7
:10AA1000BEF1000F07D132B1BB421AD14FF0FF3E59
:10AA2000194AC2F800E00133082B0E70E8D10A2160
:10AA30001D4BA26893F900301C4805335A4392FB22
:10AA4000F1F20260E268534393FBF1F3184A13609A
:10AA500046E7634504BF0C4A1560E4E76FD1032065
:10AA60002BC6032070D103205018002053C30320AD
:10AA7000BDC3032048C3032048CD032006C60320DE
:10AA8000B8C3032040C60320746A03205118002075
:10AA90006CD103203FC6032008C6032053180020B2
:10AAA00052180020ECCC0320D71B0020506A032052
:10AAB000546A032038B5D42303FB00F40C4D04F191
:10AAC0002C0018220021284417F002FC002304F176
:10AAD00044025119AB508B8028592A19816921F4FD
:10AAE00080218161C2E92933A2F8B03038BD00BFAE
:10AAF0000C6B03202DE9F0434FF0D40C85B06E466B
:10AB00000CFB00F71D4C07F14C0525443C4495E82F
:10AB10000F0086E80F00D4E9259862460021204600
:10AB2000D4F89C7017F0D4FB96E80F0085E80F006E
:10AB300040F20113A4F8883000232371C823236254
:10AB40004FF00133E365FA23A366D4F88C30C4E9EF
:10AB5000259803F00203C4F88C30094BC4F89C70AC
:10AB60001A68A2675A68E2679A68DB68C4F88020AE
:10AB7000C4F8843005B0BDE8F08300BF0C6B03203F
:10AB8000E81B0020D42303FB00F22DE9F047824CA0
:10AB90008246A0580F46B8B9504501DB01200FE0AE
:10ABA00003FB00F2A258B7F90050D168B1EB054F92
:10ABB00008D1B7F902101269B2EB014F02D100209F
:10ABC000BDE8F0870130E7E7B1F90060B1F9025064
:10ABD00036042D042A46314606F016FB0028EED036
:10ABE000DFF8E481DFF8E49198F800301F2B0BD9EF
:10ABF00003F01F0339F8130020B100F1006000F5E5
:10AC00004040800007F004FED42303FB0AFA98F8C2
:10AC1000002054F80A3002F01F026BB15F4960480F
:10AC20001944814201D8990700D000BE03F15F4367
:10AC300003F57D03C3F38F0329F8123098F8003031
:10AC400029460133304688F800300EF02BFA2D21CA
:10AC5000B7F90430844693FBF1F1A3F1E10292B21B
:10AC60002C2A4FEA812140F28A80B1F5A05F26DCD0
:10AC7000A3F1B40292B22C2A31D9B1F5805F1ADC6B
:10AC8000A3F15A0292B22C2A05D9B1F5006F0EDC5D
:10AC900021F480637BB9434801F5006230F812303B
:10ACA000120102F480329B1A30F811201CE0873B1D
:10ACB0009BB22C2BEFD900BE0022134614E0A3F563
:10ACC000877292B22C2A5FD96FF49D7213449BB2A3
:10ACD0002C2BF0D8334B344AB3F8003803E0334A16
:10ACE00002F500531B681268142101FB0360304B0E
:10ACF00001FB02511E682F4BBCF800201F682E4B31
:10AD0000D3F800E00EEB020393F804C0DD782B4B80
:10AD10001EF802201B6805EB0C252B44D20993F882
:10AD200001C002D0BCF11F0F32D91CF0010F03BFCC
:10AD3000DFF89CE093F90230BEF800E05B8804BFC6
:10AD400005FB0EF503EB25430AB103EB5C133B4413
:10AD50005B7803EBC30336F923202723920307F024
:10AD6000B5FCD422164B93F9003002FB034423694F
:10AD7000012B3FF413AF232110F080F90EE70A4AAC
:10AD80001368A2F50052AEE7064B0E4A1B88AAE7ED
:10AD90004FF0FF33DBE700BF0C6B0320FCFFFCDF51
:10ADA000FBFF03000C9102100C1103100CE10210C8
:10ADB000FC70032074710320007103206869032074
:10ADC00048C303200C010310A3C10320EEA20320FB
:10ADD00062BA03202DE9F843154B164F1B68164A3B
:10ADE000DB1B5E101E2B054602FB06F600DC00BED8
:10ADF0004FF014084FF00A0902F084F990FBF6F3C3
:10AE000003FB160409FB047428462146FFF7BAFE2B
:10AE100030B120460135E580BDE8F84308F0AAB816
:10AE2000B8F10108E8D1054809FB0500F4E700BFC7
:10AE3000D8BC012054C30320CDCCCCCC4CCD0320B6
:10AE40000022034B1A700622024B1A70704700BF93
:10AE50006AD1032006C6032008B5094B1B78022BD4
:10AE60000BD10848F6F774FDC043C0F3C03006228A
:10AE7000054B1870054B1A7008BD0120F7E700BF9D
:10AE80005D1A0020CC5502106AD1032006C60320AB
:10AE90002DE9F041634C00252746634E357017F8C5
:10AEA000013B13B12846FFF705FE0135042DF6D10D
:10AEB0005E4D2B780BB1FDF7DDFC5D4B1F785D4BD4
:10AEC000022F93F900100DD008297AD0092909D151
:10AED0000122594B83F8B32083F8872183F85B2242
:10AEE00083F82F23D420554B554A93F90060524BD9
:10AEF000DFF870E100FB063393F8B33001F1FF3C5B
:10AF00001371504B022F93F900009EF800E000F1FE
:10AF1000FF331360C2F808C060D1BEF1000F57D0F4
:10AF20000F2952D01F296ED0474B022F1B68136187
:10AF3000464B1B685361464B1B6893614FF00003FF
:10AF4000D36162D1212906D0424B33F91C3003EB87
:10AF50008303C3EBC3034FF0040CC2E90836364F3A
:10AF6000374EDFF8048114F8013B06F13C0E86F8F9
:10AF70002830D7F89430BCF1010CF362D7F8983040
:10AF800006F12806B360D7F89C30F360D8F800309B
:10AF9000336107F14C030FCB07F1D4078EE80F00A4
:10AFA000E1D101222C4B26481A702C4B85F800C0A9
:10AFB00083F800C010F0A6F9BDE8F041204812F077
:10AFC0002DB907233370BDE8F0811E23D360ABE7B2
:10AFD000A1F11F03012B16D80F23F7E7BEF1000FD5
:10AFE00001D00823F2E709290DD1032B9CD8DFE813
:10AFF00003F0020406080323E8E70523E6E7062337
:10B00000E4E70223E2E7D1608EE70328DBBF0A23EF
:10B0100003FB00100F4B124BCCBF33F9113033F947
:10B02000103094E748CD032006C60320A1C10320B9
:10B030005D1A002028C603200C6B032048C30320A0
:10B040007480032007C60320FC720320F8720320DB
:10B0500004730320782F03102BC603207AD2032019
:10B06000B82F03106AD10320506903200822124B25
:10B070001A70124B197849B1D420114B93F9002062
:10B08000104B00FB0233012283F8B3200E4B1B78D8
:10B09000022B10D10D4B93F900201B781F2B0AD8DF
:10B0A000012393400A4A1A401AB913F0802F02D0A4
:10B0B00009B1FEF751BF704706C603206AD10320CD
:10B0C00048C303200C6B03205D1A002028C6032010
:10B0D0004008104010B50024074B084A1C70084B6C
:10B0E000DB6801331370FFF74DFB0122054B1C7029
:10B0F000054B1A7010BD00BF2BC6032028C60320C5
:10B100007480032006C603207AD203200322014B59
:10B110001A70704706C6032008B5054B2022187028
:10B120000448F7F757FC0122034B1A7008BD00BF13
:10B13000A7CD032086CD03206DD1032030B587B085
:10B1400001A816F0EBFF019B02A9A3F58052019222
:10B15000314A0344116000220493304B00F58055BE
:10B1600004462F481A7003928DF81420029509F0B6
:10B17000ADF909F03BFA09F01BFC09F0C7FD0AF034
:10B18000B9F809F02FFA9DF814302BBB0299254825
:10B19000491BFAF701F9029A23482346294690F9F8
:10B1A0000000521B0AF044FB044670B30124202225
:10B1B0001E491B48F7F70EFC00221D4B1A704CB1BC
:10B1C000D4211C4B93F900201B4B01FB02331B4A7B
:10B1D000C3F8A02007B030BD0823029A8DF81430C0
:10B1E000049B9A42D2D09DF81420029B072ACDD905
:10B1F0005A1C0292039A1A70039B1B0A03939DF830
:10B200001430083B8DF81430EDE701220C490D484D
:10B2100001F0D8FACBE700BF08710320A6CD0320C8
:10B2200086CD0320D2550210A7CD0320AA470210D5
:10B2300006C6032048C303200C6B03206E56021081
:10B24000B5A10010E5550210044B1870044B19709D
:10B25000044B1A700222044B1A7070474CC303202F
:10B260004AC303204BC3032006C603202DE9F8433D
:10B27000DFF84491064699F800300C46154623B194
:10B28000002389F800300FF011FF3C4B042E1B788F
:10B29000B046A8BF4FF00408042B394F4DD9002CFD
:10B2A00051D0012C50DC002D55DD092D03DD3B78FC
:10B2B000022B18BF092501F03DFF032E4DDC314B59
:10B2C0001B78003B18BF01232F4A13702F4B1B78AC
:10B2D000002B44D1032ED4BF0026012602222C4B82
:10B2E0002C491E702C4B64B21A7183F8D82083F855
:10B2F000AC2183F880220123284A6DB2137000220A
:10B300000A70274989F800200A70264A1370264AD5
:10B310001470264A1570264A82F800803A78022A6C
:10B320001FD10B2D26DD152DB4BF7E237F23214A8F
:10B330001380BDE8F843FFF725BA002C09DD032C84
:10B34000AFDD032400E004243B78002B08BF012478
:10B35000A9E70124A7E70125ADE70123B4E701260A
:10B36000BCE7032C08D0042CE1D0022C14BF7D23B1
:10B370007E23DCE77D23DAE77F23D8E75C1A002011
:10B380005D1A00207BCD03207ACD03203EC403202C
:10B390000ECD0320B8C303200C6B032079D2032009
:10B3A000A1C103207AD2032007C6032028C60320A8
:10B3B0002AC603202AB5032047CD03202DE9F041FA
:10B3C00084B06D460024DFF8C880264B98F8001042
:10B3D0001C700131A5EBC10300AF9D466E4630469F
:10B3E0000AF0C6F998F8003056F83330A3B1C7E92F
:10B3F00001341D4A1D4B391D11603C731C7009F04E
:10B40000ABF870B9D4211A4B93F90020194B01FB0A
:10B410000233194AC3F8A020AD461037BD46BDE837
:10B42000F081164B164C93F90020164B266893F9C1
:10B430000010154B93F90000FFF718FF266009F084
:10B44000C1F909F0A1FB09F0BDFD0AF033F809F0DC
:10B45000C1F800B900BE0D4B1B78002BDCD00DF0FD
:10B4600073FDD9E706C6032004710320A6CD03208F
:10B4700048C303200C6B03207A56021028C6032011
:10B480005069032007C603202AC603206ED103207B
:10B4900005C603200023124A10B51370114A137019
:10B4A00048B90122104B1870104B1A70D870987060
:10B4B00058700F4B187000240E4B1C700E4B1C70F4
:10B4C0000E4B1C700E4B93F900200E4B93F900109D
:10B4D0000D4B93F90000FFF7C9FE0C4B1C7010BD1B
:10B4E000B8C303200ACD032053C3032048CD032053
:10B4F00048C303207BCD03203EC4032011CD03208D
:10B500004BC303204AC303204CC3032006C60320B9
:10B51000084B1B78032B08D8DFE803F00405020969
:10B520006B20704700BE6A2070476D2070476C200A
:10B53000704700BF5C1A00200522024B1860024BC6
:10B540001A707047DCBC012006C603202DE9F041CB
:10B55000504BADF5027D1868F6F726FA00224E4BE7
:10B5600001461A704D4B4E4E1B6853F820304D4823
:10B5700023F07F430068C45CC518A4F16F035842F0
:10B5800032705841484AF5F70DFB00287CD0012362
:10B5900033702C79454B2E7A1C706C79444B95F99D
:10B5A00001001C70AC79434BA9781C70EC79424BBC
:10B5B000EA781C70414C05F109032670404C05F1F6
:10B5C0000D0613F8017BB34204F8017BF9D1002783
:10B5D000DFF800810E3588F80070FFF747FE394B21
:10B5E00014223946184615F8016C16F071FE052133
:10B5F000041F40F8045C7000F6F7CAFA4FF40075B7
:10B60000606127730146324602AB20460095F4F78D
:10B6100017FF62690146821A5210627302ABB21AB6
:10B6200020460095F4F70CFF62690146821A521019
:10B63000A27302ABB21A20460095F4F701FF6269CB
:10B640000146821A5210E27302ABB21A20460095EC
:10B65000F4F7F6FE62690146821A521022742046FF
:10B66000012402ABB21A0095F4F7EAFE88F8004014
:10B67000F7F720FC144B1860144B1F70144B1C7010
:10B680000DF5027DBDE8F081FFF742FFA04280D0BA
:10B6900000BE7EE7DCBC012006C603207C690320D7
:10B6A00061CA032068180020A556021053C3032066
:10B6B0007BCD03203EC4032011CD032048C30320CB
:10B6C00048CD0320E4BC01202C72032079D2032052
:10B6D000B8C303205E1A002038B5154A154D1478FA
:10B6E00024B1002313702B70002038BD2B78002B61
:10B6F000FAD0114B1868F6F78FF9104B2C701C70AC
:10B700000F4B1C700F4BDC709C705C700E4B1C70F0
:10B710000E4B1C700E4B1C700E4B1C700E4B1B788E
:10B720000BB1F7F757FBFEF795F80120DDE700BFF7
:10B730001FD20320B8C30320DCBC01200ACD0320A4
:10B7400053C3032048CD03207BCD03203EC40320F8
:10B7500011CD032048C3032070D10320F8B52D4E2E
:10B7600004467569307B05EB4000FEF741FD10286B
:10B77000074603D1BDE8F840FFF7AEBFC20710D5BA
:10B78000707B05EB4000FEF733FDC30758BF00EBAD
:10B79000D070737C4BBF01304010401040420344D6
:10B7A0007374737C237017F002030ED0B07B05EB2B
:10B7B0004000FEF71DFDC10755BF00EBD073431CD1
:10B7C0005B105B1058BF5B425BB27A07637010D5A9
:10B7D000F07B05EB4000FEF70BFDC30758BF00EB05
:10B7E000D070B37C4BBF0130401040104042034446
:10B7F000B37496F9123017F008074FEA03236380F9
:10B8000006D0307C05EB4000FEF7F2FC6071F8BD1D
:10B810006771FCE7E0BC01202DE9F74FDFF83C82BF
:10B820007E4C41462246002311F8010B28B11079C5
:10B83000022802BF01257A4805700133042B02F16A
:10B84000D402F1D1DFF8D891764D99F80030BBB130
:10B85000591E082B09D84FF4A372DA40D20704D539
:10B860002A78022A0AD100222A700829F1D8DFE8B2
:10B8700001F07C7F8386898C8F92950001232B7049
:10B880000025694F654EDFF8D4A1DFF8D4B11AF86E
:10B89000013B002B3CD0DBF80030B01D03EBC502B0
:10B8A00053F83530C6F806305368C6F80A305F4B97
:10B8B0001B780BB1FFF752FF96F90630322BC4BF4D
:10B8C00001233B705A4B1B6813F01F0201921FD1DA
:10B8D0005B115A4202F0030203F0030358BF5342C4
:10B8E000AB4215D13B789BB1524B502153F82530D8
:10B8F000514A5248F7F791F8D422514B474993F9EE
:10B90000003002FB03134D4AC3F8A020019B3B709B
:10B910000135042D07F1010706F1D406B7D1002542
:10B9200018F8013B53B194F90B20E37A002A05DAA9
:10B9300003F00303012B33D0022B3ED00135042D3D
:10B9400004F1D404ECD13F4C3F4D2378012B04D1BA
:10B950002B78012B01D011F011FC2B782370032BD5
:10B9600058D8DFE803F03A484D52FEF70BFF6CE77A
:10B970000020FFF78FFD68E7FFF720FD65E7FFF781
:10B98000DDFB62E7FFF7E2FD5FE7FFF781FA5CE7C7
:10B99000FEF7E2FA59E7FFF79DFB56E7F7F71AFAC9
:10B9A0002A4A137883F00101012B117002D00FF0A5
:10B9B0006DFBC3E70FF07AFBC0E7254803781BB99E
:10B9C00020222449F7F706F8E37A234AC3F38203D7
:10B9D0001370042389F80030B0E70CF043FA114BE0
:10B9E0001B780BB90FF054FFFDF7C6F903B0BDE8A3
:10B9F000F04F00F0BDBA03B0BDE8F04F11F066BBE8
:10BA000003B0BDE8F04FFEF7FFBA03B0BDE8F04F5A
:10BA1000FDF712BF03B0BDE8F08F00BF0C6B032031
:10BA200006C6032078CD032023D20320B8C3032009
:10BA3000D06203208C320310BB56021027D20320A1
:10BA400048C3032016CD03202BC6032047CD032077
:10BA500086CD0320C8560210A7CD032048CD032071
:10BA6000686A03200381009BC0E90012C3600023C1
:10BA700043660374012383667047436E502B0AD0DC
:10BA80005A1C0344426619740023024413740423AD
:10BA90008366012070470020704700002DE9F047C1
:10BAA00004460E4625460068324FDFF8D480DFF8A2
:10BAB000CC90626E2B1B9A4237DD2B7CFA5C02F035
:10BAC0000302022A08BF203BDBB2202B29D0E26808
:10BAD0009A4226DC5F2B24D89A1A23891A44D9F873
:10BAE000003092B233F91210234B1B6853F8213007
:10BAF000D8F8001023F07F4301EB030C9CF803A05F
:10BB0000CB5C4FEACA1A0AF4807A4AEA030A8244F2
:10BB1000BAF5A07F09DC6168F5F7DFFE5046013514
:10BB2000C7E70430B0F5A07FF9DB0EB3E2682389E4
:10BB3000C2F15F021A44114B92B21B6833F9121022
:10BB40000D4B1B6853F821100D4B21F07F411D68F0
:10BB50006B18DB78695CDB0103F480730B430344EF
:10BB6000B3F5A07F04DC6168BDE8F047F5F7B5BE2A
:10BB7000BDE8F08725C003107C69032060800320A6
:10BB800068180020836E0BB1013B8366704700008C
:10BB9000F0B50125079C184EC0F8B841002436685E
:10BBA000BDF8147080F8BC5136F917E0134EC0F898
:10BBB000B0313668C0F8B44156F82E608C4626F095
:10BBC0007F4E0F4E366876447678A646F6439C4202
:10BBD00000F16C0000DBF0BD069940E91BC220F8C3
:10BBE000647C40F8601C40F808EC00F85CEC40F81D
:10BBF000045C01343244EAE7608003207C6903205E
:10BC000068180020D0F8B431D0F8B011013330B545
:10BC10008B4208BF00236C2400220125C0F8B431F8
:10BC200004FB03035A661A749D66134604226830A7
:10BC3000994200DC30BD04FB03F501334251F7E7C4
:10BC4000F8B50C4606461546FFF7DCFF24B16C2715
:10BC5000013C14F8011F29B96C1E6C2514F8011F52
:10BC600039B9F8BDD6F8B40107FB0060FFF705FF4E
:10BC7000EFE7D6F8B40105FB0060FFF7FEFEEDE745
:10BC800070B5D0F8B83104461B7883B970BDD4F8CC
:10BC9000B4010021401B48BFC01806FB0040FFF75D
:10BCA000FDFE0135D4F8B031AB42F0DCEEE7002503
:10BCB0006C26F7E70246002108B5D2F8B0318B4276
:10BCC00005DCD2F8B8311B7882F8BC3108BD92F897
:10BCD000BC312BB1D2F8B8311B780BB90423836681
:10BCE000FFF750FF01316C30E7E730B5049D0024C9
:10BCF000056701250381039BC0E90012C46680F833
:10BD00007450C36044660474856630BD036F1B784D
:10BD100013B10121FFF7C2BE704708B590F8743027
:10BD200023B1036F1B780BB904238366FFF72AFF47
:10BD3000036F1B7880F8743008BD0000B522014BFA
:10BD40001A80704780A403202DE9F04F594C85B02C
:10BD500023780BB100232370D4214FF0000A4FF059
:10BD6000210B554B554E93F90020554B554D01FB7A
:10BD70000233554A86F800A01360544A544B82F8A7
:10BD800000A0544A83F800A082F800A00293CDF8E6
:10BD900004B02B88DFF87891524651464E48009304
:10BDA0000123FFF7F5FEDFF86C812B88D9F800201E
:10BDB0004A4F32F91310D8F80020494852F82110A0
:10BDC0003A6821F07F410A4452785146CDF800B0DC
:10BDD000C2F1A702FFF746FE424B1B78032B54D853
:10BDE000DFE803F002115D573F4B404A93F9003002
:10BDF00092F90020013B03EBC30313443C4A013B8F
:10BE000052F823300DE03B49384B097893F9003064
:10BE1000042903F1FF3201D8202B38DC364B53F8CC
:10BE2000223003F1FF3B1BF801AFBAF1000F3BD109
:10BE30002B88D9F80020314832F91310D8F80020A7
:10BE40002F4D52F821103A6821F07F410A442121F8
:10BE500052780196009101325146FFF746FF57464E
:10BE6000284E002330461A461946CDE900750AF1DE
:10BE7000010AFFF73AFFBAF1040F06F17806F0D194
:10BE80000123237005B0BDE8F08F1F4BC9E71F4B9E
:10BE9000C7E7164B93F900301F33174AB0E7134B2F
:10BEA00093F900303F33F8E751460D48FFF7E5FDC1
:10BEB000B9E700BF2EC6032048C3032030C30320C8
:10BEC0000C6B032080A40320646E0320A9CB032005
:10BED000ABCB0320AACB0320047E032068180020EC
:10BEE000D87F032029C6032007C6032028C60320C5
:10BEF000D83103105C1A00204C300310CC7A032098
:10BF000090C10320987B0320D1560210AA4702104B
:10BF1000608003207C69032008B50848FFF7B0FE65
:10BF20000748FFF7F3FE074B1B782BB1BDE808402D
:10BF300000210548FFF7B2BD08BD00BF047E032005
:10BF4000CC7A0320A1C10320D87F032008B505487F
:10BF5000FFF7B0FE0448FFF7E0FEBDE808400348E5
:10BF6000FFF710BE047E0320CC7A0320D87F032085
:10BF7000F8B5154D2B6833B1013B2B601BB9134A43
:10BF80001370134A1370134C134A237812781A4310
:10BF900018D0124F3A68D2F8A0209AB10C4E3178DE
:10BFA00001B17BB100210E48FFF74AFE00230121B9
:10BFB0003A68C2F8A030054A11708C222A602278B3
:10BFC00023703270F8BD00BF386A0320ABCB03206A
:10BFD000AACB0320A9CB0320D61B0020646E03202C
:10BFE000047E0320094A0346127890F902000138C2
:10BFF00052B1074A9B1A074A9B1053436FF4EE72E3
:10C0000013440C2B98BF4010704700BF0ECD032087
:10C0100094500310ABAAAAAA044B1B78022B0BBFA7
:10C0200000220222024B034B1A7070472BC60320DA
:10C03000A7CB03202FC60320044B1B78022B0BBF7A
:10C0400000220122024B034B1A7070472BC60320BB
:10C05000A7CB03202FC60320044B1B78022B0BBF5A
:10C0600000220322024B034B1A7070472BC6032099
:10C07000A7CB03202FC603200B4A0C481378C3F12B
:10C0800001035BB213700A4A92F90010094A002BAF
:10C0900018BF0246D420084B00FB0133C3F8A02090
:10C0A0000122064B1A707047D61B002077620210DF
:10C0B00048C303206A6202100C6B0320A9CB032043
:10C0C000024B828A1860024B1A8070470CBC012018
:10C0D00082A403200148FFF7F3BF00BF241B002008
:10C0E0000148FFF7EDBF00BF441B00200148FFF7E8
:10C0F000E7BF00BFF41A00200148FFF7E1BF00BF0F
:10C100000C1B00200148FFF7DBBF00BF8C1B002089
:10C11000112202215E20F5F7E0BB172226213620EE
:10C12000F5F7DBBB08B512220E216020F5F7D5FB31
:10C13000BDE80840102226213620F5F7CEBB0000CE
:10C1400008B518220F216C20F5F7C7FB074B93F9B0
:10C150000020074BB3F91210B3F91000054B103152
:10C160009A5C7830BDE80840F5F7B7BBD61B0020D5
:10C17000441B00205F1A00202DE9F0418CB00621FD
:10C18000684609F0F5FA00250D4EDFF83C800D4FAA
:10C190005DF83540182274B121463046F6F71AFC96
:10C1A000012427F835400135062D06F11806EFD198
:10C1B0000CB0BDE8F08141463046F6F70BFCF0E7E5
:10C1C000A8CD0320C41A00208362021008B50348DA
:10C1D000FFF776FFBDE80840FFF7CEBFAC1A00209E
:10C1E000084A136828B1012808D01068C0000EF072
:10C1F0006DBF002BF9D0013B1360F6E70E2BF4DC8A
:10C200000133F9E7301C0020084A136828B10128DF
:10C2100008D01068C0000EF05FBF002BF9D0013BC2
:10C220001360F6E70E2BF4DC0133F9E7341C002031
:10C2300010B5C0B0044608F001F94FF48072014611
:10C240006846F6F7C7FB054B68461C70FEF75EFFB5
:10C250000022034B1A7040B010BD00BF05C603207A
:10C26000A7CB0320034B1B78022B0CBF02480348CB
:10C27000FFF726BF5D1A00205C1B0020741B002006
:10C2800008B50B4B1B7883420FD10A4A0A4B127830
:10C290001B68022A0CBF094A094AC3F38203D05C17
:10C2A0000EF0F0FE0922074B1A70002008BD00BFF7
:10C2B000341800205D1A0020D0620320E87D0310AE
:10C2C000F07D031006C6032008B5074B1B78834298
:10C2D00007D1064B93F90000FFF7AAFF18200EF0D4
:10C2E000D1FE002008BD00BF3418002079CD032006
:10C2F00008B5084B1B78834209D1074B074A1B68D6
:10C3000012889A820022064B1A70FDF757FB002014
:10C3100008BD00BF341800200CBC012082A40320FB
:10C32000A7CB0320F8B505460C46164605F10807CD
:10C330001322F5F7D2FA0F23214638461422F5F7D7
:10C34000CEFA214605F188001622F5F7C6FA2146F5
:10C3500007EBC6001522BDE8F840F5F7BEBA0000AD
:10C3600010B50D4C0F2226213C20F5F7B6FAB4F992
:10C3700012100A4BB4F910001A681031FFF7D2FFFF
:10C38000B4F91210064BB4F910001A683031BDE848
:10C390001040FFF7C7BF00BFF41A0020341C002074
:10C3A000301C002038B50446CD1D29460C22083823
:10C3B000F5F793FA2946204617230D22F5F78FFA51
:10C3C000294604F1C0000E22BDE83840F5F785BAD1
:10C3D0000122F8B504461F4B1F4D1A701F4BB3F9CD
:10C3E0001210B3F9100001EB041101F10A0300F17E
:10C3F000C50204390B38F6F775FC1822184B19489A
:10C400001C70544367193946F6F7E4FA3846164962
:10C4100015F0E2FF064688B92855144C23786BB115
:10C42000134B1449B3F9003003EB430305EBC3038B
:10C43000184616F0AFF8F6F7BDFA26700E4B3846E0
:10C440001F6016F07BF918220C4B18700C4B1A70F9
:10C45000F8BD00BF86D10320A8CD0320AC1A002070
:10C4600085CD032089D103208362021036C60320C4
:10C4700082A403208E6202104472032087D103201D
:10C4800088D10320044B054A1B6853F820301068FC
:10C4900023F07F43184470477C690320681800200C
:10C4A00038B50C4B04461A880B4B1B6833F9120045
:10C4B000FFF7E8FF4578204616F040F9234622189A
:10C4C0002846934200D138BD13F8011B0A2908BF42
:10C4D0004019F6E780A40320608003202DE9F04195
:10C4E000044616F02BF9214625180024134BDFF8DB
:10C4F00054801E68124B1F88A94202D12046BDE815
:10C50000F08111F8013B18F8032002F00302022A1F
:10C5100008BF203B213B3E2B01D90434ECE73B44D0
:10C520009BB236F91300FFF7ADFFC3780278DB0149
:10C5300003F4807313431C44DEE700BF60800320D4
:10C5400080A4032025C003102DE9F84F07460E46AE
:10C5500090468146DFF86CA0DFF86CB018F8014B0C
:10C5600064B30A2C03D13D460C36A946F6E7144BBA
:10C570001A5D02F00302022A08BF203C213C3E2C37
:10C5800002D909F10405F0E7BAF800201444DBF8F9
:10C590000020A4B232F91400FFF774FFC5780278C6
:10C5A000ED0105F4807515434D44B5F5A07F05DC1C
:10C5B000224631464846F5F790F9D6E7BDE8F88FB0
:10C5C00025C0031080A403206080032070B50B22D7
:10C5D0001C214820F5F781F900240B4E0B4DB5F9CD
:10C5E0001210B5F910002144FFF7DCFEB5F9121066
:10C5F00032462144B5F910001034FFF7A5FF602C36
:10C6000006F11806EBD170BDA8CD0320AC1A0020AE
:10C61000F8B51B4E1D221C214820F5F75EF90025B8
:10C620003746184CB4F91210B4F910002944FFF73A
:10C63000B9FEB4F9121032462944B4F9100010358D
:10C64000FFF782FF602D06F11806EBD10E4B93F930
:10C650000030A3B10D4B93F9005005EB450007EBFB
:10C66000C000FFF73BFFB4F91210B4F9103001EB32
:10C6700005111844064ABDE8F840FFF765BFF8BD4C
:10C68000A8CD0320AC1A002086D1032085CD03203D
:10C69000936202101821084B10B501FB00310446CB
:10C6A000FEF73AFD0022054B1A70054B93F9002066
:10C6B000023208BF1C7010BDA8CD0320A7CB0320F9
:10C6C00079CD032008B5074B1B78834207D1064B71
:10C6D00093F90000FFF7DEFF18200EF0D3FC0020D6
:10C6E00008BD00BF3418002079CD0320012208B511
:10C6F000064B074893F9001090F9000000231144FD
:10C70000FEF7A2FD0020034B187008BDC2C3032032
:10C7100072D10320A7CB0320054B1B78834204D1A1
:10C720000422044B1A70FFF7E1BF0020704700BFDE
:10C730003418002072D1032070B5084C084D2678BB
:10C740002E600125074E25703560074E3060074882
:10C750000360074B1960074B1A7070BDA7CB03200D
:10C76000246A0320346A03202C6A0320306A0320E1
:10C77000286A0320A8CB032010B40C4B0C4C1A7869
:10C780000C4B0D49002A08BF1C460C4B01221868AF
:10C79000434203F0070300F0070058BF584254F823
:10C7A0002000074B5DF8044BFFF7C6BF29C60320E6
:10C7B000802D0310A02D031081C20010D062032031
:10C7C000956202100023FFF7B7BF000008B5084BC1
:10C7D0001A784AB940B107481146FFF7F3FF0648F7
:10C7E000BDE80840FFF76CBC044B18700448F7E73D
:10C7F0005D1A0020B0620210241B0020C2C3032077
:10C800005C1B0020054B1B7813B922200EF03ABCAC
:10C81000012203490348FFF7D5BF00BF79D20320A7
:10C82000F1C200100C63021008B50A4B1A782AB93D
:10C83000BDE8084011460848FFF7C4BF074B1B7806
:10C8400033B90748FFF73CFCBDE80840FFF794BC4C
:10C8500008BD00BF79D20320426302102BC603201B
:10C86000641A0020042804D1012204490448FFF777
:10C87000A9BF044B1870FFF739BF00BF19C70010DC
:10C880007663021072D10320054B1A783AB901225F
:10C890001A70044B044A13609A8A044B1A8070473A
:10C8A000A7CB03208C1B00200CBC012082A40320FA
:10C8B0002DE9F84303460078042818D1A04B1B78D3
:10C8C00073B1A04B1B685BB19F4B1A689F4B9A4298
:10C8D00006D19F4B1878FFF7D3FC0120BDE8F88301
:10C8E00017200EF0CFFB0020FFF746FFF5E70028EA
:10C8F00040F083825C68621CF0D0964A9E6892F990
:10C900000030002B5AD01B2C39D07F2C2BD00D2C73
:10C9100041D0914B1B5D03F00303022B08BF203C69
:10C92000A4F120033F2BD8D88C4B8D4E93F90050A7
:10C9300096F900706B1E9F42CFDADFF82882023D25
:10C94000D8F800904846FFF7C9FDB0EBC50FC4DA30
:10C9500000217B1C337009F8074096F90030D8F8A5
:10C960000020D154B9E77E4A92F90030002BB4DDA3
:10C97000013BDBB213707B4A1268D054ADE71070F4
:10C98000F6F7B6F9754B784993F90020754B18689E
:10C99000F6F720F8A1E71070F6F7AAF96F4B93F9B4
:10C9A0000030182B99D16F4B1B681B78002B94D04B
:10C9B0006E4B93F90000FFF76DFE8EE761490A6840
:10C9C000EAB16B4B1B7863B1202C0AD01B2C08D02A
:10C9D0005F4B1B78A34204D0664B1B78A3427FF4C5
:10C9E0007DAF654B564D1B682B7000230B60564B7B
:10C9F0001B680BB1204698472870182049E0504921
:10CA00000D78002D40F017815C4A1278A2420ED1B9
:10CA1000FFF73AFF5A4B5B4A19785B4B042988BFF2
:10CA200013465A4A13605A4B1D80172031E0594A69
:10CA30001278A24208D11720FFF726FF0EF022FB42
:10CA40002846FFF7F1FE48E7534A1278A24208D180
:10CA50001720FFF719FF0EF015FB2846FFF7B6FB6E
:10CA60003BE74E4A1278A24208D1FFF70DFF474B31
:10CA70004B4A1A600022464B1A80D6E7494A127880
:10CA8000A2422BD117200EF0FDFA474B1B781BB9A1
:10CA900022200EF0F7FA20E7444B1B78002B7FF49E
:10CAA0001CAF434C94F90030002B09DAFFF7ECFE81
:10CAB000FFF762FB3F48FFF703FBFE2323700CE701
:10CAC0003D4A03EB43035A2102EBC3033B483C4A74
:10CAD000F8F7C6FA01223B49384821E03A4A127871
:10CAE000A24206D117200EF0CDFA0020FFF78AFEF1
:10CAF000F3E6364A1278A24203D10020FFF7BCFACF
:10CB000093E7334A1278A2426AD117200EF0BAFA9C
:10CB1000274B93F90030002B05DA002211462D48EF
:10CB2000FFF750FED9E6244A03EB43035A2102EBF8
:10CB3000C3032248284AF8F793FA01222749CBE792
:10CB4000A7CB0320346A0320286A032081C2001087
:10CB50003418002086D1032025C0031088D103207B
:10CB600087D103204472032089D1032085CD03207F
:10CB7000A8CB032033180020246A03203218002099
:10CB80005C1A00200C1B0020241B00200CBC012080
:10CB900082A4032031180020301800202F18002014
:10CBA000F41A00202E18002079D203202BC603206F
:10CBB00079CD0320641A0020A8CD0320C4D103201E
:10CBC000BE630210C5C600102D1800202C180020CE
:10CBD0002B180020F36302102A640210C9C200104F
:10CBE000874A1278A2423FF47BAE864A1278A2426C
:10CBF00019D18549D4200A78013252B2042AD8BF0B
:10CC00001346824A0B7092F90010814A1BB200FB56
:10CC100001221A207F4903FB00130020C2F8A03034
:10CC2000F6F722FA59E67C4B1B78A34240F0E580E8
:10CC3000FFF72AFEF9E6794B1B78A34219D1784C0D
:10CC4000784D2A68B4F90030B2F900201320013A77
:10CC50009342AEBF002301331BB223800EF012FAC1
:10CC60002B68B4F900209B6833F932300133E8D0E7
:10CC700033E66D4B1B78A34215D1694C694DB4F96D
:10CC800000300BB92B681B88013B1BB2132023809B
:10CC90000EF0F8F92B68B4F900209B6833F93230B4
:10CCA0000133ECD019E6614B1B78A3421DD15D4DD9
:10CCB0005B4C2B68B4F900209B6803EBC201496808
:10CCC00000293FF40AAE33F93230022B7FF405AE6F
:10CCD00016200EF0D7F900202B68B4F900209B68CD
:10CCE00003EBC2035B689847F7E5514B1B78A342FF
:10CCF0001CD14C4D4A4C2B68B4F900209B6803EBC7
:10CD0000C201496800293FF4E8AD33F93230022B03
:10CD10007FF4E3AD16200EF0B5F92B68B4F90020CE
:10CD20009B68012003EBC2035B68DCE7414B1B7887
:10CD3000A3421AD13B4B1968394B8A68B3F90000FA
:10CD400002EBC0035B68002B3FF4C7AD32F9302023
:10CD5000002A3FF4C2AD022A888203D101209847FD
:10CD6000162096E69847012093E62B4B1B78A342AA
:10CD700007D12C4B2A4A1B6812889A8200230B7019
:10CD80003BE62D4B1B78A3420CD12649244A0B6865
:10CD9000108898825B68002B3FF49FAD0B609B8AE4
:10CDA000138042E63EB9FF2C05D0BA2C03D0C53C17
:10CDB000012C3FF693AD1B49194C0968B4F900707A
:10CDC000B1F900C07B1C63450ADBBA423FF786AD70
:10CDD0008B6803EBC203DB78B3420CD1228006E000
:10CDE0008D6805EBC305ED78B54202D12380132091
:10CDF0004FE60133E7E70132E7E700206EE500BFC9
:10CE00002A1800202918002078D2032048C30320C4
:10CE10000C6B0320807E03103B1800203918002083
:10CE200082A403200CBC01203A18002038180020EE
:10CE300037180020351800203618002000232DE96F
:10CE4000F04FDFF8AC8195B098F8009088F800308A
:10CE50005D4B1B68002B70D05C4FDFF898813D68FC
:10CE60002846FFF71DFB0446D8F8000008B1FFF77D
:10CE700017FB4FF0000B204400EBD070544E4010D5
:10CE8000C0F16400534CDFF870A1308015F80B300E
:10CE900005EB0B01002B00F094800A464FF00009CF
:10CEA0003EE00A283AD150226846F5F793FDB9F1E1
:10CEB0004F0F9EBF002109F150030DEB03020BF150
:10CEC000010B98BF02F8501CCB446846FFF706FBE5
:10CED00000EBD0704010C0F1A00000B26A46B6F975
:10CEE00000102080FFF730FB3B4B1A88DAF8003047
:10CEF00033F91200FFF7C6FA3288437839681344D1
:10CF0000338011F80B30002BC0D1D8F80020002A54
:10CF1000BCD0A94204BF15469B46B7E709F10109F9
:10CF200012F8010B0028BCD150226846F5F752FDDB
:10CF3000684615F003FC8344C7E7284B1B78002B99
:10CF40003FD0274C2368DB6803B19847002523684E
:10CF5000204F1A8A1E4E3A805A8AB3F900A03280B6
:10CF600055451DD398F8003013B1B9F1000F28D002
:10CF7000B7F90000002824DB1A4B1B49B3F9002045
:10CF800023681A4CB3F91230B1F90010053BA25CCA
:10CF900003EB0111203815B0BDE8F04FF4F79DBC4C
:10CFA00023689B6803EBC5039A782AB1B6F9001091
:10CFB000B7F90000F4F791FC338801351033338062
:10CFC000CEE715B0BDE8F08F346A03202C6A032049
:10CFD0006CBA03206ABA032080A40320A7CB0320E5
:10CFE0000CBC012066BA032082A40320D41B0020BD
:10CFF0002FC60320306A0320608003200022014BEB
:10D000001A707047A7CB0320074A1388013B1BB255
:10D01000002B138006DC05490B8883F001030B808D
:10D0200008231380704700BF28B5032066BA032089
:10D03000204B214A10B5998A1360204A11800A2199
:10D040001F4A11801F4A11781F4A1160FF211F4A91
:10D0500011701F4A1478042C0AD91E4A1E495162C5
:10D0600000211E4A5160A11F01299CBF1C49D160AB
:10D070001C4A1278022A14D11B4AD2E9020182E822
:10D0800003001A88013A1A805A8A08325A82174ACB
:10D090005360174B124ADA60164A1A61164B174A48
:10D0A0005A60042C9FBF164A138803F1FF33138084
:10D0B00010BD00BF8C1B00200CBC012082A40320EB
:10D0C00028B50320A7CB0320246A032079CD0320B1
:10D0D0005C1A0020A41B0020F9C000100C1B0020CB
:10D0E00059C000105D1A0020C41B00205C1B0020EA
:10D0F000241B00204A01A5003C1B002005C1001094
:10D10000741B0020034A13680133DBB21360024A28
:10D11000D05C7047786E0320027F0310034A1368C7
:10D120000133DBB21360024AD05C7047A070032069
:10D13000027F03100023024A1360024A1360704703
:10D14000786E0320A070032008B5FFF7DBFF0146CF
:10D15000FFF7D8FF081A08BD68B1074B074A034418
:10D16000934201D8830700D000BE00F15F4000F574
:10D170007D00C0F38F007047FCFFFCDFFBFF030066
:10D18000437813F010021FBF054903F007028A5CC1
:10D19000C3F3C0031ABF8018C05C1046704700BFBD
:10D1A00002800310074B10B500211C4633F8022BF8
:10D1B00022B9FFF7D1FF24F8110010BD01311E295B
:10D1C000F4D1FAE7049803200C4A70B500241646FF
:10D1D00032F8023B23B103F1006303F540439B00A7
:10D1E000984207D100258368DD820AF0FFFC26F80B
:10D1F000145070BD01341E2CEAD1FAE704980320C4
:10D20000C36937B5591C044632D0012B1DD1CDE975
:10D2100000330023D0E90421806802F0A9F8374BDD
:10D2200005461B685A0707D12379052B64D0A068EF
:10D2300016211C300DF04AFE022D06D12379042B55
:10D2400005D8022B0AD8012B0CD003B030BD052B1A
:10D25000FBD1A06813211C300DF038FE4FF0FF33D6
:10D26000E361F2E7204603B0BDE83040FFF7ACBF12
:10D27000019301230093037EC2684169806802F034
:10D2800077F81E4B05461B685B0707D12379052BF2
:10D2900026D0A06816211C300DF018FE022D11D1E9
:10D2A0002379052BD1D801A252F823F065D20010C2
:10D2B0004BD2001065D20010EFD20010F5D2001052
:10D2C000E5D20010012DC0D12379032B05D8012B05
:10D2D000BBD94FF400536361B7E7052BB5D1F8E72D
:10D2E0000228EFD1A06813211C300DF0EFFD4FF4A0
:10D2F000803363610123B3E70228A9E75069032063
:10D300002DE9F843064600254FF001080D4F37F888
:10D31000024B8CB13046FFF733FF04F1006404F593
:10D320004044A400D4F82090814505D1E3691BB99D
:10D33000636A84F80280E36101351E2DE7D1BDE800
:10D34000F88300BF04980320CB1E022B2DE9F74F72
:10D3500081460D4601D8FFF7D3FF00244FF0FF3779
:10D360004FF0010ADFF8C8B03946484609F0A0FB83
:10D37000071E03DA204603B0BDE8F08F4FF0240803
:10D3800008FB07F8DBF8003003EB0806F28A01938C
:10D390000092002AE8D106212820F4F7F9FB044680
:10D3A0000AF016FC2046FFF7D7FE009AF082019B98
:10D3B00084F802A0A6602276052D16D8DFE805F0D5
:10D3C0002431241E031E84F818A033F90830B6F95E
:10D3D00002209B0303F50023E3604FF0FF33E3617A
:10D3E0004FF40033920322616361B6F90A3020469C
:10D3F00023622571FFF7D6FE0124B5E784F818A053
:10D40000B6F902209203226133F908309B030DB173
:10D4100003F50023E3604FF0FF33E3614FF4803303
:10D42000E2E7304609F01EFB01232061F5E700BF6B
:10D43000FC7003202DE9F047002507462E46A9463B
:10D44000DFF83C8038F8024B9CB13846FFF798FE75
:10D4500004F1006404F54044A400D4F820A08245FF
:10D4600007D1E3692BB10125636284F80290C4F807
:10D470001C9001361E2EE5D12846BDE8F08700BF7E
:10D480000498032068B1074B074A0344934201D82C
:10D49000830700D000BE00F15F4000F57D00C0F3BF
:10D4A0008F007047FCFFFCDFFBFF0300436937B5CB
:10D4B00001330446032B0DD8DFE803F02F026A2363
:10D4C000C369013BC3612BB90379012B15D0052B2F
:10D4D00002D03BB103B030BD4FF0FF33436159215F
:10D4E000A06804E04FF0FF331521436180681C30D1
:10D4F00003B0BDE830400DF0E9BC43611421A068E1
:10D50000F5E7C369013BC361002BE3D10279042A2B
:10D51000E0D1012203714261F0E701234FF0FF31B6
:10D520008068B0F90020CDE9003192030023216921
:10D5300001F01EFF022822D12379072BCAD801A2AD
:10D5400052F823F0C1D5001073D50010C1D50010DA
:10D55000D5D40010D5D4001065D50010D5D4001056
:10D5600065D500100022A3682046DA820AF03EFB4F
:10D57000B5E70023636140F21A43E361AAE701289B
:10D58000A8D12379022BA5D0072BA3D06061B5E7E2
:10D590000125CDE900550023D0E90321806801F081
:10D5A000E7FE022896D12379062B93D89D4015F0EB
:10D5B0004A0305D115F0210F8CD06361A369DCE724
:10D5C00000222046A368DA8203B0BDE830400AF0AA
:10D5D0000DBB00BF2DE9F04780460F4600244FF0F9
:10D5E000FF364FF0240ADFF8F4903146404609F048
:10D5F0005FFA061E02DA2046BDE8F087D9F800502F
:10D600000AFB0655EB8A002BEFD106212020F4F708
:10D61000BFFA04460AF0DCFA2046FFF733FF022384
:10D62000E882A3709623A3614FF40033A5602361C1
:10D6300027710123072F3DD8DFE807F0412014416F
:10D640003C2D2D04284609F0E5F94FF400234FF056
:10D65000FF325921A0F58020C4E90432E060A068BF
:10D660001C3015E0284609F0D5F94FF0FF33A0F53E
:10D670008020E0601521A0686361F1E7B5F9023010
:10D6800015219B03E3604FF0FF3305F11C0063613C
:10D690000DF01CFC0EE06361284609F0BBF94FF465
:10D6A00000232361B5F90230A0F58020B0EB833F61
:10D6B000E06001D1012498E75821A068D0E76361B8
:10D6C000284609F0A7F9B5F90230A0F58020B0EBA3
:10D6D000833FE060EED01421A068C1E7FC70032016
:10D6E00070B5B2F84E4005460E4674B30BF098FD87
:10D6F00004F1006404F5404487284FEA84040BDCFD
:10D70000852824DC632815D0852813D03146284687
:10D71000BDE87040FFF75EBFA0F18803012BF5D88C
:10D7200094F84530002BF1D194F84830002BEDD11E
:10D730000C4B05E0636C6FF31723002BE6D10A4B0B
:10D740002220C4F8A0300DF09DFC002070BD94F89C
:10D750004630002BDAD194F84930002BD6D1034B58
:10D76000EEE700BFBF640210686402109464021008
:10D77000F8B5B1F84E4005460F4624B104F10064F7
:10D7800004F54044A40028460BF04AFD1A38082846
:10D790002CD80123834013F0840F1DD113F4817F13
:10D7A00010D113F0410F21D0002C53D0636C6FF3D4
:10D7B0001723DBB95D4BC4F8A0302220BDE8F84048
:10D7C0000DF060BC002C45D094F8453073B994F846
:10D7D00048305BB9564BEEE7002C3BD094F846300E
:10D7E00023B994F849300BB9524BE4E76B781F2BFF
:10D7F00000D800BE504B68781E68504B1F2819682F
:10D800002BD9C40727D44E4B1A684E4BAA1A1B8833
:10D810005A4395F9023003EB224303EB50130B44B8
:10D820005B7803EBC30306EB8306F48A5CB32846FC
:10D830000BF0F6FC1C2813DC192801DC012822D18E
:10D8400004F1006404F54044A4006369013309D184
:10D8500001236361F8BD6B88DFE74FF0FF33DEE73C
:10D860007528ECE7B7F84E30002BF3D0A3784FF0D3
:10D87000FF35022B01D16561ECE7032BFBD0324869
:10D88000F7F75BFDF7E728460BF0CAFC1F280346B5
:10D8900006F11C0000D001DC142103E0753B012BD4
:10D8A000FAD858210DF012FB06212020F4F770F968
:10D8B00004460AF08DF92046FFF7E4FD0223F082CA
:10D8C0000122A3704FF40033C4E9043296232846A2
:10D8D000A660A3610BF0A4FC752821D00FDC2228E0
:10D8E00006DC1E2816DC012811D01A3802280ED9B1
:10D8F000304609F08FF8A0F58020E060AAE776288E
:10D90000F6D10623284623710BF064FC0AE00023BD
:10D910002371EDE70323284623710BF05BFCE7E757
:10D92000052323714FF400232361E1E7ED64021026
:10D93000136502103B650210FC7003207471032014
:10D940006869032062BA03206065021038B50621B9
:10D9500005462020F4F71CF904460AF039F9204660
:10D96000FFF790FDAB79E88223F07C03AB710223D3
:10D97000A3700023636123714FF40033236140F2ED
:10D980001A43A560E36138BD38B50621054620205D
:10D99000F4F7FEF804460AF01BF92046FFF772FD83
:10D9A000AB79E88223F07C03AB710223A37063613F
:10D9B000042323714FF4003328462361A56009F046
:10D9C00029F8962242F60413A0F58020C4E9062324
:10D9D000E06038BD20B100F1006000F540408000FB
:10D9E0007047000068B1074B074A0344934201D8CF
:10D9F000830700D000BE00F15F4000F57D00C0F35A
:10DA00008F007047FCFFFCDFFBFF0300034B33F884
:10DA10001030000100F48030181A70470C91021089
:10DA2000826938B5D20232D590F9042001322ED164
:10DA300038244279174904FB0212948E3CB3156ACC
:10DA4000D1F8C820C1681544134A12688A1A002AFE
:10DA5000B8BF5242AA421ADC104C02692468141B57
:10DA6000002CB8BF6442AC4211DC0024C0E9104471
:10DA7000C46B0B4DA400C463286003F0C5FBB0FA6F
:10DA800080F02A684009D36B9B10D36338BD012016
:10DA9000FCE700BF9C3203108473032088730320CB
:10DAA00004BC01202DE9F74F0D4604460BF03AFC6B
:10DAB0006A1C20B1A37903F00303934211DDA3791B
:10DAC000002662F30103A3712F4B304F1868FFF754
:10DAD00089FFDFF8C480DFF8C490E081A3899E420B
:10DAE00002DB03B0BDE8F08F238BD8F8002033446D
:10DAF00032F813A0D7F800B01BF80A300BEB0A007D
:10DB00005A073CD5019004F0BDFAD9F80030002B3B
:10DB100035DD01981E4B90F801C01A681CF0010F0A
:10DB20001C4B08BFDFF878E0196801BF3B68BEF8FE
:10DB300000E0C31A0EFB03FE0ABF90F902304388CF
:10DB400003EB2E43C818407800EBC00002EB8000C6
:10DB500084420CD1BCF11F0F94BF4FF0FF3303EB95
:10DB60005C131944487800EBC00002EB80001BF8FE
:10DB70000A305B0605D515B90121FFF793FF013681
:10DB8000ACE72946F9E700BFA471032068690320C8
:10DB9000FC7003207471032060690320C86A0320AD
:10DBA00062BA032010B50A4A0A4B0C461860137873
:10DBB000013313700BF0D6FB2420074B22891B681E
:10DBC0000021BDE8104000FB0230FFF76BBF00BF33
:10DBD000291C0020A4710320FC70032038B50446E2
:10DBE000B0F84C0008B9002038BDFFF7F3FE2269F9
:10DBF0000169E3680546C068891AC01A04F01CF878
:10DC000038216A79074B01FB02331A6A064B134429
:10DC10008342E8DB2946204608F016FD003818BF8D
:10DC20000120E1E79C320310FFFF2B0038B50446CA
:10DC3000B0F84C00FFF7CEFE05460146204608F03E
:10DC400003FD08B9002038BDA3695A0604D523F0A6
:10DC500040030120A361F6E794F82130002BF1D1B5
:10DC60002A69EB682169E068891AC01A03F0E4FFA9
:10DC700038216279174B01FB02335B8ACBB1A0F5E7
:10DC80008000032A4FEA204316D1B3F5607FD9DC28
:10DC9000C82B1C46A8BFC824152A03D1A02BA8BF97
:10DCA000A0231C46FFF72EFAA042B4BF002001209B
:10DCB000C9E7A0F54000E4E7052A03D1C32BC1DD85
:10DCC0004314E5E7152AFBD0A2F112010129F7D987
:10DCD000DEE700BF9C320310F8B590F9203004460F
:10DCE000082B02D100252846F8BDDBB2072B00D94E
:10DCF00000BE2046E56805F0FDFA94F92020254B8A
:10DD0000266953F8223003FB0055204605F0F2FA4D
:10DD1000214B94F92020294653F8222002FB00626F
:10DD2000204603F047FBA369054650BB5A0411D5B2
:10DD30001A4A127872B11A496269096843F40013E9
:10DD40008A42B4BF02F58022A2F580226261A361FB
:10DD50000125C8E7134E3368002BC3D00823124FA8
:10DD600084F820303368591E3160002BBBD000226C
:10DD7000204657F8211009F053FC002818BF012550
:10DD8000F0E723F400125B0458BF236BA26158BF75
:10DD90006361DDE72C8003100C800310C1C40320F5
:10DDA000C4720320886A0320AC71032010B50446B6
:10DDB000FFF792FF28B1FFF7A5F900F00F00A0626E
:10DDC000012010BD2DE9F84FB0F84C30044603B9DE
:10DDD00000BEB4F84C00FFF7FDFD544B94F820A0B2
:10DDE000C26813F80A80E3680769A2EB0309236994
:10DDF000B9F5202F94F920B0A7EB030766DC19F5DD
:10DE0000202FC0F2918017F5202F4FF0080561DA1E
:10DE1000062663E00626464ABB17B9F1000FC8BFC5
:10DE2000013203F00203D356434584F8203055D025
:10DE30002046FFF7BBFF002850D0BDE8F88F2046F2
:10DE400084F82050FFF7B2FF002860D0F5E72046A5
:10DE500084F820B0FFF7AAFF00285BD0EDE700258B
:10DE6000A84509D10135082DFAD1B8F1080F13D111
:10DE7000082384F82030E0E7204684F82050FFF79C
:10DE800095FF0028EED0D8E7204684F82050FFF711
:10DE90008DFF002845D0D0E7204684F82080FFF78A
:10DEA00085FF0028E4D0C8E7082E30D0082520469A
:10DEB00084F82060FFF77AFF38B3BEE7082D4FF0F3
:10DEC0000206A8D10AE0A8451FD120E0002517F5D9
:10DED000202F9FDBB7F5202FF0DC0826FFF712F983
:10DEE000C8280CDC002FB8BF7F42B9F1000FB8BFC3
:10DEF000C9F100094F45DEBF33462E461D46464553
:10DF0000E1D0A845D0D0082ED1D1082D97D1BAF1B3
:10DF1000080F9CD1FFF7F6F8C307A0D40725A84542
:10DF2000B2D1013DFBD2A0E70425D0E75080031019
:10DF30004C8003102DE9F84F04468A464FF0000943
:10DF400090F92260DFF8A8B0013E284F06F00306E2
:10DF500094F922801BF8083093B1B9F1020F42D036
:10DF6000B04540D0D42505FB08F57B191B6A002B72
:10DF700004DD2046795908F067FB48B909F1010929
:10DF800094F82230013303F0030384F82230DFE7F2
:10DF90007A59BAF1000F0AD0D42303FB08F3F858DA
:10DFA000FFF720FDA4F84C000120BDE8F88FD2E96E
:10DFB0000323D4E903010AF047FFE36AC01A6FF0B4
:10DFC000004300F1404001389842E5D27B59226974
:10DFD0001969D868E368891AC01A03F02DFEB0F5F4
:10DFE000800FD9DDCAE70020DFE700BF0C6B0320FC
:10DFF00048CD0320826913B522F002028261114AE2
:10E0000003461088FFF7E6FC90420BD110238DF8F1
:10E010000130FE23032168468DF80530FFF7DAFA58
:10E0200002B010BD8178092909D1984207D04479FE
:10E0300059798C4203D1B0F924100029F0DC008812
:10E04000E0E700BF5C72032038B50023242180F88C
:10E0500023302E4B02891B68044601FB0233D8890A
:10E06000FFF7B8FC28B900212046FFF763FF50B93D
:10E0700038BD83695A07F6D5FFF7B4FCA369A4F845
:10E080004C009B0610D43822214D637902FB0353C8
:10E09000197A91B938226379204602FB0355E98841
:10E0A000BDE8384004F0EEBBFFF794FC0146204683
:10E0B00008F0CAFA0028D6D0E5E726290AD823298D
:10E0C00015D86379132B01D0152B1AD100200CF031
:10E0D000FDFEDFE7A1F12703012BF2D8FFF712F8CD
:10E0E000011E01F00101B8BF49422731E9E7FFF7FE
:10E0F00009F8032390FBF3F303EB4303C11A243124
:10E10000DFE720460CF0BAFFC4E700BFFC70032035
:10E110009C32031070B590F82130044613B1013BD6
:10E1200080F8213094F92330B4F84C2053B132B147
:10E130001046FFF74FFCB0F92410002928DC00231B
:10E1400084F8233094F92010072909DCE36A03F0EE
:10E150006043A3EB417100291CDD03F16043E362DE
:10E160002AB11046FFF736FC8369590716D40121FE
:10E170002046FFF7DFFE00285DD138216279404B51
:10E1800001FB023359882046BDE8704004F07ABB99
:10E19000013BD5E718BF03F10053E0E7A3691A0676
:10E1A00010D523F08003A361364B93F90030042B84
:10E1B00041D0354B1B78002B3DD12046BDE8704047
:10E1C000FFF700BE38262E4D637906FB03535B8AAA
:10E1D0008BB12046FFF702FD68B1637906FB03535C
:10E1E000997A11B120460CF049FF3822637902FB7D
:10E1F0000353598AC7E73822637902FB03539B8A8A
:10E20000D3B1204B93F90030032B04DC1E4B1B7859
:10E210000BB9A36A83B92046FFF708FD60B1382225
:10E220006379204602FB0353998A04F02BFBA36910
:10E2300043F08003A36170BDA36A013B002BA3627E
:10E2400018DA2046FFF7BEFD3826637906FB035334
:10E2500093F82D30002BEED0FEF754FF0228EADCB5
:10E260006379204606FB035595F82D10BDE87040F4
:10E270000CF004BF2046FFF72FFD0028E1D0E3E7B4
:10E280009C3203102AC603203EC4032038B504463E
:10E29000B0F84C00B0B1FFF79DFBA369054623F031
:10E2A0002003A361D0E90323D4E903010AF0CCFDE4
:10E2B000AB69E0625B0305D5FEF746FFE36A03EB5B
:10E2C0004053E36238BDB0F84C3073B5044623B315
:10E2D000FFF7DCFFE56A4FF000622946204603F0B5
:10E2E000CDFA0121064620460CF0C8FEFEF72CFFB1
:10E2F00005EB0055FEF706FF052290FBF2F202EB5C
:10E300008202821A013202EB4202009233464FF03F
:10E3100000622946204603F003FB02B070BDB0F84E
:10E320004C302DE9F743044643B302210CF0A6FE1E
:10E330002046FFF7ABFFE76A4FF000623946204600
:10E3400003F09CFA032506464FF00508FEF7FCFE95
:10E3500007EB0059FEF7D6FE90FBF8F303EB8303BF
:10E36000C01A421C02EB4202009233464FF0006298
:10E370004946204603F0D4FA013DE7D103B0BDE899
:10E38000F083B0F84C3073B5044623B302210CF08F
:10E3900075FE2046FFF77AFFE56A4FF000622946D6
:10E3A000204603F06BFA0646FEF7CEFE05EB00555D
:10E3B000FEF7A8FE052290FBF2F202EB8202821A1F
:10E3C000013202EB4202009233464FF000622946CE
:10E3D000204603F0A5FA02B070BD000010B5044657
:10E3E000FFF754FFFEF78EFE272819DDB4F84C0026
:10E3F00050B9382162790B4B2046BDE8104001FB33
:10E400000233D98804F03EBAFFF7E4FAB0F92430B9
:10E410000146002BEDDD204608F016F90028E8D073
:10E4200010BD00BF9C32031010B50446FFF72EFF4D
:10E43000FEF768FE092819DDB4F84C0050B9382100
:10E4400062790B4B2046BDE8104001FB0233D988AE
:10E4500004F018BAFFF7BEFAB0F924300146002BD9
:10E46000EDDD204608F0F0F80028E8D010BD00BF30
:10E470009C320310B0F84C3010B5044663B1FFF77E
:10E4800005FFB4F84C00FFF7A5FA24220146204608
:10E49000BDE8104004F046BF10BDB0F84C3010B5D8
:10E4A00004465BB3FFF7F2FE2046FFF797FBD0B1BF
:10E4B000372120460CF0E2FDFEF724FE0346B4F8B7
:10E4C0004C00FFF787FA5A4202F0070203F00703F5
:10E4D00058BF5342013322462146BDE8104003EBAA
:10E4E000430301F0E1BDB4F84C00FFF773FA1F22BB
:10E4F00001462046BDE8104004F014BF10BDB0F83E
:10E500004C3010B50446CBB1FFF7C0FE2046FFF7F4
:10E5100065FB98B1FEF7F6FD0A22034693FBF2F184
:10E5200002FB1133B4F84C000133FFF753FA2246D3
:10E530002146BDE810409B0001F0B6BD10BDB0F80B
:10E540004C3010B504462BB3FFF7A0FE2046FFF772
:10E5500045FBA0B1FEF7D6FD0622034693FBF2F180
:10E5600002FB11330A22B4F84C00FFF733FA2146BC
:10E5700003FB02232246BDE8104001F095BDB4F82C
:10E580004C00FFF727FA202201462046BDE8104044
:10E5900004F0C8BE10BDB0F84C3010B5044663B1ED
:10E5A000FFF774FEB4F84C00FFF714FA212201467D
:10E5B0002046BDE8104004F0B5BE10BDB0F84C30A8
:10E5C00010B5044643B3FFF709FBD0B1372120460D
:10E5D0000CF054FDFEF796FD0346B4F84C00FFF72F
:10E5E000F9F95A4202F0070203F0070358BF5342F9
:10E5F0000A22214603FB02232246BDE8104001F017
:10E6000053BDB4F84C00FFF7E5F91022014620464F
:10E61000BDE8104004F086BE10BDB0F84C3010B517
:10E620000446F3B1FFF732FE6369B4F84C0003F51A
:10E6300080136361FFF7CEF906220146204604F0FD
:10E6400071FE6369026CA3F580136361C3681344B0
:10E65000C360426C036913440361B4F84C30A0F802
:10E66000503010BDF8B53F4B04461B689B0770D176
:10E67000D0E90412C06804F0B7FDE5682669616C52
:10E68000206C07236269711A281A04F01FF84FF4EE
:10E69000803305468364FEF735FD2B7900F00300D7
:10E6A0001B1A5BB2012BB8BF01232B71B4F85000C9
:10E6B000FFF790F9054600284BD0B0F92430002B25
:10E6C00047DDD0E90323D4E903010AF0BDFBE36A87
:10E6D00083420BD0C21AB2F1004F3BD903F174430D
:10E6E000C21A30EA220028BF1846E0622046E76AD4
:10E6F00004F000FEFF0C064607F50060FFF786F900
:10E7000001463046F2F711FD20643846FFF77EF9E6
:10E7100001463046F2F709FD2269E3682969606421
:10E72000E868891AC01A03F087FA90FBF6F001280E
:10E73000B8BF01206A69616902F52012521A92FB82
:10E74000F0F2A36C9342CCBFA3F5005303F5005342
:10E75000A364F8BD03F14063C21AB2F1004F98BF41
:10E760001846C2E7D0620320B0F84C3010B504461A
:10E770003BB1FFF78BFD2046BDE8104038210CF07F
:10E780007DBC10BDB0F84C3070B50446F3B1FFF756
:10E790007DFD2046FFF722FAC0B1FEF7B3FC35211C
:10E7A000054620460CF06AFC0A2395FBF3F203FBB6
:10E7B00012550623B4F84C00FFF70CF92246214607
:10E7C00005FB0333BDE8704001F06EBC70BD000076
:10E7D0002DE9F84F90F920300446082B2CD004F096
:10E7E00089FD94F92010344BDFF8F0B053F8212064
:10E7F000E36802FB0032314B1A60314B53F82110B1
:10E80000236901FB00302F4B18602F4B1B68D31A74
:10E81000A3F5800703F58003DE152C4BFF151B685D
:10E82000C01A2B4BA0F5800A00F580004FEAEA5A87
:10E83000C5151C60B7423CDD2046BDE8F84FFFF728
:10E8400069BC5A464146384603F0D0FD814650BB6C
:10E85000204DB4F84C602868FFF7C4F8A4F84C00C9
:10E860002046FFF713FD4FF485712046A4F84C6055
:10E8700004F008F81F2128680CF000FC38222868F2
:10E88000154C437902FB0344A18E03F0FBFF2B6878
:10E89000DA6BA3F84C909200DA63226B9A61A2883B
:10E8A0009A84BDE8F88F08F10108A845C9DD013751
:10E8B000C0E7D046F9E700BF2C8003108473032023
:10E8C0000C800310887303208CB0012090B00120CD
:10E8D0008073032004BC01209C32031021DA001055
:10E8E00036210CF0CBBB2DE9F0410546B0F85000C5
:10E8F000FFF770F8044640B3B5F84C00FFF76AF82C
:10E9000004F0EEFC214607F09FFEF0B1E66AE768EE
:10E91000F60C06F50060FFF779F801464FF4C010D9
:10E92000F2F703FC07443046FFF770F801464FF456
:10E93000C010D4F81080F2F7F8FB394608EB00025B
:10E94000284603F0ADFC63696B61BDE8F08110B54A
:10E9500004465C210CF092FB2046BDE81040FFF716
:10E96000C2BF10B504465B210CF088FB2046BDE811
:10E970001040FFF7B8BF38B5B0F84C30044603B3C9
:10E98000FFF784FCB4F84C00FFF724F8C1680423B7
:10E9900042690546084603F099FE0146FFF722F852
:10E9A000A4F850002046FFF71DF8A1F84C002846B7
:10E9B000FFF718F8BDE83840A1F850000846FFF707
:10E9C00092BF38BDB0F84C302DE9F0410446002B21
:10E9D00049D0FFF75BFCB4F84C00FEF7FBFF05469F
:10E9E0000146204607F030FE00283CD05221204648
:10E9F0000CF044FB142322462146284601F054FB28
:10EA000038216A79194BB4F8500001FB02339A6A35
:10EA10004FF07A7393FBF2F3AB64FEF7DBFFE76A28
:10EA2000064600B3FF0C07F50060FEF7EFFF014656
:10EA30004FF4C010D5F80C80F2F777FBA8EB00007C
:10EA4000F0603846FEF7E2FF01464FF4C0102D6932
:10EA5000F2F76BFB2D1A2146304635614622BDE8A0
:10EA6000F04102F0C1BFBDE8F08100BF9C3203104D
:10EA700010B50446FFF70AFC2046BDE810406321AC
:10EA80000CF0FCBA70B50446FFF700FCE36AB4F87A
:10EA90004C0003F10063E362FEF79CFF04F020FCEE
:10EAA000054601460922204604F03CFC092229467D
:10EAB000204604F037FCC46A054604F10064C462D1
:10EAC00004F018FCE40C064604F50060FEF79EFF17
:10EAD00001463046F2F729FB28642046FEF796FFF0
:10EAE00001463046F2F721FB686470BD70B50446FC
:10EAF000FFF7CCFBE36AB4F84C0003F17843E36220
:10EB0000FEF768FF04F0ECFB0546014609222046AB
:10EB100004F008FC09222946204604F003FCC46ADC
:10EB2000054604F17044C46204F0E4FBE40C0646BC
:10EB300004F50060FEF76AFF01463046F2F7F5FA89
:10EB400028642046FEF762FF01463046F2F7EDFAF0
:10EB5000686470BD2DE9F0410646FFF797FBB6F8F3
:10EB60004C00FEF737FF04F0BBFB092201460746C5
:10EB7000304604F0D7FBC46A054604F17C44C46205
:10EB800004F0B8FBE40C804604F50060FEF73EFF9D
:10EB900001464046F2F7C9FA28642046FEF736FFE0
:10EBA00001464046F2F7C1FA092239466864304608
:10EBB00004F0B8FBC36A044603F18063C36204F047
:10EBC00099FBE66A0546F60C06F50060FEF71EFFA7
:10EBD00001462846F2F7A9FA20643046FEF716FFF0
:10EBE00001462846F2F7A1FA6064BDE8F081000012
:10EBF000F8B50446B0F84C0000284CD03822FEF797
:10EC0000E9FEA369244E43F08073A361637905464E
:10EC100002FB03632046997A0CF030FA2046FFF796
:10EC200035FBE76AFF0C07F50060FEF7EFFE0146D3
:10EC30004FF4A010F2F779FA20643846FEF7E6FEAA
:10EC400001464FF4A010F2F770FAE36822692969CF
:10EC50006064E868891AC01A02F0EEFFB0F5A01FE0
:10EC6000A8BF4FF4A0130D49A8BF90FBF3F0D5E95E
:10EC70000532B8BF012011421BBF38216A79EA6B07
:10EC800001FB026618BF726A03EB620362699B1A9A
:10EC900093FBF0F3A364F8BD9C3203100100001055
:10ECA0002E4A2DE9F04105461088FEF793FE002319
:10ECB00090423DD1142B4FDCCE0C3821284A6B7981
:10ECC00006F5006001FB03231C6AD2F81034EF68DC
:10ECD0001C44FEF79BFE04EB440404EBD474641064
:10ECE00004F5802401462046F2F71FFA0744304617
:10ECF000FEF78CFE01462046D5F81080F2F715FA93
:10ED00006A6908EB000102F500221223384603F07D
:10ED1000DDFCD0E90312044602F04CFB98B92A4608
:10ED200029462046BDE8F04142F2107301F0BCB91B
:10ED30008478092C03D14479122C08BF0133008850
:10ED4000FEF748FEB4E7B5F84C302046A4F84C3046
:10ED5000BDE8F041FFF74CBFBDE8F0815C720320D5
:10ED60009C320310B0F84C3010B504463BB1FFF7AD
:10ED70008DFA2046E16ABDE81040FFF791BF10BD53
:10ED800010B504468369C16A23F00203836101F16F
:10ED90008041FFF785FFE16A204601F10041FFF75E
:10EDA0007FFFE16A2046BDE8104001F14041FFF7D6
:10EDB00077BF0000382110B5184B4279044601FB9B
:10EDC0000233997E3D290CD83A2917D829B36379A3
:10EDD000132B01D0152B1BD1BDE8104000200CF0E7
:10EDE00075B8A1F13E03012BF1D8FEF78BF9011E96
:10EDF00001F00101B8BF49423E31E8E7FEF782F970
:10EE0000032390FBF3F303EB4303C11A3B31DEE72B
:10EE10002046BDE810400CF031B910BD9C32031003
:10EE20001F210CF02BB9000038214279034B01FB64
:10EE30000233197C09B10CF021B970479C320310E0
:10EE4000836923F002038361704708B50346B0F875
:10EE50004C00FEF7BFFD802201461846BDE8084081
:10EE600002F0C2BD73B5494A03461478484A022CE1
:10EE700092F9001016D1072912D14279082A01D03F
:10EE8000142A0DD10022434D434815F8016B16B1E9
:10EE9000066A002E77DC0132042A00F1D400F4D196
:10EEA00002B070BD42793D480078042808D808298E
:10EEB000F6D10F2AE6D13A4A92F90020012AE0E77A
:10EEC000374890F900000138032811D8DFE800F036
:10EED00002060C0A0829E3D10F2AD2E70829DFD15C
:10EEE000152ACEE70629FBD00829D9D1132AC8E76D
:10EEF0000829C6E78578092D09D1984207D04679B7
:10EF00005D79AE4203D1B0F92450002DC8DC0088F1
:10EF1000FEF760FD9042EDD1022C19D107291ED1D8
:10EF20005B79082B07D110238DF80130FE230121D6
:10EF30008DF8053008E0142B11D110238DF8013025
:10EF4000FF2305218DF80530684600F0BFFAA7E7DA
:10EF5000134B93F90030012BE5D0042B04D002B001
:10EF6000BDE87040FBF76CBF062902D00829DAD053
:10EF7000F5E710238DF80130FE2368468DF8053043
:10EF8000FEF728FB8CE7074A1088C1E75D1A0020CE
:10EF900028C6032048CD03200C6B03205C1A0020F8
:10EFA00007C603205C72032010B5044654210CF000
:10EFB00065F82046BDE81040FFF7ACB810B5044630
:10EFC00055210CF05BF82046BDE81040FFF7A2B8D1
:10EFD00010B504464F210CF051F82046BDE8104012
:10EFE000FFF798B8052100680CF048B807210068C1
:10EFF0000CF044B838B504460D46006806210CF004
:10F000003DF829462046BDE8384004F0AFBD000079
:10F01000002370B5114E124D124A30882B701370B8
:10F02000FEF7D8FCB042014605D1BDE87040602132
:10F0300000200BF04BBF8B78092B0CD14B791B2B8D
:10F0400009D1084695F90040FEF7CCFC064B23F8A1
:10F05000140001342C700888E2E700BF5C720320C2
:10F0600014CD0320A5C103202EA30320612100207D
:10F070000BF02CBFF8B50646C468184FA4F544043D
:10F08000F3683B44A34205DABDE8F8406221002062
:10F090000BF01CBF3169A1F1A075FEF733F84204F3
:10F0A000212329468032204603F010FB0546FEF757
:10F0B00029F8400240F21F31A864284603F0E2FB21
:10F0C000FEF720F82B7900F007001B1A5BB2012B2A
:10F0D000B8BF012304F500242B71D1E7FFFF3F01E6
:10F0E00038B50446C568FEF72FF8246905EBC0253E
:10F0F000FEF708F84204212321468032284603F017
:10F10000E5FA0446FDF7FEFF400240F21F31A0641D
:10F11000204603F0B7FBFDF7F5FF237900F0070069
:10F120001B1A5BB2012BB8BF0123237138BDFBF75B
:10F1300087BE0000234A70B51368064683F00101BC
:10F140001160214A92F90020012A01DC012B38D0FC
:10F150001E4A1F4B92F9001033F81100FEF73AFCDB
:10F160001C49044691F9003003B900BE92F9003001
:10F1700091F90010013393FBF1F001FB10332146AC
:10F18000137030461C2204F0CDF805462046FEF7E9
:10F1900029FCA5F84C000C2033692469EA88E41A9C
:10F1A0006B6C94FBF3F40C4B00FB0230FCF71AFF82
:10F1B00094FBF0F485F821405E20BDE870400BF030
:10F1C00061BF70BD98BD01202AC60320A5C10320E0
:10F1D0002EA3032014CD03209450031038B590F8CB
:10F1E00021300546013BDBB280F82130002B57D19E
:10F1F000B0F84C00FEF7EEFB04F072F81D23D0E9E6
:10F2000004120446C06803F061FA23210BF036FFB4
:10F21000FDF778FF3128034630DD592830DD7728A7
:10F2200030DD812830DD9F2830DDA12830DDAB289E
:10F2300030DDBF2830DDDD2830DDF528CCBF0F23E1
:10F240001123D4E90412E06803F040FA01210446D6
:10F25000FEF770FE40B138216279124B204601FB67
:10F260000233D98803F00EFBD4E90312204601F0E3
:10F2700011FF2846BDE8384003F0CABA0B23E0E787
:10F280000C23DEE70D23DCE71623DAE70E23D8E7AD
:10F290000323D6E70523D4E71423D2E70823D0E7D6
:10F2A00038BD00BF9C32031010B504465F210BF03F
:10F2B000E5FE2046BDE81040FFF790BF064B1B78E7
:10F2C000022B07D1B0F924303233B4BF3A213921AF
:10F2D0000BF0D4BE3921FBE75D1A002068B1074B63
:10F2E000074A0344934201D8830700D000BE00F1CF
:10F2F0005F4000F57D00C0F38F007047FCFFFCDF2E
:10F30000FBFF030010B50D4B1C680D4B19684378CB
:10F31000DB0710D40B4B0C4A1B681288C31A5343EB
:10F3200090F9022002EB23430B445B7803EBC30309
:10F3300004EB830010BD4388F6E700BFFC70032098
:10F34000747103206869032062BA032003780749B7
:10F3500003F00F03CB5C33B1C25C512A134602D8D1
:10F3600002210AF03DB81846704700BF59800310CB
:10F37000F8B51F46DDE9063604460D461BB1012BE4
:10F380003AD00020F8BD711C13D0012EF9D1B0F98C
:10F39000006005EB8633934211DC06EBA535394658
:10F3A000058002F061FB0128EBD1012F1ED1012065
:10F3B000E8E7B0F90060C5EB863393420DDA9213AB
:10F3C0003946228002F050FB012804D126803946BC
:10F3D000204602F049FB0220D4E76D4206EBA5353A
:10F3E0003946058002F040FB0128CAD12680394603
:10F3F000204602F039FBDAE7731C0ED0012EC0D193
:10F40000B0F9026001EB863393420CDC06EBA136C7
:10F410004680394602F028FBB3E7B0F90260C1EB41
:10F420008633934208DA92133946628002F01CFB5D
:10F430000128D0D16680CAE74D4206EBA535394692
:10F44000458002F011FB01289BD1012FAFD06680CF
:10F45000CDE7000037B5C36804460193002300934D
:10F460004379D0E906218068FFF782FF164B0546F5
:10F470001B685B0704D1A06816211C300BF026FD29
:10F48000022D1FD10022A368DA82E268012A14D17A
:10F4900022790B2A06D121699A7961F386029A7141
:10F4A000A28ADA71204608F0A1FB1321A0681C3063
:10F4B00003B0BDE830400BF009BD0132F2D1227932
:10F4C000062AE7E703B030BD506903202DE9F74F66
:10F4D000884600244FF0FF3600903146009807F030
:10F4E000E7FA061E03DA204603B0BDE8F08F2423B6
:10F4F00003FB06F7A84BD3F8009009EB0705B5F816
:10F5000016A0BAF1000FE8D106212020F2F740FB47
:10F51000044608F05DFB2046FFF7E0FE0723E88283
:10F52000A37084F8048084F805A0B8F10C0F19D8F2
:10F53000DFE818F00D001A0025003A0060009A007C
:10F54000FD0066007E0038005300180072004FF086
:10F55000FF33C4E902534FF480332846E36107F0D8
:10F56000E7F9A0610124B8E74FF0FF33C4E9025383
:10F570004FF480332846E36107F0B2F9F1E74FF02A
:10F58000FF33C4E902534FF480232846E36107F0B8
:10F59000CFF939F90730A061B0EB833FE2D000F535
:10F5A0000020DEE7012363710123C4E902534FF415
:10F5B00080332846E36107F02DFAA8F109014B4298
:10F5C000B5F902204B419203DB048242D4BFC3EB66
:10F5D0000203C3EB0003A361C4E70123C4E90253A0
:10F5E0004FF4802339F907102846E361890307F0B7
:10F5F000C7F9B6E70123C4E902534FF48033F1E7BA
:10F600000123C4E902534FF48033E36139F9073031
:10F610009B0303F5C013DEE70123C4E902534FF453
:10F620008033E36139F907309B0303F10073D2E7BC
:10F630000123C4E902534FF48033E36139F9073001
:10F6400000989B0303F5C013A361FFF75BFEC3792A
:10F650000098EB71FFF756FE8379AA79C3F3840310
:10F6600063F38602AA717DE70123C4E902534FF4D4
:10F6700080336FF000474FF00009DFF820A1E3610D
:10F68000AB894B4506DCA368B3F9003007EB833741
:10F69000A76167E74946304607F0E8F8002843D0FD
:10F6A00000224946304607F09FF88346FFF74EFE9A
:10F6B000002817DBDAF8002058460192FFF746FED3
:10F6C0000623019A03FB00229278B7EB024F09DD73
:10F6D0005846DAF80070FFF739FE062303FB00777F
:10F6E000BF783F0401224946304607F07DF8834643
:10F6F000FFF72CFE002817DBDAF8002058460192AD
:10F70000FFF724FE0623019A03FB00229278B7EB51
:10F71000024F09DD5846DAF80070FFF717FE06239E
:10F7200003FB0077BF783F0409F10109A8E74FF018
:10F73000FF33C4E902534FF480332846E36107F0F6
:10F74000CFF80027A061EB79A382AB89BB427FF79A
:10F7500009AF3946304607F089F8D8B1002239465A
:10F76000304607F041F843783946B3420CBF0122D6
:10F770000022304607F056F8A369B0F9002005468C
:10F78000B3EB823F06D1C379A3828379C3F38403A9
:10F790002361E7E60137D8E7FC7003205C80032093
:10F7A0002DE9F04F00264FF0FF35B146B3468BB040
:10F7B000069001914FF0240A2946069807F078F93F
:10F7C000051E564B03DA58460BB0BDE8F08F0AFB16
:10F7D00005F4D3F8008008EB0407FA8A002AEBD17D
:10F7E00006212020F2F7D4F9824608F0F1F95046BC
:10F7F000FFF774FD0723F8828AF802300123CAE973
:10F800000273019B002B7ED0012B04BF4FF4802696
:10F810004FF480194FF4807338F90480CAF81C60E3
:10F8200009EB8838CAF81880AAF80430FB790293EB
:10F830004FF0000A4FF0010B394ABB891268394971
:10F8400004930392384B354A09681B681268059186
:10F8500004995145AEDD398B0398514430F81110AD
:10F86000585C5C184007099152D52046CDE9073213
:10F87000FFF748FD089A2D4B801A801058438542A7
:10F88000079B45D160781F2845D9C1075DBFDFF8C8
:10F89000A0C00999BCF800C061885CBF01FB0CFCEA
:10F8A00094F90210059C58BF01EB2C41214401EB57
:10F8B00050114C78029904EBC4044FEA840C02EB1B
:10F8C0008404E079884223D1E08AC84400BB174A07
:10F8D0004FEAAC030621202002FB03F5F2F758F9AA
:10F8E000074608F075F93846FFF7F8FC0723E08271
:10F8F000BB700123C7E902434FF48073C7E9068652
:10F90000BB80274694E74FF480464FF4002981E7F7
:10F910000AF1010A9CE70023DB79FFDEFC7003207B
:10F92000606903207471032068690320398EE3380D
:10F9300062BA032020B100F1006000F54040800071
:10F9400070470000052970B501D1002070BD042961
:10F9500000D900BE00EB8105AC6EAE6FB442F4D0AE
:10F96000234B53F821309AB15A43224B93F900307C
:10F9700033F0040308BF52002244B242D4BFAA6647
:10F98000AE6694B9032910D8DFE801F006131D27ED
:10F9900003EBD3725210E8E790F85C302BB990F982
:10F9A000613023B1032380F85D300120CEE70123CD
:10F9B000F9E790F85C30012BF7D890F96030002B14
:10F9C000F3D00223EFE790F85C30012BEDD890F9EB
:10F9D0006330002BE9D00523E5E790F85C30002B7D
:10F9E000E3D190F96230002BDFD00423DBE700BFC6
:10F9F000D81B00202AC6032038B50C234B430C46E5
:10FA00000D490546C95C05290DD052B10122FFF709
:10FA100099FF2B1993F95E203AB1003818BF0120E5
:10FA200038BD0222F3E70020F3E7012083F85E00EF
:10FA300085F85D40F4E700BFB42C0310036A632B24
:10FA400008DC19446429A8BF64210368016201200D
:10FA5000998470470020704764234B43426A9A425E
:10FA6000BABFC0E90931012000207047014491F874
:10FA700044302BB90623C0F8A830012381F8443064
:10FA80007047024608B5052920D8DFE801F00319C0
:10FA900007151F1140F21A43D36207E040F6340302
:10FAA00002684363936943F480239361012008BD96
:10FAB00041F268030364F9E740F634038363F5E732
:10FAC0006421FFF7BBFF01231363EFE700EB810223
:10FAD000D36A0BB90123DFE70020E8E743694A69ED
:10FAE00070B59B1A05468A69A24810421DBF38248A
:10FAF000A14A4879CA6B1CBF04FB0022526A934298
:10FB000000F3FB8113F5002FC0F2F781B1F9243027
:10FB1000B1F84E00002B40F3F0810C22FFF70AFFF2
:10FB2000EB8804465343954AD35C373B262B00F2BF
:10FB3000E281DFE813F027005300E001E001E0017B
:10FB40005D0067008D00A0009800A800B800B0001C
:10FB5000C000C8007300D400D900E9008000F300A1
:10FB6000F800000105011501590162016A017201E5
:10FB70007A0182018A01A501B001B901C001C70162
:10FB8000CE01D701436A632B00F3B78164230121BF
:10FB9000C0E909317A4BC4F8A0302026AB69284669
:10FBA0001B0242BFD4F898300133C4F8983002F0F9
:10FBB0002FFED421D4F8A8300633C4F8A830714BF6
:10FBC00093F90020704B01FB02339C4240F0958179
:10FBD0003146BDE8704000200BF078B9436AC72B6E
:10FBE00000F38B81C8230222C0E90932674BD2E7B8
:10FBF000036A02680133C82BA8BFC8230362938439
:10FC0000634BC8E7436A0133C82BA8BFC8234362CC
:10FC1000836A0BB9012383625E4BBCE7036A026807
:10FC20006433C82BA8BFC823036293845A4BC4F81B
:10FC3000A0305D26B2E7594B1978022940F05D816A
:10FC4000C823026803629384FFF706FF544BEEE774
:10FC500090F8443013B9534BC0F8A030002120462F
:10FC6000FFF704FF99E790F8453013B94E4BC0F801
:10FC7000A0300121F3E790F8463013B94B4BC0F8A0
:10FC8000A0300221EBE790F8473013B9484BC0F899
:10FC9000A0300321E3E790F8483013B9454BC0F892
:10FCA000A0300421DBE790F8493013B9424BC0F88B
:10FCB000A0300521D3E70A21FFF7C0FE002800F09D
:10FCC0001C813E4B67E71921FFF7B8FE002800F0C2
:10FCD0001481236A182BD4BF394B3A4B5BE740F2AF
:10FCE0001A43C362384BA2E76421FFF7A7FE012342
:10FCF0002363364BC4F8A03094F85C30002B98D0C6
:10FD0000002384F85D3094E740F6340302684363CF
:10FD1000936943F4802393612D4B88E740F63403C5
:10FD200083632C4B83E7C36B002B40F0E6800123F9
:10FD3000C363294B7BE741F268030364274B76E7F3
:10FD4000A96911F4003109D0002211462046FFF7BD
:10FD5000F9FD002800F0D180214B1CE70122F5E7D6
:10FD600005220021FFF7EEFD002800F0C6801D4BA4
:10FD700011E700BF010000109C32031094500310E3
:10FD80005566021048C303200C6B03206A660210FC
:10FD9000836602109D660210B76602105D1A00208D
:10FDA000C4660210D0660210EA66021006670210EE
:10FDB0001F6702103B670210596702107467021038
:10FDC0008A670210B4670210C9670210DA6702106E
:10FDD000E3670210F867021011680210236802102E
:10FDE0003D6802104F68021001220321FFF7AAFDAF
:10FDF000002800F08280414BCDE605220321FFF769
:10FE0000A1FD002879D03E4BC5E601220221FFF773
:10FE100099FD002871D03B4BBDE605220221FFF77A
:10FE200091FD002869D0384BB5E601221146FFF755
:10FE300089FD002861D0354BADE605220121FFF791
:10FE400081FD002859D0324BA5E690F84A3063B9BD
:10FE500000F1740300F1840153F8042F5200994219
:10FE60001A60F9D1012384F84A300026F1B2012248
:10FE700020460136FFF766FD042EF7D1254B8AE6B2
:10FE800000220621FFF7B8FD002836D0224B21269C
:10FE9000C4F8A03082E6AA690321C2F34042FFF70A
:10FEA000ABFD50B31D4BF2E700220721FFF7A4FD85
:10FEB00018B31B4BEBE700220421FFF79DFDE0B1D7
:10FEC000184BE4E700220521FFF796FDA8B1164B79
:10FED000DDE7AA690221C2F34042FFF78DFD60B160
:10FEE000124BD4E7AA690821C2F34042FFF784FD10
:10FEF00018B10F4BCBE700BE4FE670BD6B68021028
:10FF00007F6802109B680210B5680210D468021066
:10FF1000F068021013690210B46502109E650210A9
:10FF2000386602101B66021003660210EE650210AE
:10FF3000D365021070B50C468A69544B05461340D0
:10FF40008B614B79B4F84E60122B1EBF504B13409F
:10FF50008B618B6943F4801242F480628A61CA6BC0
:10FF60009210CA6303F4800100286FD0B0F84E20CD
:10FF7000002A6BD039B11046FFF7DCFCD0F89410A2
:10FF80000131C0F89410002E3BD01046FFF7D2FC90
:10FF900001463046FFF7CEFC3E4A821A3E48921098
:10FFA000424301EB8202D16C0131D1644EB3304641
:10FFB000FFF7C0FC374E45B93749821B92104A43C0
:10FFC00000EB8202D16C0131D16423F0020343F4CF
:10FFD000801343F48063A3610123037103F050FD98
:10FFE000D422B4F84E00FFF7A5FC2C4B93F9003057
:10FFF00002FB0366B04204D1294B1B780BB1F8F722
:020000041001E9
:1000000039FC38226079274BB4F9245002FB0032C6
:10001000B2F9041049428D4221DA118BF9B1204620
:1000200002F030FCFDF76EF8237900F003001B1A94
:100030005BB2012BB8BF0123237163790A2B17D060
:1000400012D8012B12D0022B1ED070BD0029ADD0CA
:100050001049D1F894200132C1F89420A6E7382243
:1000600002FB0033D98ADAE7172BEED13F2300E0F9
:100070004923D4E903014FF0004202F027FB8369D2
:1000800043F400338361E0E74D23F2E7FBBFFFFE5B
:10009000FBBDFFFE0C6B03201D52138C48C30320D5
:1000A000A1C103209C3203102DE9F0471D4683694E
:1000B000044658078946164640F11B81B4F92420AE
:1000C000002A40F31681D90148BF0022B4F84E003F
:1000D00044BFC4E911222264FFF72CFC0746002824
:1000E00000F00281844A92F9002002B96D10B9F142
:1000F000000F55D0DA0451D446B1B6F84E0028B1FD
:10010000FFF718FC90F85C30072B47D0D4E90323A5
:10011000D9E9030108F098FE38214FF4482A6279A2
:10012000764B0AFB05FA01FB02339B6A272D8046BA
:100130009AFBF3FA12DCB4F92430AB420EDA6369AD
:10014000D9F814209B1AB3F5800F07DDFCF7DAFF0E
:10015000C30744BF08F100484FEA8A0A4FEAD8486B
:10016000DFF8B09108F5006339F813101B0103F4B0
:100170008033C91A5046F0F7D8FF236C39F81810AD
:100180004FEA0818034408F4803823645046A1EB72
:100190000801F0F7CAFF636C03446364002F52D078
:1001A0002421574B22891B6801FB02339B7903F002
:1001B0007C032C2B05D1B4F92430AB42D8BF03F11A
:1001C000FF35B5F57A7F08DAD7F88C30980700F15B
:1001D0009080FB6A002B40F08C80BB6A8BB1012BB6
:1001E00006BF032395FBF3F305EBD5737A6A18BFBB
:1001F0005B109A42DEBF0023BB621346D21A7A62BA
:10020000ED1A3B6AD4215B1B23EAE3733B62D7F808
:10021000A430C7F8AC602B44642BA8BF6423C7F894
:10022000A430384B93F90020374B01FB02339F4237
:1002300009D1642D2A46A8BF642214320A2128203D
:100240005200F2F770FDA38C5B1B1BB2002BA38442
:1002500005DC21463046BDE8F047FFF76BBEFCF7F2
:1002600051FF38226379254D02FB0353B3F90E2069
:10027000904209DAA269D10106D442F04002204638
:100280009989A26102F0FEFA002384F8213094F9E2
:10029000233013B16379032B2BD156B3B44228D04A
:1002A0007379032B25D0194B194A3344934201D853
:1002B000B30700D000BE6423382284F8233063796A
:1002C00006F15F4602FB0355E2886B8806F57D0662
:1002D000B6089A42A4F84C600BD1E98849B120468F
:1002E000BDE8F04702F0CEBAB9F1000F7FF402AFDB
:1002F000A9E7BDE8F08700BF2AC603209C3203109F
:10030000FC70032048C303200C6B0320FCFFFCDFC0
:10031000FBFF03000C910210437813F010021FBF83
:10032000054903F007028A5CC3F3C0031ABF8018B3
:10033000C05C1046704700BF7380031038B58368F7
:100340000446013B8360A3B9FCF7DCFE61682369C6
:10035000B1F9042000F00300A2EB00129A42A8BFFA
:10036000E3684FEA0015A8BF5B1B1BB28B80042318
:10037000A36038BD837970B523F07C030546837193
:1003800006211420F1F704FC0426044607F020FCA3
:10039000A670B5F9041028466560E16006F0B2FB6E
:1003A00010302061A66070BD836810B5013B044623
:1003B00083606BB94368C268B3F90410914208D1F5
:1003C00002699A80FCF79EFEA36918400130A06084
:1003D00010BD9A80FCF796FE6369F6E738B583791D
:1003E000054623F07C03837106211C20F1F7D0FB26
:1003F000044607F0EDFB0523A370B5F90410284669
:10040000E160656006F07EFB072340222061C4E9BD
:100410000523FCF777FE636918400130A06038BD02
:100420008368013B836063B94368C268B3F9041011
:1004300091420BBF02699A809A80436908BF836921
:1004400083607047F8B505460F461C200621164606
:10045000F1F79EFB044607F0BBFB0523A3610623CF
:10046000A370B5F90410284665606761216106F044
:1004700049FB2369984208BF0020E060AB7923F074
:100480007C03AB7136B9FCF73DFE00F0070001308C
:10049000A060F8BD0120FBE7F8B505464FF0FF343A
:1004A0002427094E2146284606F002FB041E00DAE6
:1004B000F8BD336807FB0430C28A002AF2D1232139
:1004C000FFF7C0FFEEE700BFFC7003202DE9F84FF7
:1004D00007460026194BDFF868801C68DFF8649037
:1004E000B8F80030B34201DCBDE8F88F3846FFF7BA
:1004F00013FFB4F90A30834209D10025B4F904A0EE
:10050000DFF844B0A389AB4204DCA4F804A00136B0
:100510002434E5E7228BDBF800302A4433F812005C
:10052000D9F800302146184406F0B8F920B1B0F9E6
:1005300004309A45A8BF9A460135E3E7FC700320D2
:10054000D8AE032068690320606903202DE9F84FC5
:1005500080460D460027194BDFF864901C68B9F8F7
:100560000030BB4201DCBDE8F88F4046FFF7D4FE07
:10057000B4F90A3083421DD1DDB92E46DFF844A01C
:10058000DFF844B012E0228BDBF80030324433F85D
:100590001200DAF800302146184406F07FF920B145
:1005A000B0F904309D42B8BF1D460136A389B3425D
:1005B000E9DCA58001372434D1E700BFFC700320BB
:1005C000D8AE03206869032060690320036910B571
:1005D0005A1C02D0012B0ED010BD42688468B2F9BB
:1005E0000410A1F108031BB2A3429380F4DC0123A1
:1005F00091800361F0E74268C468B2F9041001F128
:1006000008031BB2A3429380E6DB4FF0FF339180D7
:10061000EFE738B5062104461420F1F7B9FA05468C
:1006200007F0D6FA2046B4F904106C6006F06AFAB6
:10063000B4F90430A860EB600823AB704FF0FF33CF
:100640002B61A37923F07C03A37138BD034B33F8EE
:100650001030000100F48030181A70470C9102101D
:100660008369064A1A421FBF38214279044B01FBB5
:10067000023314BF186A806B704700BF010000107E
:100680009C3203108369064A1A421FBF38214279FF
:10069000044B01FB023314BF586AC06B704700BFA4
:1006A000010000109C32031010B5427809B11F2AD6
:1006B00011D9D3070DD4094B094C1B682488C31AE0
:1006C000634390F9020000EB234009B100EB5210A4
:1006D00010BD4088F9E74FF0FF30F9E76869032063
:1006E00062BA0320417801F00103DA1C8907825CB9
:1006F0000DD4094B1B68C01A084B1B88434350B2EA
:1007000000EB2340064B1B6803EB8000704704336B
:10071000C35C02EB0320F5E76869032064BA032099
:100720003473032041780D4A01F00303D35C490779
:10073000C25C0DD40A4B1B68C01A0A4B1B8843438A
:1007400050B200EB2340084B1B6803EB800070475E
:100750001844437802EB0320F5E700BF7B800310C9
:100760006869032064BA03203473032038B5074B4B
:1007700000211D68064B1C68FFF796FF0444607853
:1007800000EBC00005EB800038BD00BFFC7003200B
:100790007471032038B543781F2B0DD9074B012105
:1007A0001C68074B1D68FFF77FFF05446B7803EB60
:1007B000C30304EB830038BD0020FCE7FC7003207A
:1007C00074710320836970B55B0704462BD5FFF76E
:1007D00047FF164B05461E683046FFF741FF144A97
:1007E000E368126828449B1A002BB8BF5B4283421F
:1007F00019DA104A236912689B1A002BB8BF5B42B2
:10080000834210DAA6420ED0B6F84E0020B90A4B49
:1008100093F900301E2B07D142F210733246314655
:100820002046FFF741FC012070BD00BFD0720320BD
:10083000D4720320DC72032028C603202DE9F04186
:100840000446FFF74FFF514DB0F90030EF68064600
:10085000B7EB034F4FEA03480ADC2046FFF762FF7D
:10086000B0F90030B7EB034F02DC0120BDE8F081A6
:10087000AF68B84507DC2046FFF754FFB0F90030F9
:10088000B7EB034FF1DAB6F902302F684FEA0348AD
:10089000B7EB034F07DC2046FFF744FFB0F9023007
:1008A000B7EB034FE1DD6E68B04507DC2046FFF78C
:1008B00039FFB0F90230B6EB034FD6DA21463348A0
:1008C00001F015FA0130D0D12046FFF763FF002870
:1008D000CCD02F4B19688A6912F480360BD123785B
:1008E00013F001004FD12B4E324202D1B1F84E200D
:1008F0000AB99B07BAD4204601F0C4FB264B204618
:100900001A68264B19688A42BEBF1A60244B1C60C5
:10091000244B1A68244B19688A42C8BF1A60234BBB
:100920001A68234B19688A42B8BF1A6008F078FC2D
:1009300000289AD01F4B20491A6841F82240511CC8
:100940000829196091DD1D4B186808B91C4818600A
:100950001C481B6800680D29A4EB00044FF03E0002
:1009600000FB04330AD003DC083A45F822307CE768
:100970000E2906D01448F4F70FFD76E7134A1370DA
:1009800073E7134AFBE7304670E700BFA872032005
:10099000D072032001000010CC6A0320B87203203B
:1009A0007CB10120C46A0320C4720320746903204F
:1009B000BC720320886A0320AC71032064B001205C
:1009C000989CC001686903203669021049C303205E
:1009D00010CD032070B50379044603B900BEA568A5
:1009E0001A4E2B7813F0040F0DD133682A46D3E941
:1009F000030101F030F9E8B9154A216813689942FA
:100A00001ADB002070BD284601F03CFB36683046FA
:100A1000FFF738FE0F4B1B689842EDDC0E4B7269F6
:100A20001B689B1A9842E7DC0C4B1B689B1AB3F5BA
:100A3000C01FE1DC0120E5E7094811600360094BB4
:100A400009481C681D600460DBE700BF907103204B
:100A500074B00120C86A0320CC6A0320C46A032052
:100A6000F470032078B00120F87003202DE9F843DA
:100A7000037904468568002B59D02B785A0740F13A
:100A80009180DFF84091DFF84081284601F0FAFAC2
:100A9000D9F80020D8F800309A4280F28380424B87
:100AA00021681868F0F741FB04462846FFF772FEFC
:100AB0003E4F064640B12846FFF758FEB6F90030D3
:100AC000B0F900209A420BD0394BD9F800001B68CE
:100AD0002146C01AF0F739FB3B688342B8BF386043
:100AE0002846FFF757FEDFF8D090064640B128466B
:100AF000FFF73CFEB6F90230B0F902209A420DD061
:100B00002B4BD8F800001B682146C01AF0F71DFBDC
:100B1000D9F800308342C8BFC9F80000D9F80000F6
:100B20003B689842D4BF00200120BDE8F883214BE8
:100B30001B68AB4201D10120F7E7AB695B07FAD52F
:100B4000194B01681868F0F7F0FA06462846FFF7D7
:100B500099FD6C69DFF858800444D8F800003146EC
:100B6000201AF0F7F2FA114F04463B688342E2DCA8
:100B7000D8F8003068693146C01AF0F7E6FA0E4B33
:100B80001B688342D7DB9C42A8BF1C463A680B4BCC
:100B90009042ACBF2418A41804EBD47464101C60F9
:100BA000074B1D600020C0E758B00120A0B0012015
:100BB0006C71032068710320E872032050B001209B
:100BC0006C690320C46A0320CC6A03202DE9F74F27
:100BD000037905468468002B00F0AE80204608F0BB
:100BE0001FFB20B18D4B2146186806F053F923787E
:100BF000DFF8488213F0040F36D1D8F800104FF414
:100C000080202D68F0F7A1FA854F2D1A2946B86883
:100C1000D7F80090F0F789FA29460646F868D7F821
:100C200004A0F0F782FA7F4BD8F800100746284658
:100C3000D3F800B0F0F779FA01465846F0F775FAA4
:100C4000794B1D6805442046FFF790FD774B90F8DF
:100C500008801B78984560D02A460AEB070109EB0B
:100C6000060002F0C1FA65E0204601F00BFA29689F
:100C7000D8F80000F0F759FA06462046FFF78AFD3B
:100C80000746C8B96A4BDFF8A0911868D9F8003058
:100C90003146C01AF0F759FA624F3B688342ACDB29
:100CA000644B31461868D9F80030C01AF0F74DFA95
:100CB0003B688342A1DC14E02046FFF757FDB7F9FB
:100CC0000030B0F900209A420FD12046FFF74EFDC8
:100CD000B0F902702046FFF75DFDB0F90230BB426B
:100CE00010D1012003B0BDE8F08F514B3146186898
:100CF0004D4B1B68C01AF0F728FA4A4B1B68834219
:100D0000E3DA7AE74B4B31461868474B1B68C01A49
:100D1000F0F71BFA434B1B68CBE7B0F90230B5EB99
:100D2000833F07DC2046FFF735FD002894D0037A87
:100D3000434591D10020D5E7DFF8E0A0DAF8003094
:100D4000A342CED0A3695B07CBD5DFF8F090016852
:100D5000D9F80000F0F7E9F906462046FFF792FCC3
:100D60006769DFF8C4800744D8F800003146381AB4
:100D7000F0F7EBF9DFF8ACB0DBF800308342B0DC21
:100D8000D8F8003060693146C01AF0F7DEF9DBF8B8
:100D900000308342A5DBD9F800104FF420202E68E4
:100DA000F0F7D3F91E4F361A3B683146B868009306
:100DB000F0F7BBF9009B3146034400937B68F86869
:100DC0000193F0F7B2F9019BD9F800101F183046D3
:100DD000DBF800B0F0F7A9F901465846F0F7A5F99D
:100DE000AB68D8F800209B69134D13F4002F024420
:100DF0000DD03946009802F0F7F92B68002B99D0F6
:100E0000DAF8002020461146FFF74EF992E73946FE
:100E10002B68009802F012FAEFE700BF6871032018
:100E20000873032050B001206C71032073D103209C
:100E3000C46A0320CC6A03202069032058B0012033
:100E400038B50446806808F0EBF968B9A06801F08D
:100E500019F90E4B1B68002B15DC0D4B512118683E
:100E60000AF00CF9002038BD094DA2682B68D3E9BF
:100E7000030100F0F0FE431E5A42A16828685A415F
:100E800006F0CEFBEEE70120EDE700BFC86A0320C5
:100E90002873032083692DE9F0415B07054630D5AF
:100EA0004379152B2DD0132B2BD0174EC3683768E1
:100EB000DFF85C80FA689C1A03693A69002CA3EB9E
:100EC0000203B8BF6442002BB8BF5B429C42B8BF6C
:100ED0001C46FFF7C5FB241A98F80030241424EAB6
:100EE000E4749C420DDA3946284605F0ADFB40B16A
:100EF00098F80030054A2846126831681B1BFFF736
:100F0000D3F80120BDE8F08198B0012094B0012011
:100F1000A4C103202DE9F84387690546790700F04D
:100F2000AC80FFF79DFB564C804626683046FFF7A5
:100F300097FB544AEB68126840449B1A002BB8BFD9
:100F40005B42834280F299804F4A2B6912689B1A58
:100F5000002BB8BF5B42834280F28F80AE4200F02C
:100F60008C80B369DA0129D5FCF7CCF838274342E5
:100F7000226803F0070300F00700444E58BF5842B0
:100F80005379114607FB036393F92C3000FB0333BD
:100F90002846FFF789F82068836923F0807383610E
:100FA0000023C0E911330364437907FB03667188AA
:100FB00001F068FC00242046BDE8F883D8034DD535
:100FC0002846FFF75FFBD5F81480D6F8149040440C
:100FD000814552DC3046FFF755FB484480454CDCE8
:100FE000B6F84C3083B103F1006303F540439B0036
:100FF00059796A79914203D011290CD10F2A03D172
:101000009D423AD0002AD5D1790708D487F002044E
:10101000C4F34004CFE70F29F6D1112AEFE7FCF71C
:1010200071F821683824434203F007034A7900F03D
:10103000070058BF5842154B04FB0233B1F84C204F
:1010400093F92C3000FB033322B102F1006202F568
:10105000404292002846FFF727F8ABE787F00204EA
:10106000FA07C4F34004A6D5094B1B681B05A2D59B
:1010700031462846FEF732FD9DE701249BE700BF7D
:10108000D0720320D4720320DC7203209C32031040
:10109000C07203202DE9F74F9046494B82691860D2
:1010A000484B0F461A60484B05461960474B484E5F
:1010B000C3F80080FFF7D4FA00EB0803A8EB0000A8
:1010C000706028463360FFF7CBFA3844F06028465A
:1010D000FFF7C6FA0024381AB0604146384607F0D8
:1010E000E1FF3C4B02881C603B4BDFF818B1D3F8A2
:1010F00000903A4BD3F800A0394B1B68995C13441D
:101100001A79DB78C90903EB0223364A10681844C0
:10111000FFF7CAFA82449AF8013003EBC30339F9A6
:10112000232009EB8301304B92031A602F4B1A6086
:10113000B1F902202E499203CBF800200A7801323F
:101140000A702C4A14602C4AB4681168F268641A58
:10115000A2EB0109294AA4F50014116872683668E7
:10116000A2EB010A761A09F50019AAF5001A06F58C
:101170000016234AE4154FEAE9594FEAEA5AF615F0
:101180004C451BDD1B6828462B63DBF800304246CC
:1011900039466B6301F084F8012003B0BDE8F08F9D
:1011A0002046019101F022F90028F6D00199144A55
:1011B0000E4B0131B142F3DD0134E1E75146F9E76D
:1011C000D0720320C0720320D4720320DC7203208B
:1011D000A87203207CB10120FC70032074710320ED
:1011E0000071032068690320BC720320C4720320CD
:1011F000291C0020886A03208CB0012090B00120B7
:10120000C5070110B87203202DE9F84F564BDFF8DF
:101210009481186083691646C8F80030534B0D4618
:101220001960534B07461A60FFF71AFA514C83199D
:10123000301A606038462360FFF712FA2844E060F5
:101240003846FFF70DFA281AA060284600253146D7
:1012500007F028FF484B02881D60484B1F68484B29
:101260001E68484B1B68995C13441A79DB78C909DE
:1012700003EB0223444A10681844FFF715FA0644AA
:101280007378424903EBC30307EB830237F923303A
:101290009B030B603E490B60B2F902303D4A9B0351
:1012A00013603D4A1378013313703C4B1D60D8F82E
:1012B0000030DB0437D4DFF8F0A0A568DAF800309E
:1012C000E668DFF8E890ED1AD9F80020F61A6768AA
:1012D0002368BF1AA3EB0208A5F5001506F5001652
:1012E000A7F5001708F500182D4AED15F615FF159E
:1012F0004FEAE858B54227DD08F006F8DAF8003082
:10130000A568E668D9F80020ED1AF61A6368246823
:101310009B1AA41ADFF89890ED15F6154FEAE358DA
:10132000E415B5421EDD012006E05946284601F0CD
:101330005DF81B4A10B90020BDE8F88F0BF1010BD6
:10134000C345F2DD0135D5E7BB46F9E74A463946E4
:10135000284600F0B1FF0028EDD00137A742F5DDA7
:101360000135DEE74746F9E7D0720320D472032047
:10137000DC720320A87203207CB10120FC700320E2
:10138000747103200071032068690320BC7203207C
:10139000C4720320B8720320291C0020886A03202D
:1013A000150F0110C07203208CB0012090B00120F5
:1013B0003D0801102DE9F84F0023DFF8E8800446CE
:1013C0000E46174688F80030FFF71EFF10B90020C0
:1013D000BDE8F88F2F4BD4F81890D3F800A02E4B0F
:1013E00019F4805F1D6818D0D4E903893A46314664
:1013F0002046C4E90C5A00F053FFA36913F4104FC0
:1014000009D1DFF8A4A0DFF8A4B0DAF800305A1E42
:10141000CAF800200BBB0120DAE72046FFF732F9BB
:10142000AAEB050B8345D2DB012319F4004F88F8A2
:10143000003008D16369AAEB03029042C7DCEB1AC3
:10144000B3F5C01FC3DC19F4884FCDD1134B1B6813
:10145000EB1AB3F5C01FC7DDB9E75BF82250D4E93A
:1014600003012A4600F0F7FB2A4607464946404654
:1014700000F0F1FB87420646C7D0284607F0D0FEB1
:101480000028C2D0064B224618683146281A05F0BB
:101490005FFBBAE7B8720320C4720320BC7203205A
:1014A00068690320C1C40320886A0320AC7103204B
:1014B0002F4AF8B5D0E905731A4218BF2421044613
:1014C0001FBF03892B4A4B4312680CBF066BD65EC5
:1014D000D0E9031218BFB603254DFFF795FEA369A7
:1014E0001D401FD1244B254A1B681268B742236355
:1014F000626335D02046FFF7C5F866693218002DC3
:1015000032D024261B4B21891B6806FB0133B3F91B
:101510000210B2EB813F4FEA81330DDD1B1A63618C
:1015200055B91EE05B04E5D424212389114A4B43BD
:101530001268D35E9B036361242322895A430D4BB7
:1015400019688B18B3F902308A5E9B039203204618
:101550009D1AFFF797F88542B4BF00200120F8BD1F
:101560006361D4E90C23F2E7636B9A42F9DDD5E7B6
:1015700001000010FC700320C4720320B872032025
:10158000F8B50446FFF794FF90B9A369224D1D40BA
:1015900010D1B4F92420002A0CDC40F27F3120461F
:1015A00001F070F9A369C4E90E5523F00203A361A9
:1015B0000120F8BD9A0303D5204601F029F9F7E789
:1015C0005B07F5D50122154B1A70154B1B78002BC4
:1015D000EED0144B1A6812F00302E9D111460A2327
:1015E0002046FEF761FDD4E903562046FFF74AF88E
:1015F000676900EBD07007EB60022623314628466E
:1016000001F064F80446FBF79FFD00032064FBF73C
:101610009BFD00036064CBE70100001010CD0320A8
:1016200049C3032050690320F8B50446FFF75AF870
:10163000B0F9026005462046FFF774F8B0F90230B1
:10164000B34203D10022314B1A60F8BDB5F9002036
:10165000B0F900302E4E9A4202D100233360F4E7F5
:101660002C4B22461B68D3E9030100F0F4FA07462D
:101670002046FFF757F805462046FFF733F80146A6
:10168000B1F900200021B0F90230B5F90240B5F9F6
:1016900000001B041204C3EB0443C2EB00420846E3
:1016A00007F0D2FB0021012F184F05463B6808BF09
:1016B00000F100453268084607F0C6FB441BB4F150
:1016C000004F3968306888BF04F1004400F0B4FA74
:1016D000E40C024604F50060FEF7B8FF0146104630
:1016E000EFF723FDED0C044605F50060FEF7AEFFB5
:1016F00001462046EFF719FD30602846FEF7A6FFA9
:1017000001462046EFF711FD38609EE7E0720320A6
:10171000D8720320907103202DE9F04F04464FF05A
:101720000309504B504EDFF850A185B01860B9F155
:101730000109E56812D12269636C2046E1681A4408
:10174000FFF738FE002859D12046E168236C226952
:10175000194405B0BDE8F04FFFF72CBE226C2046BF
:101760000392FEF77DFF039AA5EB0008002A0544CB
:10177000D8BF2B462169DCBF45469846636C0F1ADB
:10178000002B0144D8BF08464FF0010BDCBF39469F
:1017900007464FF001100B4430602A442846CDF82C
:1017A00004A0CDF800B0039100F07AFED4E9102334
:1017B000039942440B444046CDE900BA00F070FE64
:1017C000D4E9102339462846CDE900BA3B442A44DF
:1017D00000F066FE3168B1F1011FACD0A1F50061E7
:1017E000002931600DDC3168C1F57841B1F5803FE9
:1017F000A8BF4FF480310029316014DC05B0BDE88A
:10180000F08F206CEFF791FC31680546606CEFF7C4
:101810008CFCD4E90312024429442046FFF7CAFD98
:101820000028E0D187E7206CEFF77FFC0F4F31688D
:101830003860606CEFF779FC0D4D0E4B286018682E
:10184000FFF7F2FED4E903103B682A682364626460
:10185000194402442046FFF7ADFD00283FF467AF6E
:10186000CCE700BF9071032074B00120D872032030
:10187000E072032078B00120D50901102DE9F3476B
:101880000D46164601F02CFD1D4BED0CC7680446B5
:10189000186005F50060FEF7D9FE4FEA264A00FB06
:1018A0000A792846FEF7D2FED4F81080656900FB5D
:1018B0000A8A2046FEF7E6FE4FF42042114B05EB64
:1018C000600505F500251D600F4B104C1A60104B8C
:1018D000A2F5A0321A600F4B4A461E600023236017
:1018E0000D4B41460193032338460093534600F0C5
:1018F000D7FD206808B1094B186802B0BDE8F08731
:10190000687103206C710320E87203206C69032066
:10191000A0B0012058B001206D0A011050B0012084
:101920002DE9F74F9B461A4B1746C90C0C9A1860C5
:10193000184BD0F80C80044601F500601A60FEF7E1
:1019400085FE3E1400FB068A0846FEF77FFED4F8AB
:101950001090656900FB06962046FEF793FE0E4B3D
:1019600005EB600505F500251D600C4B52461F6018
:101970000B4B4946C3F800B00A4B40460193032382
:101980000093334600F08CFD03B0BDE8F08F00BF3C
:1019900068710320206903206C71032058B0012076
:1019A00050B00120CD0B0110036837B5D3E90351C6
:1019B000DC6A0B4AE40C04F500601360FEF746FE97
:1019C00005EB80122046FEF741FE064B01930123F2
:1019D000009301EB8013284600F062FD03B030BD98
:1019E00028730320410E01102DE9F843184B0469B8
:1019F0001B6804EB0246A4EB0244164DF61AE41AE7
:101A0000C368D5F800C003EB0247A3EB0245124BB5
:101A1000A7EB0C071860114BA5EB0C051960104BD8
:101A2000DFF84090F615E415FF15ED151A70B44275
:101A30000CDDBDE8F88340464A46214600F0D6FC5E
:101A400008F10108B845F6DD0134F0E7A846F9E7EA
:101A500090B001208CB0012098B0012094B00120FA
:101A6000A4C10320950E011000232DE9F041044686
:101A70000C4F857C3B700C4BDFF830801970E37C99
:101A8000AB4202DA3878BDE8F081667C237CB34251
:101A900001DA0135F3E731464246284600F0A6FC5C
:101AA0000136F3E710CD032049C30320811501104F
:101AB00068B1074B074A0344934201D8830700D01B
:101AC00000BE00F15F4000F57D00C0F38F0070475D
:101AD000FCFFFCDFFBFF0300044A4308D35CC207A2
:101AE0004CBF180903F00F00704700BF9882031025
:101AF00010B5427809B11F2A11D9D3070DD4094B6B
:101B0000094C1B682488C31A634390F9020000EB58
:101B1000234009B100EB521010BD4088F9E74FF0A7
:101B2000FF30F9E76869032062BA0320417801F0C9
:101B30000103DA1C8907825C0DD4094B1B68C01AAB
:101B4000084B1B88434350B200EB2340064B1B68F5
:101B500003EB800070470433C35C02EB0320F5E71E
:101B60006869032064BA03203473032041780D4A66
:101B700001F00303D35C4907C25C0DD40A4B1B6818
:101B8000C01A0A4B1B88434350B200EB2340084B5A
:101B90001B6803EB800070471844437802EB032076
:101BA000F5E700BF7F8003106869032064BA032053
:101BB0003473032038B543781F2B0DD9074B01210F
:101BC0001C68074B1D68FFF793FF05446B7803EB18
:101BD000C30304EB830038BD0020FCE7FC70032046
:101BE000747103200022F0B514460C27114D07FB39
:101BF00004F35E19EB588BB11344834216DD73680E
:101C000063B1801A327A52B100EBD070421020F0EA
:101C1000010023F812100344090C5980F0BD00287C
:101C2000B8BF0330801043F82010F7E71A4601349C
:101C3000DDE700BF84800310002980EAE073A3EB96
:101C4000E073B8BF494258188B42B4BFA0EB6300A1
:101C5000A0EB610070472DE9F0410746104616469B
:101C60000D46FFF763FF8046B0F900403046FFF7AE
:101C70007DFFB0F900C0B8F902106445B0F9022048
:101C80000DD1B7EB044F04DC9142ACBF0020012022
:101C900003E09142D4BF00200120BDE8F0819142D1
:101CA0004FEA014305D19D4201DC6445F2E76445FA
:101CB000EBE7ED1AC3EB0243A7EB04411814EFF76F
:101CC00034FA04463046FFF751FF07463046FFF727
:101CD0002DFFB7F90010B0F900302846C91A09B233
:101CE000EFF723FA8442CCBF00200120D5E72DE98D
:101CF000F041054608460E46FFF718FF0446B0F9C6
:101D000002803046FFF732FFB0F90270B4F900C02C
:101D1000B845B0F9002013D162452C6868684FEAD5
:101D2000084339DC9C42D4BF002401248342ACBF69
:101D300000200120844218BF4FF0FF30BDE8F08141
:101D400062451AD0A2EB0C02A7EB080797EA020F34
:101D50002968324609D5E868FFF77DFF3246044618
:101D6000D5E90110FFF777FFE4E7A868FFF773FFF5
:101D7000324604466968E868F4E7B845EC68A86844
:101D80004FEA024311DC9C42ACBF00240124834291
:101D9000D4BF00200120CDE79C42CCBF0024012409
:101DA0008342B4BF00200120C4E79C42B4BF00249A
:101DB00001248342CCBF00200120BBE770B515464B
:101DC000D2E902324BB92B68834204DB002AD4BF2C
:101DD0000020012000E0D00F70BD6E682AB9B1422A
:101DE00001DCD80FF8E7002BF1E72C685340041B07
:101DF0008E1B634093EA060F02D55440E00FEBE7D9
:101E000021121012EFF791F9A96804460912301255
:101E1000EFF78BF98442CCBF00200120DCE770B5DE
:101E20000D460446FFF782FEB0F9003020461B0441
:101E30002B60FFF77BFEB0F9023020461B046B607D
:101E4000FFF794FE06462046FFF770FEB0F900301B
:101E5000B6F900201B04C3EB0243AB602046FFF73A
:101E600085FE06462046FFF761FEB0F90230B6F95E
:101E700002201B04C3EB0243EB6070BDF8B50646BD
:101E8000C8680C460012B168EFF74FF90546A06824
:101E9000F1680012EFF749F92D1A14D03368206861
:101EA000E168C01A0012EFF740F9636807467068EE
:101EB000A168C01A0012EFF738F929463844BDE886
:101EC000F840EFF742B92846F8BD0000F0B52F4DB5
:101ED0000446AB6885B003F58013B3F5001F05D841
:101EE000EB6803F58013B3F5001F3CD92046FFF7DC
:101EF0001DFEB0F90210B0F90000244A09040004E4
:101F0000FFF75CFF06462046FFF730FEB0F90210EF
:101F1000B0F900001D4A09040004FFF74FFF864294
:101F20001ED069462046FFF77AFF69461748FFF73B
:101F3000A5FF051E14DB164B1B7833B1B5F5803FAA
:101F400003DA2046FFF736FE58B1124A12491368E9
:101F50008B4218D001211D6019719C600C331360F5
:101F6000012005B0F0BD0246D5E90001FFF773FE80
:101F70006F680646E9682868AB6822463944184409
:101F8000FFF769FECBE70020EBE700BF08730320F3
:101F9000BFC30320D4620320D86803202DE9F04397
:101FA0008369344923F06F43D1E9022123F47F038D
:101FB0004A4023F47F43002A0446C668016985B07D
:101FC00023F0FE0347DD002B43D0382542792A4B0E
:101FD00005FB02331D6AA6EB05084F192E444D1B65
:101FE0003946244A4046FFF7E9FE29468146214A00
:101FF0003046FFF7E3FE814527D069461D48A6EB32
:102000000806ED1BCDE9008702960395FFF736FF22
:10201000011E1ADB0023194F194E3D68AE1BB6F5A1
:10202000C06F29602B71AC600DDDA6F20C60FFF76C
:10203000D9FD2979A6F5C160FFF7D4FD2146A6F2A6
:102040000460FFF7CFFD0C353D60012005B0BDE811
:10205000F083856BBFE75BB138254279064B05FB02
:1020600002331D6AA6EB05084F1B2E440D44B7E74B
:10207000856BF7E7087303209C320310D4620320BA
:10208000D8620320F8B5437806461F2B30D9194B88
:1020900000211D68184B1C68FFF72AFD0444637873
:1020A000304603EBC30305EB83049F00FFF782FD7B
:1020B000B4F90220B0F90230EC5FB0F900009A42A6
:1020C000B8BF93034FEA8031A8BF9B038442D8BFB7
:1020D00008460A4A13604FEA8432DCBF11460246C2
:1020E00007489B1A026007480160074A1360F8BD61
:1020F0000023FAE7FC70032074710320CC6A0320EC
:10210000C46A032074690320C86A0320816930B55A
:102110000A0713D42424224A0389126804FB0322E9
:102120001432138853B103F1006303F54043B0EB5D
:10213000830F4FEA83042CD1838B1380CB0627D4E3
:10214000184AC36812689B1ADB1521D4164A1188F5
:102150008B421DDA154C164D246802692D88121B1E
:10216000B5EBE25F4FEAE25412D901FB0433114AA6
:10217000126802EB4302138853B103F1006303F5C5
:102180004043B0EB830F4FEA830105D1C38B13802B
:1021900030BD04F11C02C4E701F11E02EBE700BFF1
:1021A000FC7003208CB00120ECA2032090B0012031
:1021B000EAA2032080B001202DE9F8430446D0E9CB
:1021C000030106F06FFF2D4B80461F682C4BD3F8A0
:1021D00000902C4B1D680388E95C2B441A79D87851
:1021E000C90900EB02204844FFF782FC38444378D9
:1021F0002381A3691A0719D4234B1E68B8F800304D
:10220000E95C1D442B79E878C90900EB03204844B8
:10221000FFF76EFC07447B78204603EBC30306EB15
:102220008306B38AA383FFF743FCB082A369DB066E
:102230001FD4164BE1681B68154AC91AC9152369D2
:10224000106818D4134A12888A4214DD124D1B1AE2
:102250002D88D815B5EBE35F0DD900FB02110F4BAC
:1022600020461D6835F81130E383FFF721FC25F87F
:102270001100BDE8F8830023E383FAE774710320BB
:102280006869032000710320FC7003208CB00120DA
:1022900090B00120ECA20320EAA2032080B001202C
:1022A00070B50E461546FFF731FFC0E90365BDE87E
:1022B0007040FFF781BF00002DE9F84FDFF828815B
:1022C0000446B8F800300F468342154602D8012074
:1022D000BDE8F88F414B1B889942F8D2404E3068D8
:1022E00006F0C4FF002842D0B8F800300733DB10F6
:1022F000023307FB03F13B4FD7F800A00AEB010BB9
:102300000BEBE40898F8020004F0070420FA04F349
:10231000DB07DCD59BF801301AF8019049EA032964
:102320004FF0FF33A34020EA0300FFF7D5FB01463F
:10233000C34522D109EB41010AEB01035B781AF88E
:10234000014044EA032404F47042B2F5704F33684C
:102350001BD1C4F30B041C44204606F087FF002861
:10236000B5D12046A847003818BF0120B0E7306833
:10237000A8470028B8D10020AAE79BF80200FFF781
:10238000ABFB0BF1010B0144D2E74FF0000A4FEA1F
:102390009428C4F309044C443A68611C1057135D37
:1023A0000028BFBF1B02525C03F4FE439B1803F1DD
:1023B00001039A443368A8BF0C4603EB0A09484658
:1023C000B8BF023406F052FF18B1B8F10108E3D2E9
:1023D0007DE74846A8470028F7D1CCE7EAA20320CA
:1023E0006869032084B00120ECA2032038B550EACC
:1023F0000103154601D5012038BD0D4B1B888342D2
:10240000F9DD0C4A12888A42F5DD01FB03000A4B14
:102410001B6833F81040002CEDD004F1006404F583
:102420004044A4002046A8470028E5D0E48BF2E70A
:10243000ECA20320EAA2032080B001202DE9F8439A
:1024400005460E464FF000086FF00049114F124B41
:102450003C68E41A114BA4105C43BCB16FF000421D
:1024600038680D4B07E019689142A8BF11460A462B
:10247000B8BF98460C339842F5D8B24206DC4046C5
:10248000A847013C18B1C8F80090E6E70120BDE874
:10249000F88300BFD4620320D8620320ABAAAAAAA3
:1024A0002DE9F04F054687B01E46109B93460193D9
:1024B000119B0C460493019BC3F38002614B1A707D
:1024C00006F022FF604A1378013313705F4B604AB5
:1024D0001A60604B1A68AB1AC3F316030BB905F503
:1024E00080355D4B1B68E11AC1F3160109B904F58B
:1024F00080345A49ABEB0509C1E90054ABEB020B40
:10250000AD1AA6EB040AEF154FEAEB52F61AE41ADD
:1025100097424FEAE653C1F80890C1F80CA04FEA81
:10252000E458029203934FEAE51551DA89EAE9711A
:102530005046A1EBE971EEF708FE012306461FFAAB
:1025400085FBCBF5803B009358463146EEF7EDFD19
:10255000039BE411984504EB000B4EDA8AEAEA711A
:102560004846A1EBEA71EEF7F0FD4FF0010A814613
:10257000A4B2C4F5803420464946EEF7D6FD402487
:10258000019B054403F001030593059B002B48D1F3
:10259000019B9B0706D541463846314AFFF726FF87
:1025A000002845D0029BBB4202D1039B434507D084
:1025B000B8EB2B4F40D1009BB3441F44013CE4D106
:1025C0004FF48031049807B0BDE8F04FFFF736BFF5
:1025D0000CDD89EAE9715046A1EBE971EEF7B5FD32
:1025E0001FFA85FB06464FF0FF33ACE700234FF49C
:1025F000803B4FF080760093A6E70BDD8AEAEA7114
:102600004846A1EBEA71EEF7A0FD4FF0FF3A814694
:10261000A4B2B0E74FF0000A4FF480344FF0807955
:10262000A9E7414638460F4AFFF746FE0028AFD1DA
:10263000002007B0BDE8F08FB7EB254F04BF4D4435
:10264000D044BBE7BFC30320291C0020D462032071
:10265000D86203208CB0012090B0012008730320C1
:102660009D1F0110CD1E011068B1074B074A03449E
:10267000934201D8830700D000BE00F15F4000F50F
:102680007D00C0F38F007047FCFFFCDFFBFF030001
:1026900010B5427809B11F2A11D9D3070DD4094BBF
:1026A000094C1B682488C31A634390F9020000EBAD
:1026B000234009B100EB521010BD4088F9E74FF0FC
:1026C000FF30F9E76869032062BA03202DE9F74F6C
:1026D0004FF03808494E1F4608FB03691546484B22
:1026E000D9F83020824613400CBF54202020CDE979
:1026F00000328B4605F07EFA019A009B0446C0E941
:1027000003AB47718261002B50D1D9F8203008FB10
:1027100007688363B9F8043083843A4B93F9003037
:10272000042B1CBF99F8093080F82130D8F82430E8
:10273000C363FAF7E7FC434203F0030300F003002E
:1027400058BF584284F8220038230C2003FB076747
:102750002D4A7B8800FB0320E380F9F743FC2071BE
:102760002046FFF729FDA369254A1A4229D12422D0
:102770002389B5F1004F02FB03F3244A126802EBF0
:102780000301D25EB1F902304FEA82324FEA83335D
:10279000226363632CD11546092320466561A3702B
:1027A00005F016FA204603B0BDE8F08FFAF7AAFC50
:1027B000CAE724212389154A4B431268D25E92034B
:1027C000E9E7B5F1004FF4D06FF000439D42E3D14B
:1027D00024210E4B22891B6801FB0233B3F902301E
:1027E0009B033821627901FB0262556A5D1BD3E7C6
:1027F0006FF000429542CFD1F3E700BF9C32031047
:10280000010000102AC6032094500310FC7003201E
:102810008269164B10B51340012B04461BD1437936
:1028200003F0FD03382B16D0114A40891378114963
:1028300021F8130010490868104921F813000133EA
:1028400003F07F0313700E4A11788B4202BF0133ED
:1028500003F07F0313702046FFF758FC204608F072
:1028600031FB2046BDE8104005F0C0B90100020070
:1028700034C6032084A403205069032084A50320C8
:1028800035C603202DE9F04705460C460026124FB9
:10289000DFF84890EC802CB92846FFF7B9FF2046B6
:1028A000BDE8F0874FF00C0808FB047A5046F9F7B2
:1028B00099FBDAF8043028710BB12846984708FBD9
:1028C00004744E45248900D900BE95F904300136C0
:1028D000002BDFD00120E3E79450031040420F00AB
:1028E000002370B53826C0E91133114D03644379D4
:1028F000044606FB0353D98AFFF7C4FFFAF702FC2C
:10290000237900F003001B1A5BB2012BB8BF01232F
:102910002371A36923F48033A361637906FB035514
:10292000A97E21B12046BDE8704008F0A7BB70BD6C
:102930009C32031038B5B0F84E30044640697BB184
:10294000216B81420CDD03F1006303F540439B00E2
:102950005A69091A521A5A61C2F52412D2109A61A0
:10296000A36CA2690344510463612AD5B4F84C30C6
:102970003BB312F0907F24D103F1006303F5404391
:102980009B001A692169DB68E068891AC01AFFF7A1
:1029900053F9B4F84C30002B79D003F1006303F500
:1029A00040439B00E16B5B69626903EB61039B1A27
:1029B000002B3EDAA3EB8303834202DDA2F58022E3
:1029C00062616269236B9A423BDC324B1D78042DB5
:1029D00005D9A369DB0142BFA36C5B42A364A26C6F
:1029E000002A12DAB4F84E306BB112F5002F0ADA71
:1029F00003F1006303F540439B00D21022212046DF
:102A00009A6108F03BFB0023A364236B042D6361F0
:102A1000A36904D8D80142BFA26C5242A26403F455
:102A20008833B3F5803F14D12046BDE83840FFF726
:102A300057BFC6D003EB43038342C2DD02F58022B9
:102A4000BEE7A369990504D4A36CEBB9A3F50033E1
:102A5000A364E16B6269636B0A449A4213DDA26C62
:102A60005B1A002AC8BF00226361A369C8BFA264C1
:102A7000DA0148BFA26C03F4883344BF5242A26417
:102A8000B3F5803FD0D038BDA3F58033E0E75B6974
:102A9000FFDE00BF5C1A00202DE9F74FD0E91023BC
:102AA00052EA0301044613D18369DD0153D5C0E91D
:102AB00011110164382123F0807342798361684BDE
:102AC00001FB0233598803B0BDE8F04FFFF7DABECF
:102AD000B0F84E5025B105F1006505F54045AD0053
:102AE000B2F5F01F3ADD4FF4F0122264B3F5F01F97
:102AF00039DD4FF4F0136364DFF87881DFF870910B
:102B0000DFF874A1D4E91076B7F5702FD4E9031279
:102B100002DCB6F5702F2BDD07EBD77301EB6301F9
:102B200006EBD67302EB63027F1076102046FEF7A9
:102B300041FC28B9B4F84E30FBB12046FEF7ECFD5D
:102B400057EA0603E0D1002D44D0D5F88C20520777
:102B500040D5C4E9103303B0BDE8F08F12F5F01F83
:102B6000C4DA404AC1E713F5F01FC5DA3D4BC2E7AE
:102B70003244002639443746D8E7A36913F480333A
:102B800025D0D8F80000F0B143781F2B1BD9DAF814
:102B9000003001210193FFF77BFD019BD9F800B0C4
:102BA00003445B7803EBC3031BEB830B0BD02E4B6F
:102BB0009BF808201B789A4205D1204603B0BDE857
:102BC000F04FFFF725BE2046FFF78AFEB8E7C4E9BD
:102BD0001033B5E7A369254A1342BCD1226B616962
:102BE0009142B8DCDB02206C13D500F58043B3F5CD
:102BF000004F05D8636C03F58043B3F5004F08D947
:102C0000242623891A4973430968CB5EB2EB833FBC
:102C1000A1D141F6FE7200F6FF73934214D8636CA3
:102C200003F6FF7393420FD855B1B5F906305BB97F
:102C30002868C388963B032B02D89521FFF722FE14
:102C40000023C4E9103386E74FF46841EEF76DFACC
:102C50004FF468412064606CEEF767FA60647AE7CD
:102C60009C3203100000E2FF73D103200000010139
:102C7000FC7003207CB10120747103202DE9F04722
:102C80004FF00A0843893D4F08FB03F33A680446B6
:102C9000D118D55EB1F902602D04360432462946BA
:102CA000FEF7B2FA002866D024212389DFF8E090ED
:102CB0004B43D4E90301D9F80020D25E27239203C5
:102CC000FFF704FD232108F0D9F93146284606F024
:102CD000E9F92B4B0288D3F800A02A4BD9F80090D1
:102CE0001B68995C13441A79DB78C90903EB02234A
:102CF000254A10681844FFF7CBFC82449AF801304B
:102D0000314603EBC30339F92320284627239203D6
:102D1000FFF7DCFC232108F0B1F9382163893F6813
:102D20001A4A08FB03776379284601FB0322126BDA
:102D3000314612F4807F0CBF4FF000426FF000422A
:102D4000FFF7C4FC2D2263894381B7F9043093FB5C
:102D5000F2F35B07C362B7F908301B0742BF836910
:102D600043F020038361122380F821302046BDE820
:102D7000F047FFF74DBDBDE8F08700BFB469032001
:102D80007471032000710320686903209C320310D2
:102D9000FC7003208369274A10B5134204461CD0F7
:102DA00094F90430591C35D1A3695A022DD5224B10
:102DB0001B7853B3A36A0133B3F5D27FA36224DB3C
:102DC0001E4B1B68DB0620D1FAF79CF904281CDC9B
:102DD0002046BDE81040FFF751BF026C7AB9426C43
:102DE00003F0807313430AD16269236B9A420DD0BA
:102DF0002046FFF79FFDA3780B2BD1D105E020469D
:102E0000FFF74AFEA3780B2BEED110BDA36C002B6D
:102E1000C6D0EDE7013B5BB22371002BF5D10C214D
:102E2000E288074B2046BDE8104001FB02331989B8
:102E3000FFF728BD010000107ACD03205069032060
:102E4000945003102DE9F0473E4B93F90030022BCC
:102E500075D13D4E3D4B32781B7893426FD03C4B41
:102E60003C491B6831F812105B1A40F219411BB241
:102E70008B4264DDDFF8F88038F812300A225343C1
:102E8000354A1268D718D45EB7F9025024042D04CD
:102E90002946204606F006F9304B0288D3F8009008
:102EA0002F4BD3F800A02F4B1B68995C13441A7961
:102EB000DB78C90903EB02232B4A10681844FFF79B
:102EC000E7FB82449AF80130294603EBC30339F942
:102ED0002320204628239203FFF7F8FB5A2108F00D
:102EE000CDF800233820B7F90610204A00FB03FC78
:102EF00032F90CC08C4503D00133892BF6D100BECA
:102F0000382101FB0322126B294612F4807F0CBF8B
:102F10004FF000426FF00042DBB22046FFF7D6FBD5
:102F20002D21337838F8132001334281B7F904207A
:102F300003F07F0392FBF1F25207C2623370BDE8E7
:102F4000F08700BF53C3032035C6032034C60320D7
:102F50005069032084A50320B4690320FC7003207A
:102F60007471032000710320686903209C320310F0
:102F700084A40320F8B5B0F906400546002C5FD0C4
:102F8000304B013C1B5D002B5AD0D4262E4F06FB44
:102F900004763379022B02D12046F7F7ABFDB5F961
:102FA0000210B5F900004FF00042002309040004AC
:102FB000FFF78CFBB5F906300146012BC1BF8269D2
:102FC00003F1FF3342EA836282612D22B5F90430B6
:102FD00093FBF2F35B07C3623046FFF745FBD42354
:102FE0006343FC18226AA1F84E008A84F95000233A
:102FF000C4E928332371C4F89030C4F8A830A4F889
:10300000B0304FF424133046636101F079F80F4B70
:1030100093F9003033B14FF00133636440F2011390
:10302000A4F848300A4AB5F9063092F90020013B6D
:10303000934205D108F0C2FEBDE8F840F8F784BE1F
:10304000F8BD00BF48CD03200C6B032053C3032001
:1030500048C30320F8B50A23574A03FB00F106468C
:1030600010684418B4F906200B2A0ED1534A544D67
:103070001368AB4208D241581960616859602189D0
:10308000198113680A331360F8BD002AFCDD042A95
:103090001ADC013A5A434B4E4358B518B350636893
:1030A0006B6023892B81B4F90620474B134401221E
:1030B00003F8012C454B93F90030002BE4D1204656
:1030C000BDE8F840FFF756BFB4F90850EF06DBD46F
:1030D0003F4B93F90030002B6CD0042B03D0012719
:1030E000013B07FA03F31D42CED000233827394DA8
:1030F00007FB03FC35F90CC0944503D00133892B41
:10310000F6D100BE314A92F900202AB1382202FBE2
:103110000352126B9201B7D42F4A12783AB1122B94
:10312000B2D0382202FB0352126B5702ACD43822C1
:1031300002FB0352126B405EB4F9021012F4807F5E
:103140000CBF4FF000426FF00042DBB209040004F4
:10315000FFF7BCFA90F904300546002B468109DDE3
:10316000F9F7D0FF95F9043090FBF3F202FB13035B
:1031700001332B71AB69580241BF18490A6801320B
:103180000A60190241BF16490A6801320A60154AED
:10319000134206D12D21B4F9042092FBF1F252071B
:1031A000EA62B4F9082012077FF56EAF43F02003FE
:1031B000AB6169E7012396E7B4690320D8BC01201D
:1031C000B8C303204CCD032074CD032053C3032088
:1031D0002AC603209C32031011CD0320FC72032069
:1031E000F87203200100001070B504460D46164623
:1031F000F9F7AAFF252306EB802229462046FFF790
:1032000065FA4FF4803304468364F9F77BFF237932
:1032100000F003001B1A5BB2012BB8BF012323711E
:10322000054B1B68B3F5800F05D12046BDE8704003
:103230005F21FFF727BB70BD58B00120F8B50446E9
:103240001D460E461746F9F77FFF262307EB80221F
:1032500031462046FFF73AFA4FF4003304468364C0
:10326000F9F750FF227900F00300121A52B2012A36
:10327000B8BF0122A5F10903032B227105D85B21F8
:103280002046BDE8F840FFF7FDBA082D01DC5C21BF
:10329000F6E7F8BD10B50446F9F734FF237900F0DE
:1032A00003001B1A5BB2012BB8BF0123E168237135
:1032B000236C226901EB6301636CA06C02EB630277
:1032C0006369E16003EB6003226120466361FEF7FE
:1032D00071F820B92046BDE81040FFF701BB10BDD2
:1032E00028B9034BC3E90300C3E90500184670473A
:1032F00078BD012038214379084A01FB0322D069B7
:10330000074A12784AB1102B05D01F3B012B98BFFA
:103310004FF4A01070474FF4A01070479C32031078
:103320000ECD03202DE9F84313464269054602F508
:1033300000120E46D0E90301FFF7C8F9382142799F
:10334000294B044601FB0233197A09B107F096FEB6
:103350002846FFF789F9D6E90323A4F84C00D5E9FC
:10336000030105F071FDB36907465B0303D5F9F767
:10337000EBFE07EB0057E7622046FFF7BBFF4FEA83
:10338000D748DFF8689008F5006239F8121012018A
:1033900002F48032891A0746EDF7C7FE39F8181093
:1033A0004FEA081303F480332064C91A3846EDF756
:1033B000BCFE2A69EB6831696064F068891AC01A3A
:1033C000FEF73AFC90FBF7F00128B8BF01207369C3
:1033D0006A699B1A93FBF0F32046A364FFF75AFF38
:1033E0002046BDE8F88300BF9C3203100C91021008
:1033F0002DE9F843C46A0E464FF080622146054627
:10340000FEF73CFADFF8C4800746D8F80030D3B99D
:1034100004F180694FF0806249462846FEF72EFA93
:10342000D8F800300746002B4BD104F17C444FF014
:10343000806221462846FEF721FAD8F80030074678
:103440000BB91F46EC6A6A693346D5E9030102F5F8
:103450000012FFF73BF9382142791B4B064601FB6E
:103460000233197A09B107F009FE2846FFF7FCF884
:10347000F462A6F84C003046FFF73CFFDFF85080BE
:10348000E40C04F5006338F813101B0103F48033D7
:10349000C91A0546EDF749FE38F81410240104F462
:1034A00080343064091B2846EDF73FFE39467064CE
:1034B0002846EDF73AFEB0643046BDE8F843FFF722
:1034C000E9BE4C46BFE700BF9C3203106C69032085
:1034D0000C91021068B1074B074A0344934201D88C
:1034E000830700D000BE00F15F4000F57D00C0F30F
:1034F0008F007047FCFFFCDFFBFF0300437813F0F5
:1035000010021FBF054903F007028A5CC3F3C00322
:103510001ABF8018C05C1046704700BF18830310A4
:10352000002230B50A4931F8023B6BB103F1006368
:1035300003F540439B001C6A844205D11C7F032C89
:1035400002BF5D7F9C701D7701321E2AEBD130BD1A
:10355000409803202DE9F84F002506464FF0030957
:10356000AA46104F37F8024BB4B104F1006404F5D9
:103570004044A40094F81C80B8F1030F0CD03046EE
:10358000FFF7BCFFD4F820B0834502BF84F81D804C
:1035900084F81C9084F802A001351E2DE2D1BDE80C
:1035A000F88F00BF40980320084B10B500211C463F
:1035B00033F8022B22B9FFF78DFF24F8110010BD5C
:1035C00001311E29F4D100BEF9E700BF4098032065
:1035D0002DE9F74F05468946009219B9FFF78EFF8E
:1035E000FFF79EFF00244FF0FF38DFF8ACA1414603
:1035F000284603F05DFAB0F1000803DA204603B074
:10360000BDE8F08F242303FB08F6DAF8007007EB1F
:10361000060BBBF816200192002AE8D106212820CB
:10362000EEF7B6FA044604F0D3FA204684F8249064
:10363000C4F804B0FFF74EFF0321019AABF816005F
:103640002846A170A277FFF759FF2062B9F1040F55
:1036500037D8DFE809F07E683D037B004FF4004275
:10366000A2604A4ADAF8001010686A78D2072DD4AE
:10367000474A1268A5EB020C464A128802FB0CFC72
:1036800095F9022002EB2C4202445278584602EB94
:10369000C20201EB8201CA798BF80720B95F890366
:1036A00003F06EF900222061626122779BF8061018
:1036B00062F386018BF8061016210BF11C0007F04F
:1036C00005FC2046FFF770FF012490E76A88DBE7DE
:1036D0004FF40042A2602D4ADAF8001010686A78B0
:1036E000D3071ED42A4A1268A5EB020C294A128875
:1036F00002FB0CFC95F9022002EB2C4202445278AA
:10370000009B02EBC20201EB8201CA798BF8072011
:10371000B95F1A0402EB81322261002262612277D2
:10372000CAE76A88EAE74FF48022A260584603F0AD
:10373000D7F8BA5F92039042D4BFE060E2602261A2
:1037400069226261012222771221B6E74FF400223A
:10375000EBE74FF480325846A26003F0C1F8BA5F3D
:1037600092038242D4BFE260E060584603F0E0F882
:10377000BA5F92038242ACBF22612061692262611A
:10378000F9F7C0FC00F001002077DDE77471032039
:103790006869032062BA0320FC7003200D4A70B5EB
:1037A0000024164632F8023B23B103F1006303F50F
:1037B00040439B00984207D100254368DD8204F016
:1037C00015FA26F8145070BD01341E2CEAD100BE43
:1037D000F9E700BF4098032037B5037F0446012B6B
:1037E00040D0022B50D0002B5ED10122CDE9003217
:1037F000837F0269D0E90101FBF7BAFD94F8243018
:103800000546023B012B08D8284B1B68590704D1F9
:10381000606816211C3007F059FB012D0DD1A37FE4
:10382000002B41D1122163696068A36125771C30A8
:1038300003B0BDE8304007F049BB022D34D16369C5
:103840006068A361132125771C3007F03FFB94F8D3
:103850002430013B032B27D8204603B0BDE830407D
:10386000FFF79CBF00234FF0FF32CDE90032D0E9D3
:1038700002124068FBF77CFD022815D163692077AE
:1038800013216068A361D2E78369013B83615BB95F
:103890004068E36830F91C2B1221B3EB823F14BF60
:1038A000012300232377C3E703B030BD5069032011
:1038B00089000844836E9B1A836670472DE9F047A0
:1038C00006460F464FF00C090D0105F1B408DFF86C
:1038D0004CA0804405442AB906EB0716C6F8B4206C
:1038E000BDE8F08709FB02A42046C5F8B440F8F70C
:1038F00079FB6368C5F8B8003BB9D5F8B4301A89CC
:10390000D5F8B830002BE6D0EAE741463046984774
:10391000D5F8B430002BF0D1E2E700BF945003108B
:1039200010B590F85D3004460A2B04BF90F85C3067
:1039300080F85D3090F85D30072B03D10A210068D4
:1039400007F09CFB0C2194F85D20084B204601FBFE
:1039500002330A2284F85D204FF400020021C4F8EB
:10396000C0205A88BDE81040FFF7A8BFB42C031050
:103970000C2310B590F85C10304A4B430629D35CF9
:1039800048D0082914BF01240224052B44D01A333F
:1039900050F82330A3423FDA90F963302BB1036F24
:1039A0001BB1274B1B78002B38D190F9663033B10F
:1039B000C36E022B03DD224B1B78022B30D090F913
:1039C00061300BB1836E6BBB90F960300BB1C36E8D
:1039D00053BB836E53BB90F965304BBB90F962309B
:1039E0000BB1436F33BB90F9643043B1036F282BA5
:1039F00022DD134B1B78002B14BF0623002380F815
:103A00005D300C2303FB012200219288FFF756FF53
:103A1000002002E02824B8E7012010BD0523EEE7CE
:103A20000823ECE70323EAE70223E8E70123E6E7BC
:103A30000723E4E70423E2E70023E0E7B42C0310C4
:103A40005D1A002010B50446FFF792FFA0B19A213D
:103A50002068FEF717FF0C2194F85C20074B2046E6
:103A600001FB023300211A89FFF728FF2168BDE816
:103A700010400846FAF796B810BD00BFB42C0310EA
:103A80000C2190F85C20034B01FB023300219A8843
:103A9000FFF714BFB42C0310F8B5044600680E46B7
:103AA000C3889A3B9BB2012B02D89521FEF7EAFE10
:103AB00094F85C30072B07D13268284B9A4203D127
:103AC0000B21206807F0DAFA94F85D300A2B01D157
:103AD000236A63B90C2194F85C20214B204601FB3A
:103AE000023300219A88BDE8F840FFF7E7BEE37A89
:103AF00013F0010310D094F988302BB194F85C30A6
:103B000003F0FD03042B09D0012384F888302046FC
:103B1000BDE8F840FFF796BF84F88830114B124F8C
:103B20001D68E069ED0105F4FC5303F5006337F807
:103B300013101B0103F48033C91AEDF7F6FA05F4EC
:103B4000786500F58030B06037F81510E069EDF762
:103B5000ECFA00F50010F060F8BD00BFB853031098
:103B6000B42C0310506903200C910210C27A034652
:103B7000D2070CD590F85D200A2A08D1026A32B12A
:103B8000D0F890200132C0F89020FFF75BBF0022F0
:103B90001846C3F89020FFF7EBBEFFF7E9BECA68EE
:103BA00002F5C022B2F5000FCA6011DB0279012ACA
:103BB00003D14FF40003CB607047026A12B911467B
:103BC000FFF77CBE90F85D2080F85C20FFF7A8BE70
:103BD00070470000CB68A3F5C023B3F5001F01DDDB
:103BE000CB6070474FF40013CB600C2190F85C2041
:103BF000034B01FB02330021DA88FFF75FBE00BFF1
:103C0000B42C031010B504469B210068FEF73AFE61
:103C10000C2194F85C20054B2046BDE8104001FBC8
:103C2000023301215A89FFF749BE00BFB42C0310AB
:103C300073B50546F9F766FA0A2390FBF3F202FB27
:103C400013042A6B0134640002B15C432B68DE6A02
:103C5000F9F77AFA06EB804631464FF4800228687D
:103C6000FDF70CFE314600940B4E03464FF48002E4
:103C70002868FDF755FE336863B15321286807F0C3
:103C8000FDF92C683268D4E90301D2E9032305F079
:103C9000DBF8E06202B070BD6C69032073B50546C5
:103CA000F9F730FA2B680446DE6AF9F74DFA06EBAD
:103CB00080463146204A2868FDF7E0FD0A2294FB41
:103CC000F2F102FB11440134640000941B4C0346E2
:103CD0003146194A2868FDF723FE236833B90C21C1
:103CE000286802B0BDE8704007F0C8B90D21286807
:103CF00007F0C4F922682868D2E90323D0E9030158
:103D000005F0A2F82A68D16A441AB4F1004F0ED91E
:103D10000B4B9C4208DC0B4B0344D362936943F08A
:103D20008003936102B070BD074B0B44F5E7074B6E
:103D30009C42FAD9064BEFE7010040006C69032072
:103D4000CCCCCCFCC3300C03CDCCCCFC3333330314
:103D50003DCFF3FC0C2210B5044690F85C300649C8
:103D600053430122C95CFFF7A3FD20682121BDE870
:103D70001040FFF73DBB00BFB42C03100C2210B560
:103D8000044690F85C30064953432822C95CFFF78B
:103D90008FFD20682321BDE81040FFF729BB00BF3D
:103DA000B42C03100C2238B590F85C300C49534306
:103DB0000122CD18C95C0446FFF77AFD6D89F9F739
:103DC000A1F900F001002A180121204692B2FFF764
:103DD00075FD20682221BDE83840FFF709BB00BF10
:103DE000B42C0310F8B5C66A4FF080623146044621
:103DF000FDF744FD0B4F0C4D3B68286083B94FF035
:103E000080622046B118FDF739FD3B6828603BB958
:103E10004FF08062204606F17C41FDF72FFD2860BF
:103E2000F8BD00BF6C690320ACB00120F7B50546B2
:103E30000F46F9F767F9032390FBF3F303EB430312
:103E4000C31A0133EE6A03EB83041FB9F9F77CF957
:103E500006EB8046054B00944FF000623146284641
:103E60001B68FDF75DFD03B0F0BD00BFACB00120E5
:103E700038B504460121006807F000F99B2120684D
:103E8000FEF700FD0C2294F85C300D4953432046A8
:103E9000CD180122C95CFFF70BFD012120466A897C
:103EA000FFF70CFD2068FFF79DFFD4F89010206805
:103EB000B1FA81F1BDE838404909FFF7B7BF00BF4B
:103EC000B42C031038B504460221006807F0D6F878
:103ED0009B212068FEF7D6FC0C2294F85C300C493C
:103EE00053432046CD180122C95CFFF7E1FC6A89E3
:103EF00001212046FFF7E2FC2068FFF773FF07254A
:103F000000212068FFF792FF013DF9D138BD00BFC5
:103F1000B42C03102DE9F34705460421006807F08F
:103F2000ADF89B212868FEF7ADFC0C2295F85C30BB
:103F30001C4953432846CC180222C95CFFF7B8FC41
:103F4000012128466289FFF7B9FC2868FFF74AFF7C
:103F500014264FF00309DFF850A0F9F7D3F82B68C7
:103F60000446DF6AF9F7F0F8D5F8008007EBC047A0
:103F7000F9F7EAF894FBF9F202EB4202A41ADAF834
:103F80000030013404EB840403EB40134FF0006273
:103F9000394640460094FDF7C3FC013EDDD102B036
:103FA000BDE8F087B42C0310ACB00120F8B504468E
:103FB0000C270D460068012107F060F894F85C308A
:103FC000194E7B43F35C1A3354F8233053B39B21CF
:103FD0002068FEF757FC94F85C3020467B430122B2
:103FE000F15CF718FFF764FCB7F90A302A6803EBB5
:103FF000430302EB83020D4B0121D21A0C4B9210AA
:104000005A43204692B2FFF759FC2068FFF7EAFEB8
:10401000D4F890102068B1FA81F1BDE8F840490960
:10402000FFF704BFF8BD00BFB42C03100453031006
:10403000ABAAAAAA002380F8B0307047012380F809
:10404000B0307047022380F8B03070472DE9F04758
:1040500006460025244FDFF89C80F16AB6F84C40F4
:1040600001F16041294424B104F1006404F54044A5
:10407000A4004FF080622046FDF700FC3B683BB394
:10408000D3E905C2D3E9030118EA020F1DBF4FF0BF
:10409000380E5A79154BDA6B1CBF0EFB02335A6A85
:1040A0002A230CEBA202FEF711FB4FF00F0A4FF090
:1040B0000009F9F727F800F007000130BAF1010A0A
:1040C0008144F6D14B46224621463868FBF7ECFF87
:1040D00005F1CC75064B05F5CC3505F299159D42D9
:1040E000BBD1BDE8F08700BF6C6903209C32031090
:1040F000E8FFFF3F010000100921006806F0BEBF85
:104100000022C0F8B420C0F8C42090F85C2080F8E9
:104110005D20FFF705BC70B50446002600F1C4051C
:1041200055F8102C62B155F80C3C591C08D0013BD5
:1041300045F80C3C23B9314620461289FFF7BEFBF7
:10414000103546B1D4F8BC30C4F8CC30D4F8C03007
:10415000C4F8D03070BD0126E2E720B100F1006064
:1041600000F540408000704768B1074B074A0344A0
:10417000934201D8830700D000BE00F15F4000F5F4
:104180007D00C0F38F007047FCFFFCDFFBFF0300E6
:10419000044A4308D35CC2074CBF180903F00F0060
:1041A000704700BF988203108369064A1A421FBFF6
:1041B00038214279044B01FB023314BF586AC06BAB
:1041C000704700BF010000109C32031010B5427808
:1041D00009B11F2A11D9D3070DD4094B094C1B680B
:1041E0002488C31A634390F9020000EB234009B10D
:1041F00000EB521010BD4088F9E74FF0FF30F9E7AF
:104200006869032062BA032030B5037A44688B42A0
:1042100008DB5B1A037224FA01F343608B4083EAE4
:10422000040030BD0268551C056012789A40224394
:10423000083342600372E8E7037B10B599401344EA
:1042400044680268037383680C439A4244600BD14C
:1042500010BDD0E90032591C01601A7043681B0A76
:104260004360037B083B0373037B072BF1D8EFE725
:1042700008B5034B08211868FFF7C6FFC0B208BD98
:1042800004710320024B01461868FFF7BDBF00BF51
:1042900004710320024B01211868FFF7B5BF00BF6E
:1042A00004710320024B0A4601461868FFF7C4BF99
:1042B00008710320024B014601221868FFF7BCBFBA
:1042C000087103200821FFF7EDBF000008B5034B7C
:1042D00010211868FFF798FF00B208BD0471032091
:1042E000024B81B210221868FFF7A6BF08710320A5
:1042F00038B5064B10211D682846FFF785FF044698
:104300002846FFF781FF44EA004038BD04710320CE
:10431000074B10B581B2044610221868FFF78CFFD6
:10432000102224FA02F1BDE81040FFF785BF00BF5C
:104330000871032038B50220FFF7A4FF00250446CA
:10434000032C01D9284638BDFFF792FFE3009840BF
:1043500005430134F4E70321FFF7A4BF03780749BD
:1043600003F00F03CB5C33B1C25C512A134602D871
:10437000022105F035B81846704700BF3A83031094
:104380000378074903F00F03CB5C33B1C25C512AB9
:10439000134602D8012105F023B81846704700BF24
:1043A0002083031070B50546C8B190FAA0F4B4FAA2
:1043B00084F4E41002212046FFF774FF0023621CFE
:1043C00001339A422E464FEA1525F9D1F0B2013455
:1043D000FFF778FF042C4FEA1626F7D170BD0324AF
:1043E000E8E7027802F00F02042A06D98278512AFF
:1043F000134603D8002104F0F3BF0023184670478A
:10440000884270B50446154607D00120FFF752FFD9
:1044100020462B46BDE8704018470020BDE870409C
:10442000FFF748BF70B504460D46FFF733FF18B1DC
:104430002B46BDE870401847204670BD0346024831
:1044400030330370704700BF02C6032010B5044626
:10445000FFF720FF002814BF0A230023237010BD9C
:10446000003818BF0120FFF725BFFFF7F9BF000094
:1044700010B504468078FFF7F8FF2079FFF722FF98
:10448000104BA0681B68C01A0F4B8010584300B235
:10449000FFF726FFE068FFF73BFF2069FFF738FFD3
:1044A0006069FFF735FF207EFFF704FFE069FFF743
:1044B0002FFF206AFFF72CFF606ABDE81040FFF76E
:1044C00027BF00BFFC700320398EE33838B505469E
:1044D0000024285D50BB172C2CDDF7F719F8C0B26B
:1044E000FFF7F0FE164B00241B68164D58681F306E
:1044F000FFF70EFF144B1878FFF7E4FE134B187804
:10450000FFF7E0FE124B1878FFF7DCFE15F8010B01
:104510000134FFF7CFFE042CF8D10E4B1821186898
:10452000BDE8384020F07F40FFF7BCBEFFF7CAFE71
:104530000134CEE70020FFF7C5FE0134CBE700BF12
:104540006480032048CD03202AC6032007C6032029
:1045500028C603205069032038B51824FFF788FEC9
:10456000013CFBD1FFF784FE0546F6F7D1FF8542FB
:1045700001D0002038BDFFF7BBFE104B1B685B6805
:104580001F339842F5D1FFF773FE0D4B0D4D187098
:10459000FFF76EFE0C4B1870FFF76AFE0B4B18709E
:1045A000FFF778FE0134042C05F8010BF8D1182030
:1045B000FFF768FE064B18600120DBE764800320EC
:1045C0002AC6032048CD032007C6032028C603209F
:1045D0005069032008B5FFF74BFEA0F11D035842B8
:1045E000584108BD1D20FFF76DBE00002DE9F047C2
:1045F0000026704F704CDFF8C491DFF8C4A117F8A3
:10460000013B002B00F0CA8025462079FFF75AFEB7
:10461000A079FFF757FEE079FFF754FEB4F90800E0
:10462000FFF75EFE207BFFF75BFEA07AFFF74AFEF6
:10463000E07AFFF747FE2069FFF76AFE6069FFF73F
:1046400067FEA069FFF764FEE069FFF761FE206A7C
:10465000FFF75EFE606AFFF75BFE55F8280FFFF775
:1046600057FE4FF0000855F8040F08F10108FFF756
:104670004FFEB8F1060FF6D1002504F1430818F8F3
:10468000010F0135FFF716FE062DF8D194F84A0008
:10469000FFF710FE002504F1480858F8040F013513
:1046A000FFF736FE042DF8D1254694F85C00FFF79D
:1046B00009FE15F85D0FFFF705FE4FF0000815F82D
:1046C000010F08F10108FFF7F5FDB8F1090FF6D168
:1046D000002504F1640858F8040F0135FFF718FEAF
:1046E000042DF8D1002504F1740858F8040F0135A1
:1046F000FFF70EFE042DF8D194F98800FFF708FEAD
:1047000094F98900FFF704FED4F88C00FFF700FE4F
:10471000D4F89000FFF7FCFDD4F89400FFF7F8FD03
:10472000D4F89800FFF7F4FDD4F89C00FFF7F0FDF3
:10473000D4F8A400FFF7ECFDD4F8A800FFF7E8FDDB
:1047400094F9B000FFF7E4FD94F9B100FFF7E0FD44
:1047500094F9B200FFF7DCFD25464FF00208D5F8CA
:10476000B40020B1A0EB090080100AFB00F0FFF7B5
:10477000CFFDD5F8B800FFF7CBFDD5F8BC00FFF7AB
:10478000C7FDD5F8C000FFF7C3FDB8F1010F05F173
:1047900010050BD194F8B300FFF78CFD0136042E01
:1047A00004F1D4047FF42BAFBDE8F0874FF001088B
:1047B000D5E700BF48CD03200C6B032094500310B5
:1047C000ABAAAAAA2DE9F84F00273D46DFF8D88109
:1047D000744CDFF8D8A118F8013B002B00F0D6800C
:1047E00044F8745CFFF744FD04F8700CFFF740FDDB
:1047F00004F86E0CFFF73CFD04F86D0CFFF766FD46
:1048000024F86C0CFFF762FD04F8680CFFF730FD2C
:1048100004F86A0CFFF72CFD04F8690CFFF768FD3B
:1048200044F8640CFFF764FD44F8600CFFF760FD8A
:1048300044F85C0CFFF75CFD44F8580CFFF758FD9A
:1048400044F8540CFFF754FD44F8500CFFF750FDAA
:1048500026464FF0000946F84C0DFFF749FD09F1D7
:104860000109B9F1060F46F8040FF6D10026A4F1AC
:104870003109FFF70FFD0136062E09F8010FF8D1B7
:10488000FFF708FD002604F82A0CA4F12C09FFF715
:104890002FFD0136042E49F8040FF8D1FFF7E8FC8C
:1048A00004F8180CFFF7E4FC26464FF0000906F860
:1048B000170DFFF7EFFC09F10109B9F1090F06F82F
:1048C000010FF6D10026A4F11009FFF711FD013602
:1048D000042E49F8040FF8D1A1460026FFF708FD81
:1048E0000136042E49F8040FF8D1FFF701FD2075B9
:1048F000FFF7FEFC6075FFF7FBFCA061FFF7F8FC1B
:10490000E061FFF7F5FC2062FFF7F2FC6062FFF761
:10491000EFFCC4E90A05FFF7EBFC2063FFF7E8FCB6
:10492000C4E90D05FFF7E4FC84F83C00FFF7E0FC68
:1049300084F83D00FFF7DCFC4FF002094FF00C0B50
:1049400084F83E00A4F17406FFF7D2FC0028D4BF1F
:1049500000200BFB00A0C6F8B400FFF7C9FCC6F8A6
:10496000B800FFF7C5FCC6F8BC00FFF7C1FCB9F101
:10497000010FC6F8C00006F110060FD1FFF78AFC40
:1049800044F8745C84F83F00E562A5630137042FA6
:1049900004F1D4047FF41FAFBDE8F88F4FF0010994
:1049A000D2E700BF806B032048CD03209450031052
:1049B0002DE9F04F00276A4BDFF8C0911C6885B0E5
:1049C000684B1B88BB4210DC0026674B674FB3F96E
:1049D0000000FFF785FC664BDFF8A4811D683B886B
:1049E000B34270DC05B0BDE8F08FD9F800606D46C9
:1049F00096E80F0096F80CB00E26DFF888A17E43EB
:104A000085E80F0080460120FFF754FCDAF800101B
:104A1000B4F90000574A895F8010FFF7F1FCDAF81B
:104A20000020B4F902009119B1F90210514A801026
:104A3000FFF7E6FCDAF80020E0799119B1F90410EB
:104A40004D4AFFF7DDFCDAF80020207A9119B1F920
:104A50000610494AFFF7D4FCDAF80020B4F9040044
:104A60009119B1F90810434AFFF7CAFCDAF800308F
:104A7000A2793344B3F90A30C2F384029A421ED0B9
:104A80000120FFF717FCA0790521C0F38400FFF790
:104A900009FCD9F800603368A3EB0802337BA3EB71
:104AA0000B0303EBC203072B06D195E80F0086E842
:104AB0000F000020FFF7FEFB0137243480E70020C1
:104AC000FFF7F8FBE5E7284604F09CFB38B12846E1
:104AD00004F0A6FBB0FA80F04009FFF7EBFB284694
:104AE00004F0E2FBFFF7E6FB4FF0000949462846D9
:104AF000FFF76CFB431C23D0D8F800400444204649
:104B0000FFF76FFC512805D80021204604F08AFCED
:104B1000FFF7D0FB2046FFF721FC512805D80221E2
:104B2000204604F07FFCFFF7C5FB2046FFF728FC7A
:104B3000502805D80121204604F074FCFFF7BAFB89
:104B4000B9F1000F08D06878013600F01F00FFF7B8
:104B50001FFB0530054442E74FF00109C6E700BFDF
:104B6000FC700320D8AE032086A60320CEAE03201F
:104B700068690320E1420110C54201100871032059
:104B8000747103204C8003202DE9F0470027564B19
:104B9000DFF868911C68554EDFF86481B9F8003081
:104BA000BB4210DCFFF792FB0027514BDFF854911A
:104BB0001880504BDFF850A11D68B9F80030BB4297
:104BC0003BDCBDE8F087FFF765FB98B30E257D431E
:104BD00033684146585FFFF725FC336880002B445B
:104BE00020804146B3F90200FFF71CFC33688000C7
:104BF0002B4460804049B3F90400FFF713FCE071D7
:104C000033683D492B44B3F90600FFF70BFC2072D3
:104C1000336841462B44B3F90800FFF703FCA0803A
:104C2000FFF738FB30B10520FFF72CFBA37960F3C9
:104C30008603A37101372434B0E7284604F0E2FA72
:104C400028B1FFF727FB10B1284604F0C3FAFFF79D
:104C500021FB10B1284604F03FFB4FF0000841460D
:104C60002846FFF7B3FA431C2FD0DAF8004004447B
:104C70002046FFF7B6FB5128064608D8FFF70AFB87
:104C800028B186F00101204609B204F0EDFB204670
:104C9000FFF764FB5128064608D8FFF7FBFA28B156
:104CA00086F00101204609B204F01CFC2046FFF703
:104CB00067FB5128064608D8FFF7ECFA28B186F0C2
:104CC0000101204609B204F0EDFBB8F1000F08D055
:104CD0006878013700F01F00FFF75AFA05300544E5
:104CE0006BE74FF00108BAE7FC7003204C8003200B
:104CF00086A603206869032071420110D8AE032004
:104D0000CD420110CEAE0320747103202DE9F8438B
:104D1000A14F3888FFF721FAB842044604D1BDE814
:104D2000F8430120FFF7C6BAA378092B40F00781AA
:104D30000020FFF7BFFA6079FFF7C4FAB4F90A0060
:104D4000FFF7CEFAA078FFF790FB0A226389DFF81D
:104D500070825343D8F80020D118D25EE368B3EBD9
:104D6000024F40F0EE80B1F902202369B3EB024F0D
:104D700040F0E7800020FFF79DFA884EA369884D38
:104D80001E423BD12046FFF70FFA382263794FF0DD
:104D9000240902FB0353834A596AFFF731FBA369D5
:104DA0001E4218BF242223897F4E1CBF5A433168FC
:104DB00009FB03F318BF885E326818BF8003D15E19
:104DC00008BF206B794A8903FFF71AFB2421A369E6
:104DD000724A1A4218BF336822890EBF606B09FB02
:104DE0000233B3F90200336818BF800301FB0233BA
:104DF000B3F902106D4A8903FFF702FBD4E905936A
:104E0000664A1A4200F0A780242223895343664A47
:104E10001268D118D35EB9EB833F40F0A280002026
:104E2000FFF748FA5D4EA3691E4227D10A21628925
:104E3000D8F80030E06A01FB0233B3F904105B4A92
:104E40000904FFF7DDFAA3691E4017D13822637900
:104E5000A06B02FB0353534A196AFFF7D1FA31469C
:104E6000504A206CFFF7CCFA31464E4A606CFFF78F
:104E7000C7FA31464B4AA06CFFF7C2FA4FF0380927
:104E80004FF0FF314A4A94F90400FFF7B9FA637909
:104E9000484A09FB0353E0885988FFF7B1FA637960
:104EA000404A09FB0353A069196BFFF7A9FA3B4E6F
:104EB000A36916EA030842D163793E4A09FB03530A
:104EC000B4F92400B3F90410FFF79AFA032194F916
:104ED0002000FFF7E7F94146324AA06AFFF790FA4F
:104EE0006379334A09FB035594F8210095F90910B9
:104EF000FFF786FA2E4A94F923004146FFF780FA1D
:104F0000B4F84E20A069002A41D0064217D10120F2
:104F1000FFF7D0F9B4F84E00FFF71FF9264B022136
:104F2000C01A264B80105843FFF7BCF9A3691B4AEF
:104F30001A4204D1022194F92200FFF7B3F9208824
:104F4000E8E60120FFF7B6F9E068FFF7E1F920692C
:104F5000FFF7DEF911E7236B99453FF460AF666B0D
:104F600002E0B1F90260B6032046FFF71DF9361AD8
:104F7000B1454FF0020103D10120FFF793F951E74A
:104F80000320FFF78FF96069FFF7C2F94AE7304065
:104F9000D5D1FFF78FF9C9E75C720320010000103B
:104FA0009C32031011430110FC700320A543011033
:104FB000C5420110E14201100C6B03201D52138CFD
:104FC000B46903202DE9F843AB4E3088FFF7C5F8EC
:104FD0000446B44240F0358102F0DEFDA74EA84FF2
:104FE000FFF758F9002840F08081FFF741F9382396
:104FF00003FB0063D3F83080A24B054618EA030F89
:105000000CBF5420202002F0F5FD45710446FFF747
:105010005DF985B26581A01CC4F81880FFF716FA07
:10502000FFF738F9002800F01B81FFF761F9E06015
:10503000FFF75EF901462161E06804F033F8924B16
:1050400002881D68914B1B68995C13441A79DB78C0
:10505000C90903EB02238E4A10681844FFF7B6F81B
:1050600005446B78874A03EBC3037B432381A36921
:105070001A4221D138226379242502FB0363854932
:10508000586AFFF7CFF92389DFF810826B43D8F80D
:105090000020E063D05E80498003FFF7C3F92289D6
:1050A000D8F80030206305FB0233B3F902007A49D7
:1050B0008003FFF7B7F96063FFF7ECF8714D002844
:1050C00040F0F680A3691D421FBF24212389734A43
:1050D0004B4317BF1268206BD05E8003694DA369F4
:1050E00060611D4227D10A216D4B62891B6801FB5B
:1050F0000233B3F9040068490004FFF793F9A36988
:10510000E0621D4017D138226379624902FB0363D4
:10511000186AFFF787F95F49A0632846FFF782F90D
:105120005C4920642846FFF77DF95A4960642846A7
:10513000FFF778F9A06438255A494FF0FF30FFF7A0
:1051400071F96379584905FB036320715888FFF7AB
:1051500069F95049E080A069FFF764F96379A061BB
:1051600005FB03652A6B474DD20044BF40F08050D9
:10517000A061A26915EA020849D14FF0380909FB7C
:1051800003634949B3F90400FFF74CF9A0840320F5
:10519000FFF778F83F4984F820004046FFF742F9CE
:1051A0006379404909FB0363A06293F90900FFF7A3
:1051B00039F93C4984F821004046FFF733F9A369E7
:1051C00084F823001D4022D1FFF764F818B10220B3
:1051D000FFF758F8451C0220FFF754F8002D014650
:1051E0007FDDD420314B013D00FB0530FEF7BCFFD5
:1051F000A4F84E00FEF7B1FF0460224BA26984F8C8
:105200002210134004BFA4F84C30A4F850302046BC
:10521000FCF7D2FFA3691B4A1A420CD1242223892E
:1052200053431E4A1268D118D35E9B032363B1F91E
:1052300002309B03636309232046A37002F0C8FC7D
:10524000CEE62088FEF789FFA3780546092B02D118
:105250002046FDF7DDFA204602F038FD2C46B8E680
:105260000A235D430E4B1B685A195B5F1B04E36006
:10527000B2F902100904DEE65C7203209C320310CE
:10528000398EE3380100001074710320007103208F
:1052900068690320F142011035430110FC700320BE
:1052A000B469032071420110CD4201100C6B032040
:1052B000FEF7F0FF90B9A3691D421FBF24210C4BDC
:1052C00022891B680FBF656B01FB0233B3F9020033
:1052D00085032046FEF768FF281AFFE6FFF708F867
:1052E000FCE60023A4F84E3087E7BDE8F88300BF52
:1052F000FC700320F8B56B4D2888FEF72EFFA842FE
:10530000044604D1BDE8F8400720FFF724B8A3788D
:10531000082B13D8DFE803F005BF14571287A53612
:10532000A7000021604E204636F8027BFEF71CFFE6
:10533000874200F0B08001311E29F4D12088DCE7DB
:105340000120FFF708F8A078FFF78FF82079FEF723
:10535000B9FF564BA0681B68C01A554B80105843C4
:10536000FEF7D6FFE068FEF7D3FF2069FEF7D0FF17
:105370006069FEF7CDFFA069FEF7CAFFE069FEF79E
:10538000C7FFDBE70220FEF7E6FFA078FFF76DF826
:105390002079FEF797FF6079FEF78CFF434BA068FA
:1053A0001B68C01A424B8010584300B2FEF798FFAA
:1053B000E068FEF7ADFF2069FEF7AAFFB4F914001C
:1053C000FEF78EFFD7E70320FEF7C5FFA078FFF7B3
:1053D0004CF8364B60681B68C01A354B8010584338
:1053E00000B2FEF77DFFA068FEF792FFE068FEF7CF
:1053F0008FFF2069FEF78CFF6069FEF789FFA069C7
:10540000FEF786FF207FFEF75DFF607FFEF75AFF05
:10541000A07FFEF74FFF206AFEF77AFF94F8240082
:10542000FEF750FF8AE70420FEF795FFA078FFF70C
:105430001CF81E4B60681B68C01A1D4B8010584337
:1054400000B2FEF74DFFA068FEF762FFE068FEF7CE
:105450005FFF2069FEF75CFF6069FEF759FFA069F6
:105460008DE70520E0E70620FEF775FFA078FEF740
:10547000FCFF0E4B60681B68C01A0D4B8010584330
:1054800000B2FEF72DFFA068FEF742FFE068FEF7CE
:105490003FFF206973E70020FEF75DFF2046FEF71F
:1054A000E7FF4BE75C72032004980320FC700320A5
:1054B000398EE338F8B505269E4D0320FEF7E2FE4F
:1054C000C0B2072800F23381DFE810F008003F0087
:1054D00068009300D100F500160133010521282052
:1054E000ECF756FB04460230FEF7B0FFFEF7C0FEB5
:1054F0002071FEF7EBFE2F6800EBC00007EB800782
:10550000A760FEF7F5FEE060FEF7F2FE2061FEF711
:10551000EFFE6061FEF7BEFE2076FEF7E9FEE06179
:10552000FEF7E6FE2062FEF7E3FE60622046FEF72D
:105530001BFEF882A3780BB10123A370204602F072
:1055400047FB2046F7F72EFEB7E705212020ECF7B2
:105550001FFB04460230FEF779FFFEF789FE20713B
:10556000FEF7B4FE2F6800EBC00007EB8007A760D2
:10557000FEF7BEFEE060FEF7BBFE2061FEF7B8FE60
:105580006061FEF7B5FEA061FEF7B2FEE061204665
:10559000FEF7EAFD0223F882A37088E005212020AF
:1055A000ECF7F6FA04460230FEF750FFFEF760FE15
:1055B0002071FEF76FFE6071FEF788FE2F6800EB2A
:1055C000C00007EB8007A760FEF792FEE060FEF7E1
:1055D0008FFE2061FEF77AFEA082FEF789FEA061B1
:1055E000FEF786FEE0612046FEF7BEFD0723F88247
:1055F000D2E705212820ECF7CBFA04460230FEF76B
:1056000025FFFEF763FE2F6800EBC00007EB800765
:105610006760FEF76DFEA060FEF76AFEE060FEF7D1
:1056200067FE2061FEF764FE6061FEF761FEA06127
:10563000FEF71EFE2077FEF71BFE6077FEF72AFEC0
:10564000A077FEF755FE2062FEF712FE84F82400D4
:105650002046FEF789FDF882A3780BB10323A370DF
:10566000204602F0B5FA2046FDF79EFF25E705210A
:105670001C20ECF78DFA04460230FEF7E7FEFEF739
:1056800025FE2B6800EBC00003EB80036360FEF790
:105690002FFEA060FEF72CFEE060FEF729FE2061E1
:1056A000FEF726FE6061FEF723FEA670A06120468D
:1056B00002F08EFA01E705211C20ECF769FA044696
:1056C0000230FEF7C3FEFEF701FE2B6800EBC000C0
:1056D00003EB80036360FEF70BFEA060FEF708FE9D
:1056E000E060FEF705FE2061FEF702FE6061FEF756
:1056F000FFFD0623A0614FE705211420ECF748FACF
:1057000004460230FEF7A2FEFEF7E0FD2B6800EB38
:10571000C00003EB80036360FEF7EAFDA060FEF7C4
:10572000E7FDE060FEF7E4FD0823206134E700BEFA
:10573000C3E6F8BDFC70032038B50C4D2B688BB167
:10574000286838BD4FF400724FF0805120460CF0AD
:1057500011FD0028F4D004F50014B4F1885F2C602A
:10576000F0D3EDE74FF08154F7E700BFA4BD01206F
:105770002DE9F0470D460646FFF7DEFF2A4B2B4981
:105780001B680F681B686FF0030C1F440023021F87
:10579000AB4201DBBDE8F0871178532940D1517845
:1057A00099423DDBA9423BDA5088ACEB000E02EB9C
:1057B0000E04A74234D812F80EE0BEF1B70F2FD175
:1057C00094F801E08E452BD194F802E080F0550169
:1057D000C9B28E4524D194F803E0011281F0AA01E8
:1057E0008E451DD14FF0000906EBC30192F801A0D0
:1057F00003F101089A4501F1080E05DC231DC1E9FA
:105800000030221F4346C3E7714643464EE90299E2
:10581000ECE70022311D46F8332041F833200133F4
:10582000AB42F6DBB6E700BF6480032068180020B7
:105830002DE9F04F9FB0064688460EA80821144671
:105840009946FFF795FFFFF777FF002307461D46B0
:105850009A460EAA116831B19E427ADD0F1F1D468D
:10586000516808318A440133082B02F10802F1D152
:105870004A4B1B681A684A4B1B6803EB020BFFF785
:105880005BFFA0EB0B0004F10803A0EB0A008342CE
:1058900000F281800CF0CCFBB54261DD1EAB03EB66
:1058A000C60353F8400C002856D004381EAB03EB57
:1058B000C50555F8401C0439B8F1000F4ED03B1B0C
:1058C000083B8342A0EB01052CBF002001205A1B9E
:1058D000CDE90521CDE90090012105A807950CF03F
:1058E0007FFFB8F1000F2ED053238DF80C30B72373
:1058F00004218DF8103084F055038DF81230230AFE
:1059000083F0AA038DF813303B1F059303AB069376
:105910003B1B043BCDE9083804ABCDE90C31012336
:105920000791CDE9009303213B463A1BF6B2083AB2
:105930008DF80D60ADF80E408DF811600A940B9251
:1059400005A80CF04DFF0CF0CFFB01201FB0BDE807
:10595000F08F84D1354686E73846A7E73B46B0E767
:10596000B8F1000FC0D1B542EDD11EAB03EBC505B8
:1059700055F8402C002AE6D055F83C3C01211A4449
:1059800004AB06930423CDE900910793CDF8108072
:105990000592D318D4E70020D8E700BF6480032025
:1059A00068180020044A4308D35CC2074CBF18099A
:1059B00003F00F00704700BF9882031030B54478A1
:1059C0001F2C1AD90E4BE20719680E4B1B6812D414
:1059D0000D4A0E4D12682D88821A6A4390F9020012
:1059E00000EB2242134403EB54135B7803EBC30335
:1059F00001EB830030BD4288F4E70020FAE700BFE6
:105A0000FC700320747103206869032062BA0320CC
:105A1000044B054A1B6853F82030106823F07F437D
:105A2000184470477C6903206818002010B50D4B9E
:105A30001C680D4B19684378DB0710D40B4B0C4ADC
:105A40001B681288C31A534390F9022002EB2343C8
:105A50000B445B7803EBC30304EB830010BD438866
:105A6000F6E700BFFC70032074710320686903200F
:105A700062BA032010B504B22046EBF79DFF044B39
:105A8000800818802046FFF7C3FF024B186010BD46
:105A9000E2AE03203473032008B500B2FFF7B8FF6D
:105AA000014B186008BD00BF0071032010B504B29F
:105AB0002046EBF781FF054B00EBD07040101880BB
:105AC0002046FFF7A5FF024B186010BDDEAE032095
:105AD000487203202DE9F04105B22846FFF798FFF0
:105AE00004462846EBF768FF0E23B0FBF3F04FF0B7
:105AF0002408234E0521308080B208FB00F0ECF72B
:105B000047F832881F4F08FB02F2002138600CF082
:105B1000DFFB00221C4B20461C603B681746368882
:105B200096421C4600F10E0003F1240304DC2846D3
:105B3000BDE8F041EBF768BF30F90E1C0132890077
:105B400023F8241C30F90C1C890023F8221C30F89F
:105B50000A1C03F81D1C30F8081C03F81C1C30F943
:105B6000061C23F8201CA17930F804CC6CF38601C4
:105B7000A17130F9021C23F8107C23F81A1CCFE71E
:105B8000D8AE0320FC7003204C80032010B504B273
:105B90002046EBF711FF0E23B0FBF3F0034B188008
:105BA0002046FFF735FF024B186010BDD6AE03202C
:105BB000786A032001B22DE9F8430846FFF728FF71
:105BC00006460846EBF7F8FE0A27B0FBF7F5002477
:105BD000184BDFF874801E60174BDFF870901D8043
:105BE000AC4207FB046312DB144B93F9001061B95C
:105BF00004231348134A10F8014B14B1147804B964
:105C000000BE013B02F8011BF5D1BDE8F88398F80E
:105C10000020022A09D0B3F90630403B9BB2192B71
:105C200003D829FA03F3DB07DED4A0B2FDF712FA9A
:105C30000134D5E7B4690320D4AE032053C3032055
:105C400048CD032074CD03205D1A0020BF0010034F
:105C500001B210B50846FFF7DBFE1B4B0288063089
:105C60001A8030F8042C194B1A8030F8022C184B8B
:105C70001A80184B18600846EBF79EFE342306384E
:105C80005843154B0012188080B200F11F04E41035
:105C900005212046EBF77CFF104B052118602046BC
:105CA000EBF776FF0E4B2246002118600CF010FB3C
:105CB00005212046EBF76CFF0A4B2246BDE8104059
:105CC000002118600CF004BBCEAE032062BA0320A2
:105CD00064BA032068690320D0AE0320586903200A
:105CE000546903205C690320002208B5034B00B20D
:105CF0001A70FFF78DFE024B186008BD13CD03200C
:105D00007471032010B500B2FFF782FE114B00F151
:105D100008021860104B84881A60B0F900300F4AEE
:105D20001B041360B0F902300D4A1B0413600D4BC5
:105D30000D4A1C80C38805215C4364002046138003
:105D4000EBF726FF094B2246BDE810400021186002
:105D50000CF0BEBA88B0012084B001208CB00120C4
:105D600090B00120ECA20320EAA2032080B0012021
:105D70002DE9F04F0024A24DA24BDFF8A0922E682F
:105D8000B3F8008087B0C9F80040A045D9F800A05A
:105D90002FDC05214FEA4A00EBF7FAFE0023DFF87B
:105DA00080820646C8F80000194618469E46964A64
:105DB000964F1468B7F800C0C9F8003004F10C021F
:105DC000844502F1240238DC0BB1C9F80010D5F883
:105DD00000A04FF00009D3468A4B1A884A4536DCAA
:105DE0000026DFF840923B88B3425EDC07B0BDE896
:105DF000F08F0AF101033046C9F80030FFF716FEB4
:105E00008389013383813046FFF7D8FD074658B1B7
:105E10003046FFF70BFE874206D0BB890133BB81BA
:105E20000AF10203C9F800307078013400F01F0055
:105E3000FFF7B8FD05300644A7E732F8243C22F806
:105E4000181C22F824EC194401300123B8E7584605
:105E5000FFF7ECFD48B18189028B0A44ABEB0A01E4
:105E600026F812108289013282815846FFF7A6FD7A
:105E7000019078B15846FFF7D9FD019A824209D0C6
:105E80009089118B0144ABEB0A0026F8110091892F
:105E9000013191819BF8010009F1010900F01F0017
:105EA000FFF780FD0530834496E702A8EBF7CBF8B7
:105EB0004FF0000BA2895A4549DCDDE90431CA18CC
:105EC00002EBD2725210E261DDE9020200EB020C39
:105ED0000CEBDC7C4FEA6C0CC4F820C0DFF848C146
:105EE000DFF848A1DCF800C0BAF800A0A2EB0C0271
:105EF000A0EB0C00A2F5001200F50010D215BAEBD1
:105F0000E05F22EAE27262744FEAE05E404AD8BF84
:105F10000AF1FF3E84F810E01068DFF814C10A1A95
:105F2000BCF800C01B1A02F50012A3F50013BCEB6D
:105F3000E25F4FEAE3534FEAE25123EAE373D8BF4B
:105F40000CF1FF31E174A374013624344BE7228B4A
:105F5000D8F800105A4431F812002A6802EB000AFF
:105F60009AF801C01CF0020F08BF2A4B0CF0010286
:105F700002F1030108BF1A881AF801100DBF42434D
:105F800004321AF8022049B2D9F800000CBF01EB24
:105F9000224101EB022100EB8102B2F9022030F92B
:105FA00021101204090402A8EBF756F89AF8012010
:105FB000194802F003015307415C19D4154B2A68B4
:105FC0001888AAEB020242431AF9011001EB2241A0
:105FD000D9F800000BF1010B00EB8102B2F90220AD
:105FE00030F921101204090402A8EBF735F861E733
:105FF0000AEB010252781AF8011001EB0221E7E7DF
:1060000068690320CEAE0320FC700320D8AE0320C5
:106010008CB0012064BA0320548303100073032062
:10602000606903203473032090B00120EAA20320AA
:10603000ECA203202DE9FF4100230C465449554AA8
:106040000B605549D3610B60544905460B60B42180
:106050001162534A04271646013FC2E92633C2F8AB
:10606000943002F1D402F7D1D4224E4B93F9003090
:1060700002FB036301221A6105F0E6F80621052000
:10608000EBF7FAFD01F088FD474B1B78022B70D12E
:10609000092C23464FF00901D4BF444A444A01A8C1
:1060A000EEF7DEFF01A8EBF77FFC424B424A1B688C
:1060B000044603EB800313600022404B0A301A6051
:1060C000FFF720FE201DFFF7D5FC04F10800FFF7C5
:1060D00001FDE01CFFF708FEA01CFFF7B9FDA01DA5
:1060E000FFF7E4FCE01DFFF751FD04F10907601D17
:1060F000FFF7D2FC3FB2FFF73BFE314B38461D881D
:10610000EBF75AFC6D430735B0EBE50F04DB38467F
:10611000FFF77EFC2B4B186000252B4B2B4A1D7084
:106120002B4B601C1A60FFF745FD2A4B93F900309A
:1061300083B12C46D425A046274F17F8013B33B135
:1061400005FB04F3204646F80380F4F743FE0134D0
:10615000042CF2D10023214A1370214A137001F05C
:106160005DF8204B1B780BB102F058FD04B0BDE880
:10617000F08145238DF804304D23303530348DF8CF
:1061800005508DF806308DF807408DF8087089E7C6
:106190000473032074800320F8720320FC72032030
:1061A0000C6B032048C303205D1A00208069021095
:1061B000876902107C690320B069032050690320BD
:1061C000D8AE0320946E0320A3C1032054C3032040
:1061D000D8BC012053C3032048CD032035C603207B
:1061E00034C603205E1A002008B501F0DFF800F085
:1061F000F9FABDE8084004F0C7B900000E22104BC0
:106200001B6802FB00331A8993B2120410D50129CE
:1062100005D100F5004043F3C613C01A7047590476
:1062200004D500F5004043F30603F6E70138704754
:106230000129FBD05A04F4D4C3F30D03EDE700BFEA
:10624000786A032010B5427809B11F2A11D9D30703
:106250000DD4094B094C1B682488C31A634390F979
:10626000020000EB234009B100EB521010BD408842
:10627000F9E74FF0FF30F9E76869032062BA0320BD
:10628000936830B55BB91368834221D0D06804DBD2
:106290000028D4BF0020012000E0C00F30BDD4682A
:1062A00055683CB9A84213D0A94201DCD80FF5E7E4
:1062B000002BEEE71268491B801A14FB30F413FB25
:1062C00031F0844202DC03D00120E7E70020E5E75B
:1062D0000220E3E7F8B50646C8680C460012B1682C
:1062E000EAF723FF0546A068F1680012EAF71DFFF0
:1062F0002D1A14D033682068E168C01A0012EAF73A
:1063000014FF636807467068A168C01A0012EAF7B4
:106310000CFF29463844BDE8F840EAF716BF284686
:10632000F8BD0000984B2DE9F04F1B68974903EB2F
:1063300040020C68528833F81030A2188DB0DFF894
:106340007CA204921C44049B9C4202D10123019331
:1063500002E1B4F803300293029ADAF800309D1893
:106360002846039302F082FF019030B1237858064B
:1063700000F1008105231C44E5E76F7807F0010375
:10638000DA1CB907AA5C00F1EB808149DAF8003029
:106390000988EB1A4B4352B202EB23427D4E7E4BEF
:1063A00007F003011B68715C17F0040F4FEA8200CD
:1063B0006E5C03EB820240F0D880DFF8D4C1DAF8DB
:1063C0000010BCF800C0691A0CFB01F176B206EBB4
:1063D000214603EB86010691079333F90090B2F949
:1063E0000280DFF8C8B14FEA09494FEA08485A4627
:1063F00041464846FFF744FF079B059033F9266066
:10640000069B3604B3F902105A4609043046069139
:10641000FFF736FF059B8342A8D00699A6EB090635
:10642000A1EB08010B9108AADBE900010A96CDE96E
:106430000898FFF725FF594B06461968584B08AADC
:106440001868FFF71DFF864290D01F2F40F284800E
:10645000544B01211E68544B28461F68FFF7F2FE7B
:106460003844437803EBC30306EB8303002B73D05C
:10647000DDE902239B5C5B076ED5DAF80030B4F8E7
:1064800003B0217803EB0B052846C9090293FFF7F7
:10649000D9FE029B384490F8018013F80B3008EBCA
:1064A000C80813F0040306EB88096BD0284681F076
:1064B0000101FFF7C7FE07447D7856F8282005EB59
:1064C000C50556F8253006EB85079A423FF44EAFD6
:1064D000B7F902B0B9F9023036F928205B45B8BFE8
:1064E0004FEA833B36F92530A8BF4FEA8B3B9A42EF
:1064F000CCBF93039B039B4503932DDD08A92B4839
:10650000FFF7E8FE36F92520014636F92800284D28
:1065100090420BD0274A039B10680291181AEAF7A1
:1065200014FE2B6802998342B8BF2860B9F9022093
:10653000B7F90230204E9A4209D01E4B1868ABEBD7
:106540000000EAF702FE33688342C8BF3060326859
:106550002B689A423FF70AAF01980DB0BDE8F08F63
:106560000433EB5C02EB032218E72944497806EB7D
:1065700001262EE794F90530002BACBF012302233E
:106580000533F8E61B68FFDE487203200071032024
:1065900064BA032058830310347303205472032019
:1065A00050720320FC7003207471032034720320A6
:1065B000A0B0012080710320E872032068690320E5
:1065C0002DE9F8430446DFF878801B4FDFF874901C
:1065D00014F4004508D0631C14BF24F400400020CC
:1065E000BDE8F843FFF79EBE0E23D7E90001D8F8B7
:1065F000006003FB0466324602F07AFB022818BFF3
:10660000054620462946FFF7F9FDFFF7D9FF80B17F
:106610000A4B3246D9F80010186802F069FBA8420C
:1066200006D0204685F00101FFF7E8FD0446CFE7DC
:106630000120BDE8F88300BF3472032050720320AC
:10664000786A03205472032070B50C46028905460F
:106650002420314B42431E88238930494343921002
:106660009B104A434B4306FB02332D49DA1009685D
:1066700003F00703895C012202FA03F31942294B54
:1066800044D15A6801325A6002F03EFE264A274938
:10669000137801331370D5E9053211421DBF38203C
:1066A0006979234AEA6B1CBF00FB0122526A1F482A
:1066B0001344A3EBA2031F4A1360D4E9051210424E
:1066C0001DBF382660791A4AE26B1CBF06FB002208
:1066D000526A19480A44D21AC91A184B0260196042
:1066E000174AE168EE68286911602269154C164B5B
:1066F0002260891B121A1E6058609960DA60134B81
:10670000BDE8704018880138FFF75ABF1A680020AA
:1067100001321A6070BD00BFD8AE0320398EE33855
:10672000946E032078710320291C002001000010C2
:106730009C32031080710320E8720320A0B0012076
:10674000507203205472032034720320D6AE03200B
:1067500068B1074B074A0344934201D8830700D02E
:1067600000BE00F15F4000F57D00C0F38F00704770
:10677000FCFFFCDFFBFF030010B5427809B11F2AC4
:1067800011D9D3070DD4094B094C1B682488C31AAF
:10679000634390F9020000EB234009B100EB521073
:1067A00010BD4088F9E74FF0FF30F9E76869032032
:1067B00062BA032038B543781F2B0DD9074B01214E
:1067C0001C68074B1D68FFF7D7FF05446B7803EB88
:1067D000C30304EB830038BD0020FCE7FC700320FA
:1067E000747103207047000038B52425094B1C68DC
:1067F000094B1B6805FB00331B8B0B4407490968D9
:1068000031F813300649086811461844FFF7B4FF01
:10681000204438BD74710320FC700320606903209C
:106820006869032038B50D4B1D680D4B1C68242387
:1068300003FB0050038B0B440A49096831F81330FD
:106840000949086811461844FFF796FF0444607828
:1068500000EBC00005EB800038BD00BFFC700320DA
:106860007471032060690320686903202422084BA7
:106870001B6802FB0033074A1B8B12680B4432F87B
:106880001330054A1268D05C00F00400704700BF66
:10689000FC7003206069032068690320F8B5037861
:1068A000054613F004030E4613D00B4B00211C6861
:1068B0000A4B1F68FFF760FF07447B7803EBC303B5
:1068C00004EB8300864205D12846BDE8F840FFF777
:1068D00071BF1846F8BD00BFFC700320747103201F
:1068E0002DE9F843044600260F4BB0F90050D3F8C9
:1068F00000800E4B8789D3F80090AD03B74202DCCD
:106900002846BDE8F883238B2146334439F8130029
:106910004044FFF7C3FF28B1B0F900309B039D420C
:10692000A8BF1D460136E9E76869032060690320B6
:106930002DE9F843044600250E4B8789D3F80080E3
:106940000D4B0E4ED3F80090AF4202DC3046BDE84E
:10695000F883238B21462B4439F813004044FFF77A
:106960009DFF28B1B0F900309B039E42B8BF1E4680
:106970000135E9E7686903206069032000000CFE27
:106980002DE9F047002406460D4688462746DFF8E5
:106990007C90DFF87CA096B0B389BB4209DC24B1BF
:1069A0006A460123009DA34229DB284616B0BDE8B4
:1069B000F087338BDAF800203B4432F81300D9F823
:1069C000003031461844FFF769FFB0B1B0F900302C
:1069D000B8EB833F4FEA83320FDA152C03D0162C25
:1069E00000D100BE4246904616AB03EB8401B0F9DD
:1069F000003001349B0341F8583C0137CCE752F892
:106A0000041F01338D42A8BF0D46CCE768690320FF
:106A1000606903202DE9F84304466FF00046002525
:106A20000E4B8789D3F800800D4BD3F80090AF420E
:106A300002DC3046BDE8F883238B21462B4439F82D
:106A400013004044FFF72AFF28B1B0F902309B033E
:106A50009E42A8BF1E460135E9E700BF68690320D2
:106A6000606903202DE9F843002504462E460E4BAD
:106A70008789D3F800800D4BD3F80090B74202DC31
:106A80002846BDE8F883238B2146334439F81300A8
:106A90004044FFF703FF28B1B0F902309B039D4249
:106AA000B8BF1D460136E9E7686903206069032025
:106AB00030B5437813F010021EBF0F4C03F00702ED
:106AC000A25C4FF0240414BF801813460B4A1CBF6D
:106AD000C3F3C003C35C481C1188094A12680A3218
:106AE000814202DC4FF0FF3030BD04FB00F5555F02
:106AF0009D42F9D00130F3E75C830310D8AE032048
:106B0000FC7003202DE9F84305460C4600260E4B89
:106B10008789D3F800800D4BD3F80090B74202DC90
:106B20002046BDE8F8832B8B2946334439F81300FF
:106B30004044FFF7B3FE20B1B0F904309C42A8BF37
:106B40001C460136EAE700BF68690320606903203C
:106B50009A4B70B51C68B2F84E300E461546044488
:106B6000ABB95379102B00F0AE801F3B042B40F2E1
:106B7000AA80204602F054FB582808D000F39C80DD
:106B80000A2804D0272802D0042840F09C80204600
:106B900002F046FB02388B2800F29580DFE810F007
:106BA00094009D009F00A100A6009300AB009300FD
:106BB000B0009300B600BB0093009300BD00BF007F
:106BC0009300C30093009300C50093009300C80096
:106BD0009300930093009300CA00930093009300E6
:106BE0009300CC00CE00D000D6000801D200930064
:106BF00093009300D80093009300930093009300B8
:106C000093009300DA00DE00E1009300E500E70066
:106C1000EB00ED009300930093009300930093002A
:106C200093009300930093009300930014011A01C2
:106C30001C0121012701290193002B01310133019E
:106C400035013B013D0193003F01410148014B01EA
:106C5000500152015401560158015A015D016F0162
:106C60005F019300F700930093009300EF00610130
:106C700063016501F300F500F900930093009300B0
:106C800093009300930093009300FB006701FD00C5
:106C900093009300000104016A01930076017801DA
:106CA00010019300930093009300930093009300CE
:106CB000930093009300120161283FF468AF7D3880
:106CC00001287FF664AF70BD03212046F6F782FCF1
:106CD0002046BDE8704002F07DBA0221F5E70021B0
:106CE000F3E703212046F8F7F1FBF1E70421204602
:106CF000F6F72AFBECE700212046F8F751FDE7E71D
:106D0000002201212046FCF763FCE1E70021204638
:106D1000F9F71CFCDCE7FF21F9E70121D5E7204664
:106D2000F9F7BAFBD4E70021DCE700220321E9E709
:106D30000321DCE70521D5E72321E8E70221D1E79C
:106D40000621CFE701212046F6F7FEFA0121C9E727
:106D50000221CCE7BDE87040F4F772B8002211467A
:106D6000D0E72046FCF7F6FBB2E70921BAE7204658
:106D7000F6F760FBACE70721B4E70821B2E720464D
:106D8000F9F7A4FBA4E705219FE706219DE7012170
:106D9000B2E7072199E70421A4E700220421B1E723
:106DA000BDE87040F4F758B8B5F84E30002B8AD1E2
:106DB0002A463146204600F027FE89E7686903200D
:106DC0000A218FE7052192E702212046BDE87040A5
:106DD000F6F7BABA0321F8E72046BDE87040F6F7A7
:106DE00029BB02212046BDE87040F6F7F3BB012124
:106DF000F8E70421E9E723212046BDE87040F9F7D0
:106E0000A5BB0021F8E7FF21F6E701212046BDE8F8
:106E10007040F8F75BBB0021F8E70621F6E7032195
:106E2000E0E7002211462046BDE87040FCF7D0BBE9
:106E300000220121F7E72046BDE87040FCF78ABB3D
:106E40000021CFE70321E1E70721DFE70821DDE7A4
:106E50000921DBE700220321E5E70521D6E702212E
:106E6000D4E70521BEE70621BCE70721BAE70022E7
:106E70000421D8E7B5F84E30002B7FF424AF2A4622
:106E800031462046BDE8704000F0BEBD0421BDE79C
:106E90000A21BBE7B0F84E3010B50C464BB1204686
:106EA00002F0BEF92E2810D02F2818D0182806D0AE
:106EB00010BD084602F0B4F92E28F0D0F8E70321FF
:106EC0002046F8F703FB002104E003212046F6F7F3
:106ED00081FB01212046BDE8104000F0EBBA002202
:106EE00003212046FCF774FBEDE70000242210B5D7
:106EF00004460068038953432F4A1168CA18C95EC3
:106F00004369B3EB813F33D19379C3F38403043BEB
:106F10000C2B4ED8DFE803F01D074D144D2D4D37D7
:106F20004D4D4D4D1D00254B1A68A36B02F01F02FD
:106F30001A431DD10A231146BDE81040F9F7B4B831
:106F40001E4B1A68A36B02F01F021A4310D10523CF
:106F5000F1E7A36B43B9194B1A6812F01F0207D16E
:106F6000142311462068E7E7F6F7CCF80428F2DD91
:106F700010BDD4F89C300133C4F89C30937923F0D1
:106F80007C039371F4E7D4F88C3023F00203C4F847
:106F90008C300A4B1A6812F01F0203D114231146D9
:106FA000F9F782F8236A0A2BE2DCBDE81040F3F718
:106FB00047BF00BEDCE700BFFC7003205069032020
:106FC0002DE9F0413C4B1B78012B06D13B4A13685D
:106FD000013B13600BB9F3F733FF0024384B394AF8
:106FE0001F68DFF8F0C0DFF8F0E092F9015092F985
:106FF00000602946701C401B8E4231DA0134162C89
:1070000002F10402F1D100252E462F4A2F4C13889D
:107010002F4F013313806179D9B10139C9B2617140
:10702000B9B92379012B31D0022B3AD053B9194683
:107030002068FFF7A1FBD7F80080B4F906104044A0
:1070400002F012FA1721A06803F040FFC4E90066BD
:10705000A6600135102D04F10C04DCD1BDE8F081EF
:10706000D37897FBF3F30B4493FBF0F800FB183352
:1070700092F802802B445BB2B8F1000F03D00EF8F7
:1070800001300131B8E70CF80130FAE72068FFF76A
:1070900073FBD7F80080B4F90610404402F002FAFE
:1070A000D0E72068FFF768FBD7F80080B4F9061036
:1070B000404402F017FAC5E75BC603204869032085
:1070C000506903206483031086A60320B4B0012016
:1070D000747103207CD203209DD203202DE9F74F49
:1070E00000274FF0FF36DFF83091009031460098CE
:1070F000FFF7DEFC061E2DDB2423D9F8004003FB3E
:107100000644E58A002DF1D13C4B21461F683C4BDB
:10711000D3F80080238B38F813003844FFF7BEFB08
:10712000834698B1AA46838953455FDDBBF81800B2
:107130000193504438F810003844FFF73BFB844279
:107140000546019B0AD10AF1010AEDE72D48EEF749
:10715000F4F80127384603B0BDE8F08F002847D186
:107160002948EEF7EAF82948294990F90070294B97
:107170001FB1057016200D6018600F68B3F900800C
:1071800006212020EAF704FD824600F021FD50464A
:10719000FFF7DEFA0B23ABF81600AAF80430012340
:1071A000AAF81480CAE902B307254FF4004B4FF048
:1071B000000806218AF80250CAF81CB0CAF81080EC
:1071C000CAF818702020EAF7E3FC824600F000FDC0
:1071D0005046FFF7BDFA4FF0FF31E082CAE90241A5
:1071E000CAE9067B8AF80250AAF8048001277DE7E5
:1071F000B0F9007090F80780BF03C1E76869032009
:10720000606903208D690210E8690210F81B0020F4
:10721000C8720320CC720320FC700320544B2DE96C
:10722000F3471B68534A002B3CDD534991F900108A
:10723000002937D00121117040F6340253434F4AE0
:107240001360002424274E4B4E4D1E682B8807FBED
:107250000460A34229DC00244B4F4C4E3D68DFF80C
:107260004081DFF84091DFF840A13480B8F8003069
:10727000A3425CDC3C22002145480BF029F83C226B
:10728000002144480BF024F800221146424B013201
:10729000102AC3E90011996003F10C03F7D102B081
:1072A000BDE8F08700231370CBE7837913F07C0FE0
:1072B00011D0C3F38403013B102B0CD8DFE803F09B
:1072C000090D10150B0B0B2124290B2C2E300B0B49
:1072D0003400F9F783F80134B8E700220F2101E008
:1072E00000222321F9F7AEF8F5E700220F210190E3
:1072F000F9F7A8F804220198837962F38603837171
:10730000E9E7F9F786F9E6E7244A136801331360E1
:10731000E1E7F6F71BFBDEE70122E2E70122DDE70A
:107320002146F6F731FBD6E7F9F724F8D3E72846EC
:1073300001F076FF30280CD1B6F900301F2B00DDAC
:1073400000BE3B68B6F90020EB1A29F81230013272
:1073500032806A780134C2F343031AF80330D2074B
:107360004CBF1B0903F00F0305331D447EE700BF2C
:10737000687203205BC6032053C3032048690320BF
:10738000FC700320D8AE032068690320D2AE03202E
:107390000498032040980320B4B001200473032014
:1073A000CEAE032088A603209882031070B5174B39
:1073B0001B78022B27D003F0FD03012B0CBF022406
:1073C000012400231946124A124D92F90200A042EC
:1073D00009DC92F90060581C25F8136092F90160ED
:1073E000023325F810600131282902F10302ECD1A3
:1073F000094903EBD37252100A704FF6FF71054A28
:1074000022F8131070BD0324DBE700BF5D1A0020D3
:10741000F0830310F2B7032015CD0320F0B5204D03
:107420004FF0000C2C462E46677917B1276887422B
:107430002CD00CF1010CBCF1100F04F10C04F3D1B1
:1074400000246F792FBB0C2565437719FA80154A04
:1074500070517B71397115684278134BD2071B68E4
:1074600015D4124A124912680988821A4A4390F9BF
:10747000021001EB22420C212A44527801FB0461E4
:1074800002EBC20203EB82031C338B60F0BD428827
:10749000F1E70134102C05F10C05D2D100BEF5E75F
:1074A000B4B0012074710320FC70032068690320CC
:1074B00062BA03202DE9F14F07468A4609B901F067
:1074C00089FE4F4B19687B78DB074BD44D4B1A680C
:1074D0004D4BBA1A1B885A4397F9023003EB2243EB
:1074E000CC18CB5C03F00F03042B3DD994F8029029
:1074F000B9F1510F05D84A460021204601F070FF2E
:1075000081462378414A03F00F03D65C46B1A65D5D
:10751000512E05D832460121204601F061FF064672
:1075200023783B4A03F00F03D55C45B1655D512DCF
:1075300005D82A460221204601F052FF054638466A
:1075400001F06EFE334A0B280CBF182117214FF0B3
:1075500000089346304B1B785B00434507DC01B0C5
:10756000BDE8F08F7B88BBE74FF00009C9E732F92F
:10757000020B484517D1294B986803F0A7FC88F007
:10758000010320463BF9131001F06EFFBAF1000F22
:10759000E5D0232300213BF91820384601B0BDE88F
:1075A000F04FFFF73BBFB04212D11C4B986803F07D
:1075B0008DFC88F0010320463BF9131001F072FFA7
:1075C000BAF1000FCBD0232301213BF91820E4E7C7
:1075D000A84212D1114B986803F078FC88F001039F
:1075E00020463BF9131001F07DFFBAF1000FB6D031
:1075F000232302213BF91820CFE708F10108ACE76B
:10760000747103206869032062BA0320D6830310D3
:10761000BC830310F2B7032015CD0320B4B00120C2
:1076200038B505460C4662B9B5F84E3083B12046F0
:1076300001F0F6FD832800F32D8100281DDC0120D8
:1076400005E0084601F0ECFD7C28EDD0002038BDB7
:1076500023789B06FAD4204601F0E2FD0128E6D00B
:1076600020380228E3D9F1E713F0140F40F0BF816E
:107670000A212046F7F72AFF8DE1431E822BDED830
:1076800001A252F823F000BFCB7801103F76011021
:107690003F7601103F7601103F7601103F760110D2
:1076A000D57801103F760110ED7801103F7601107A
:1076B000F57801103F7601103F7601100379011033
:1076C0000F7901103F7601103F76011013790110F8
:1076D0003F7601101D790110237901103F760110CA
:1076E000297901103F7601103F760110CB78011007
:1076F000CB780110CB7801102D7901103F76011065
:10770000CB780110CB780110CB780110CB78011029
:107710003F7601103F7601103F7601103F76011051
:107720003F7601103F7601103779011085790110FD
:107730008F7901103F760110A17901103F76011079
:107740003F7601103F76011045790110497901100B
:107750004D7901103F7601103F7601103F76011000
:107760005B7901103F7601103F7601103F760110E2
:107770003F760110A5790110A9790110AD790110AA
:10778000B9790110BD790110CB790110C1790110CF
:10779000C7790110CF790110D5790110D97901107D
:1077A000417901103F7601103F7601103F760110BC
:1077B0003F7601103F7601103F7601103F760110B1
:1077C0003F7601103F7601103F7601103F760110A1
:1077D0003F7601103F7601103F7601103F76011091
:1077E0003F7601103F7601103F7601103F76011081
:1077F0003F7601103F7601103F7601103F76011071
:107800003F7601103F7601103F7601103F76011060
:10781000EF7901103F7601105F7901106379011053
:10782000677901103F7601103F7601103F76011015
:107830003F7601103F7601103F7601103F76011030
:107840006B7901106F79011073790110DD790110E6
:10785000E1790110E5790110CB780110CB780110A6
:107860003F7601103F7601103F76011077790110C5
:10787000E97901103F7601103F7601103F76011043
:107880007D7901103F7601103F7601103F7601109F
:10789000817901108A2800F0B0800EDC0122A0F16D
:1078A000840302FA03F313F02A0F3FF4DDAE2A46F5
:1078B00006212046F5F714FF10E08B2800F0A28087
:1078C0008C287FF4BCAE0C2124E029462046F5F735
:1078D0004FFFB4E600212046F7F762FF00283FF48F
:1078E000AEAE00212046FFF7E5FDA8E62046FFF7F3
:1078F000F5FBF3E700212046FFF7DCFDF3F7A0FAE4
:107900009DE6202202212046FBF762FEE6E71822D0
:10791000F8E704212046F7F7D9FDDFE7002203212D
:10792000F1E700220121EEE70121F3E700212046E3
:10793000F5F750FED2E700212046F5F705FDCDE72B
:107940000221E7E70321F7E70221F0E700212046C3
:10795000FFF7B0FDF3F780FA71E60921DAE70321BA
:10796000D8E70021D6E70321E1E70521DFE706217B
:10797000DDE70721DBE700220421C4E70121AAE7B4
:107980000A21C7E702212046F5F724FE03E0002183
:107990002046F5F7D9FC00283FF451AE0121A1E7BC
:1079A000002166E6012164E60321ECE7012211468D
:1079B0002046FBF70DFEEEE70021E4E7032158E641
:1079C00018220221F4E72022FBE7092151E60022D8
:1079D0000321EDE704214CE602214AE60521D2E726
:1079E0000621D0E70721CEE700220421E0E72A465E
:1079F00006212046F5F774FECDE7FF212046F8F773
:107A0000A5FDCBE72321F9E793692DE9F04113F4B4
:107A10008033144602D00020BDE8F0810129FAD05D
:107A200042784FF0240CD10651BF1E46494D02F05A
:107A30000701695C42BFC2F3C0024018865C464A37
:107A4000464FB2F800E0464A39881068DFF81C81DA
:107A50000A309E45DFDD0CFB03F2825EB24201D0AC
:107A60000133F6E7002968D001F1006505F54045CE
:107A7000AD00BD42F4D0AA78092A60D16A79292ADA
:107A80005DD12A890CFB02F2921008FB02F29A42A5
:107A900055D1D5E90312D4E903672046D4F8148000
:107AA000F9F7F8FA0028B6D02E4B1B78062B1CBF2E
:107AB000236B6361B4F84E3043B103F1006303F507
:107AC00040439B00626959690A441A612723424670
:107AD00039463046FAF7FAFD232103F0CFFA4FF08A
:107AE000140CEB6A2049DB0C03F5006231F81260DC
:107AF00031F8137012011B012969E86803F480331F
:107B000002F48032FF1AB61A27230CFB07110CFB74
:107B100006006269FAF7DAFD232103F0AFFAB4F840
:107B20004E3013B1122384F82130EB6A0120E36256
:107B30000023C4E9113323646EE70D4699E72A88D0
:107B40000025002A97D002F1006202F5404295001C
:107B50008FE700BF68840310D8AE03205C72032057
:107B6000FC7003205C1A00200C910210398EE3385F
:107B700068B1074B074A0344934201D8830700D0FA
:107B800000BE00F15F4000F57D00C0F38F0070473C
:107B9000FCFFFCDFFBFF0300074A084B9A42084A40
:107BA00000D900BE074B9B081380074B1A600022C8
:107BB000064B1A60704700BF58720000FBFF0300BD
:107BC0005C7203205C72000060720320BAB803206C
:107BD00038B5054C014625682B880380FFF7C8FFA0
:107BE0002880216038BD00BF607203200B238370A2
:107BF0007047000020282DE9F74F05460DD0542886
:107C000031D00521E9F7C4FF2A46002104460AF0D5
:107C10005FFB204603B0BDE8F08F4FF00008DFF8AF
:107C2000A8B04FEA08173BF81860FEB94FEAC5093B
:107C300005214846E9F7ACFF0446FFF799FF2BF80A
:107C400018002046E9F738FFFE232A460370314624
:107C5000204647F00807A9EB05090AF039FBE77051
:107C600024F80960D5E74FF00108D8E706F100666F
:107C700006F54046B4002046E9F71EFF90F800A044
:107C800081469AFAAAFABAFA8AFA0AFB05F31C4460
:107C90002A460021204601930AF01AFB012147EAF7
:107CA0000A0747F00807E77099F8002001FA0AF17F
:107CB00022EA010289F80020002AAAD1019B33F8A8
:107CC00026302BF81830A4E7BAB803202DE9F04786
:107CD000C47880461CB9BDE8F047E9F715BF04F049
:107CE000070924092DD0012C2DD000BE002606FB4B
:107CF00019852846E9F7E0FE037801462BBBDFF83B
:107D000088A028463AF81470FFF732FF2AF81400CA
:107D100001220B7802FA09F21343DBB2FF2B0B703E
:107D200029D1194A02EB440332F814403CB104F162
:107D3000006404F54044A400A5420DD11F802846EC
:107D4000C9E72026D3E75426D1E7B3FA83F3C3F17A
:107D50001F037343EF5ADBE72046E9F7ADFE0378D4
:107D6000B3FA83F3C3F11F037343E218E45A002C00
:107D7000E5D01346DBE7022202FA09F2934238BF4C
:107D8000A8F80070BDE8F087BAB803202DE9F843E1
:107D90002F4E348824B104F1006404F54044A4005B
:107DA0002C4FDFF8B8802A4DDFF8B490C7F38F0767
:107DB000B044B44201D1BDE8F883A3780B2B16D1AF
:107DC0002388C8452B8000D900BEBB4208BF224B88
:107DD000204608BF1D60FFF779FF2B880024002B89
:107DE000EBD003F1006303F540439C00E1E7092B6E
:107DF0002BD8DFE803F008050A0E12161A1E2226F9
:107E00002046F5F7FDF92546E7E72046F5F74EFB56
:107E1000F9E72046FBF7E0FCF5E72046F8F78EFA95
:107E2000F1E72046F8F7C0FAEDE72046F8F7F8FA50
:107E3000E9E72046F7F70EFBE5E72046F8F7C6FB33
:107E4000E1E72046FAF7A6FFDDE700BEDBE700BF6B
:107E50005C7203205C72000060720320FCFFFCDF98
:107E6000FBFF030070B5164B1B783BBB154B1B7813
:107E700063B1154B1B784BB9D421144B93F90020F7
:107E8000134B01FB02331B69012B17D10024114E48
:107E90000F4D16F8013B13B1284600F037F90134B5
:107EA000042C05F1D405F4D1FFF770FFFFF788F833
:107EB000FAF7C8FF084A13680133136070BD00BFAA
:107EC00047CD0320A7CB0320B8C3032048C303201A
:107ED0000C6B032048CD032050690320F8B5CC0C6F
:107EE0000F4F054604F5006337F813101B0103F428
:107EF0008033C91A10461646E9F717F92A6837F889
:107F00001410136C2401034404F4803413643046C9
:107F1000091BE9F70AF92A68536C03445364F8BD56
:107F20000C91021038B503680446196C0846E9F74D
:107F3000FCF823680546596C0846E9F7F6F828442A
:107F40008010B0F5803FA8BF4FF48030D4F88C305B
:107F5000E0615B0702D4264B1B782BB9236862696A
:107F60005B691344236138BD40F29912214B00EB49
:107F7000D0701B68401053431F4AC3F30C0332F800
:107F800013101B0103F48033C91AE9F7CEF82179E5
:107F900081B9D4E905321344B3F5241F1ADD4FF437
:107FA0002413C4E90531A36923B113F5804308BF45
:107FB0000123A3612268616953690B441844536B20
:107FC0002061A3F57F32A2F2FF329042CBDBA3F512
:107FD0008023C7E7B3F5A41F01DB6361E3E74FF438
:107FE000A413002A6361DCBF0123A361DBE700BFA8
:107FF00020CD0320506903200C9102100368B0F9D2
:108000000820D96A70B501EB02415E69D9621B6B29
:10801000144D9E42CCBF002201222A7090F9062006
:10802000044622B19E4202DCD202FFF757FF94F9C8
:1080300007204AB12B783BB123682046D96AD20287
:1080400001F14041FFF74AFFB4F9063043B120681F
:10805000C388952B04D1BDE870409621FAF712BC75
:1080600070BD00BF20CD0320F8B50446FCF753F8DF
:1080700063692268B3F5C02FC4BFA3F58033636181
:1080800063692046B3F5C02FBCBF4FF4C0236361C2
:108090000023A3615369126B9342CCBF00230123D9
:1080A000164A1370FFF73EFFD4F8AC208AB120685F
:1080B00082420ED0D2E90323D0E9030100F0C4FECE
:1080C00022680F49D36A0F4EC51A6F18B74207D9F5
:1080D000D062D4F8A4305BB1013BC4F8A43007E00F
:1080E000002DA9BF08495B18C918D162B8BFD36277
:1080F000E37A9B0744BF02232371F8BD20CD032000
:108100001DC771FC3A8EE3F8E3388E030268D0F89D
:108110008C109369C9074CBF43F4805323F48053F8
:1081200010B504461806936106D56421E18000214C
:1081300023F08003218193612379012B04D1204610
:10814000BDE81040FFF790BF92F82130002B00F0FF
:108150008980013B82F821302046FFF7E3FE24218D
:1081600023681A89494B1B6801FB02339B7913F082
:108170007C0F02D02046FEF7B9FE94F90B30002B9D
:10818000BCBF0023E372E27A51072CD512F0380FFE
:10819000C2F3C2030AD194F9651039B194F85C10A6
:1081A000072963D1216B002908BF072338490878C4
:1081B000022809D1022B07D194F9661021B194F855
:1081C0005C10082918BF0823E11891F95E1051B11D
:1081D00094F85C10994206D0591FC9B2012900D801
:1081E00008B184F85D3012F0020241D094F9893070
:1081F0002BB92046F9F7D8FB012384F889302046B3
:10820000FBF789FF236B0BB101332363E36A0BB1E7
:10821000013BE362636B3BB1013B636323B92268BB
:10822000936923F480239361236C0BB1013B236496
:10823000A36B0BB1013BA363D4F8A43013B1013B92
:10824000C4F8A430D4F8A83013B1013BC4F8A83066
:10825000E36A93B1802B01DC1A070CD5202384F844
:10826000B13010BD2046FFF7C9FE75E707239DE733
:1082700084F88920C3E70023F1E7236C002BFAD0B0
:10828000802B01DC1B07F6D50123E8E7FC700320F7
:108290005D1A00200E22104B1B6802FB00331A8966
:1082A00093B2120410D5012905D100F5004043F323
:1082B000C613C01A7047590404D500F5004043F3B3
:1082C0000603F6E7013870470129FBD05A04F4D4BD
:1082D000C3F30D03EDE700BF786A032010B54278C1
:1082E00009B11F2A11D9D3070DD4094B094C1B68BA
:1082F0002488C31A634390F9020000EB234009B1BC
:1083000000EB521010BD4088F9E74FF0FF30F9E75D
:108310006869032062BA0320034B1A68034B891A69
:108320001B68C01A00F020BD78730320747303200B
:108330007047000070B50D462C4C431EB4F9022066
:108340009A421ADBB4F90010814220DD0139A942BA
:1083500006B219DD294601F0BBFC254B1A68111D38
:1083600019601346A3420AD16FF00301D31A9B0888
:108370004B43D118D6524D8070BD0434DEE753F81C
:10838000041C043B5960EDE701F0A2FC2680B4F91F
:108390000230AB42F0DA2646B6F90410B6F9020014
:1083A0000139A94200F1010004DD294601F090FCE9
:1083B0002BB206E0043601F08BFCB6F90230AB427A
:1083C000EADBA6426380D7D02146324608480568DA
:1083D000AA4202F1040303D19B1B1C440460CBE7B7
:1083E000526804310A601A46F2E700BF2EB5032036
:1083F0006C6A032038B50D46134C431EB4F90220B5
:108400009A420BDBB4F9001081420BDD0139A9421D
:1084100006DD2946BDE8384001F05ABC0434EDE7DA
:1084200001F056FCB4F90230AB420CDAB4F9041096
:10843000B4F902000139A94200F10100E9DC01F0C0
:1084400047FC0434EEE738BD2EB5032048F20102A4
:10845000084B1A804FF6FF725A80074A0833126899
:1084600023F8042C47F6FF7223F8022C034A13600A
:10847000704700BF2EB50320687303206C6A032089
:108480002DE9F84F5F4D604F2860037842781B025A
:10849000064603F4E06313433A6802EB830132F9C2
:1084A0002300B1F9021000040904FFF735FF337807
:1084B000B2785B0103F4E06313433A68044602EBCD
:1084C0008301B1F9021032F9230009040004FFF717
:1084D00023FFB4EB000C00F192804C4B1C604C4B22
:1084E0001F684C4BE41B1B681A19B2EB430F4FEA91
:1084F000430104D9521A944540F281801C46FA186F
:10850000121A914223D3C31B434A04F1804403F15E
:108510008043E40CDB0C32F9144032F91370BC4296
:108520006DD03E4BDFF808B1D3F80090B6F80330B9
:1085300009EB030019F8033013F004030CD1CBF856
:1085400000302046791EBDE8F84FFFF7F3BE521AFF
:10855000944554D95B42D7E7314B3178D3F800A02A
:10856000C909304B81F00101D3F80080FFF7B6FE56
:108570004044437803EBC30399000AEB8303CBF831
:108580000030002BDDD0284AB3F902601268B2F93E
:1085900000008642D5DD3AF90160B2F90200864258
:1085A000CFDA5AF801001168884205D02046791EBA
:1085B000BDE8F84FFFF71EBF187A117A8842F5D14F
:1085C0005B685268534033F47F03EFD12B6819780E
:1085D000B3F80300C9094844FFF780FE034618F8C2
:1085E0000330124A03F00F03D35C40443BB1C25C3A
:1085F000512ADBD8012100F0F3FE0028D6D1BDE8D6
:10860000F88F00BF08BC012034730320A87003203A
:108610005073032064BB0120C684031068690320E3
:10862000FC70032074710320C46203207084031063
:1086300060B00120F8B53E4BB0F904201B68B3EBE5
:10864000024F1ADDB0F90620B3EB024FACBF022394
:108650000123384AB0F900101268B2EB014F0EDA6C
:10866000B0F90210B2EB014FD4BF0222012203EB9A
:108670008203052B05D10120F8BD0023E9E7002284
:10868000F5E72D4C2D4F04EB830292F9021014F9FB
:10869000233030F9115092F9031092F9012030F98A
:1086A000116030F9121030F9130009040004FFF7CB
:1086B00033FE3B6836042D04C41A31462846FFF7C2
:1086C0002BFE3F683A1A1619D5D41D4B1B68191991
:1086D000B1EB430F4FEA430503D9491B8E4225D91D
:1086E0001C461A4495421AD3C31B164A04F180440F
:1086F00003F18043E40CDB0C32F9141032F913302F
:10870000994213D05A1E104BB3F9020090420BDB72
:10871000B3F900008842D4BF00200120ACE7521B0F
:10872000964203D95B42E0E70433EDE70020A3E77C
:108730007473032078730320F91B00205073032007
:1087400064BB0120C68403102EB50320354A2DE9F1
:10875000F041354B1768354A1B681668344A03EBFD
:108760004008156833F81030EC18E95C2279E3789A
:10877000C90903EB02232F4A10681844FFF7AEFD26
:1087800006447378B8F8022003EBC30307EB8301B8
:1087900037F92330284F15443A68284EB2EB833F0F
:1087A00031604FEA833027DDB1F90420C97900F048
:1087B00009FF234B3F6818603368B3F90220197A28
:1087C000B7EB823F4FEA823003DB1E4A12788A42BF
:1087D00014D1B3F9042000F0F5FE1B4B186030688B
:1087E00002F098FAAC420BD3184B1A68184B9A4215
:1087F00000D900BEBDE8F0810020DAE70020ECE7F8
:108800002046FFF73DFE23785B0608D594F9053036
:10881000002BACBF0123022305331C44E2E70523F0
:10882000FBE700BFFC700320487203207471032033
:1088300000710320686903207C730320C462032055
:10884000B4BE012073D1032080B101206C6A0320E3
:10885000AEB50320F7B5020405460C4609D5431C06
:108860000CBF002025F4004003B0BDE8F040FFF746
:108870006DBF40F6B8324B4B4B4E9F6A3368FB1AC4
:10888000934202D9E9F7DCFF3760484B1F680E239B
:1088900003FB0577464B3A461968464B186800F0CB
:1088A00027FA06463818B4F90420817AB4F906305C
:1088B00001F0F00CA3EB020E0EFB0CFC02EB1C22F1
:1088C0000FFA82FC01F00F01A3EB0C0301FB033351
:1088D0001B0913FA82F2017BB4F90030ADF80620CF
:1088E000B4F90220ADF804C001F0F000A3EB020CD3
:1088F0000CFB00F002EB102210B201F00F011B1A6A
:1089000001FB03331B0913FA82F23146ADF8020072
:1089100086F001062846ADF800203744FFF7BAFC80
:108920006946FFF797FFB4F90420B4F90630B97A25
:10893000A3EB020C01F0F0000CFB00F002EB1022A4
:1089400010B201F00F011B1A01FB03331B0913FACC
:1089500082F2397BB4F90030ADF80620B4F9022078
:10896000ADF804009C1A01F0F000604302EB102205
:1089700010B21B1A01F00F0101FB03331B09ADF804
:10898000020013FA82F26846ADF80020FFF752FEAB
:1089900030B131462846FFF77DFC6946FFF75AFFA4
:1089A00003B0F0BD00000B404C720320786A032036
:1089B0007873032074730320044B054A1B6853F833
:1089C0002030106823F07F43184470477C690320EF
:1089D00068180020F8B5054640B3154B154E1B78B6
:1089E0003178154AF3B11548013BC45C8C4207D27B
:1089F00032F91470AF4203D102EB44042046F8BDB3
:108A0000C15402EB41040B0601D5EBF785FE337828
:108A1000258001333370F1E7B4F900000232A84237
:108A2000ECD0013399421446F6DCECE70446E5E766
:108A30004EC3032012CD032080A3032020D20320A5
:108A40000022104B10B51A70FF220F4C0F4BB4F9D7
:108A500000009A705A701A70FFF7BCFF0C4B186038
:108A60000C4B1A68B4F9003003EB430302EB4303E9
:108A7000D97821B9B3F90430074A138010BD9B8817
:108A8000D35EF9E712CD03202AB5032020D20320BC
:108A9000887103205C8003202CB50320034BB3F9BD
:108AA000003018444042FFF795BF00BF7EA303206B
:108AB0000622054B1B6802FB0033DA780AB9988856
:108AC0004042FFF787BF00BF5C80032008B509481C
:108AD000E8F73EFFFFF770FF074B30F8022B1A80D4
:108AE000064B074A1860002302F8013B0133802B34
:108AF000FAD108BD5E6A0210E0AE03205C8003205C
:108B00009DD2032010B50D48E8F74EFF0C4C013004
:108B100020800C48E8F748FF23880B4AC01A1080D1
:108B2000581E00B2FFF748FF084B094A186000239F
:108B300002F8013B0133212BFAD110BD676A021004
:108B40007CA303206F6A0210CCAE03205080032068
:108B50007CD2032010B51748E8F726FF164C0130E9
:108B600020801648E8F720FF154A0146431E20885A
:108B70009BB21380C0F1010213440138114A00B2C4
:108B80001380FFF719FF104B18600846FFF714FF1A
:108B90000E4B012118600E48E8F724FF0D4B1860BA
:108BA0000B48E8F701FFE8F707FFB0F5407F00D07A
:108BB00000BE10BD756A02107EA303207D6A0210FC
:108BC00084A60320DAAE03205880032054800320BB
:108BD000836A02106080032008B50448E8F7E4FEC9
:108BE000FFF7EAFE024B186008BD00BF8B6A021057
:108BF000A8BB012008B5FFF769FF2E20ECF78FFB1B
:108C0000FFF780FF2E20ECF78AFBFFF7A3FF2E2053
:108C1000ECF785FBBDE80840FFF7DEBF7047704703
:108C2000034B33F81030000100F48030181A7047FD
:108C30000C910210B1F5007F09D3090AC000B0FB06
:108C4000F1F0B0F5006F28BF4FF4006070474FF4AB
:108C5000006070470022164BF0B51B68154FC01A14
:108C6000134686B2DFF850C03878DFF850E09842FB
:108C700002DC02B13870F0BD3CF81340B4420DD1B3
:108C80001EF803408C4209D11A460CEB43040EEB4C
:108C90000305431E934203DC0122D8B20133E6E709
:108CA0006088013224F8020B687805F8010BF1E7BF
:108CB0007471032013CD0320B2B70320A2D1032087
:108CC00010B5074A13781F2B09D8064C2468001BDF
:108CD000054C24F81300581C1070044AD15410BDE0
:108CE00013CD032074710320B2B70320A2D1032057
:108CF00070B5B2F9043004460E461546B2F90600C6
:108D00005BB9B2F90030B4EB034F04DC0028D4BFE8
:108D10000020012000E0C00F70BDB2F90220120453
:108D200028B9914201DCD80FF6E7002BEFE7B5F93F
:108D30000010B61AA4EB0141434081EA060292EA10
:108D4000034203D581EA0041C80FE5E7E8F7EDF9F2
:108D5000B5F9041004463046E8F7E7F98442CCBF81
:108D600000200120D8E70000021E38B50B4603D1D1
:108D7000002957D108460BE0324C1FDB002912DBDB
:108D80008A4250DD11461846FFF754FF54F8200080
:108D900038BD59421046FFF74DFF2A4B53F82000CB
:108DA00000F14040F4E7484282420146F2DD1146BC
:108DB000FFF740FF54F820004042E9E70029C2F1E4
:108DC000000016DB81420DDA01461846FFF732FF3C
:108DD00054F82000C0F1FF4000F5FF0000F5FF400F
:108DE0007F30D5E7FFF726FF54F8200000F18040E0
:108DF000CEE78A42C1F1000508DA01462846FFF7AE
:108E000019FF54F8200000F10040C1E72946FFF7A0
:108E100011FF54F82000C0F13F4000F1FF1000F5B1
:108E20007F40B5E7B5DB19461046FFF703FF054B5A
:108E300053F82000C0F17F5000F57F1000F57F50FF
:108E40003F30A5E70871021010B4054C2060054CB6
:108E5000101A21605DF8044B591AFFF785BF00BF57
:108E60007473032078730320144A0346126810B504
:108E7000841A1348002C0068B8BF6442091A81EABA
:108E8000E170A0EBE170844203DB9A4204D1002040
:108E900005E02346044618462146E8F756F9094BF3
:108EA000401153F8200000F18040C00CFFF7B8FEDD
:108EB00001462046BDE81040E8F747B97473032027
:108EC000787303200871021038B51A4B1A681A4BD0
:108ED000C2F180421B680244C3F180431844C00CB5
:108EE000FFF79EFE0546D00CFFF79AFE134B014696
:108EF0001868E8F71AF9124B29461C68114B00FA5A
:108F000004F41868E8F711F9B0EB244F01460DDDC1
:108F10002046E8F71AF9B0F5807FB8BF4FF48070AB
:108F2000B0F5800FA8BF4FF4800038BD4FF480002B
:108F3000FBE700BFC070032050730320806E032046
:108F400000BD0120B47003202DE9F04100244FF44E
:108F5000A072304B54211C702F4B304E1A60A82346
:108F600033602F4B4FF4A8001960A0212D4B2E4DDC
:108F700019604FF420032D492D4F0B602D492C60B3
:108F800008602D492D480B602D4B2E493A60196021
:108F90004FF480332C49DFF8BC800B602B490B6009
:108FA000A92109F095F9316838682B68A14200FAC7
:108FB00003F019DC3C22264C2546002191FBF0F3FE
:108FC00003EBD373A2EB630301F5A07183F30503F5
:108FD000B1F5705F05F8013BF0D1043A131D04F1BF
:108FE0003004E9D1BDE8F08101EBD171A4EB61015E
:108FF000090401F5004100EBD07000294FEA600040
:10900000B8BF49420004E8F7A0F8013448F8040B5F
:10901000C9E700BF6ED10320F07003205C7303200A
:109020008CB1012084B1012000BD012088B1012054
:109030006873032090B10120806E032066CA03206C
:1090400064BB012000000820886E0320846E03208A
:1090500039CE03204C81032008B5FFF7CBFD2E202D
:10906000ECF75DF92E20ECF75AF92E20ECF757F9C2
:1090700001220A4B1A7000F055FA2E20ECF74FF936
:109080002E20ECF74CF901F077FAFFF7C8FD2E20FF
:10909000ECF745F90022024B1A6008BD6ED103209F
:1090A000BC6203202DE9F8431D4B05461C880E4683
:1090B0001CB91C4B1868BDE8F8834FF00E081A4F16
:1090C000013C230406D5174B24F40044186800EB38
:1090D0004400F0E708FB04F93A6831464A44284660
:1090E000FFF706FE3B684B441A8993B212040ED573
:1090F000012805D104F5004443F3C613E41AE0E760
:10910000590406D504F5004443F30603F6E70128A5
:1091100001D1013CD5E75A04F4D4C3F30D03EDE7C4
:10912000D6AE032048720320786A0320024608B5B1
:109130001A4B1B4918600368D868086018691949F8
:109140000860D96A184B92F9B0001B681944174B94
:109150001960174BC90C1860164B10691860084647
:10916000FFF75EFD144B186001F50060FFF758FD36
:10917000124B92F9B1101860114B197029B11148B6
:10918000114B3022186009F0A3F8104A136801331C
:1091900013600F4A13780133137008BD6073032006
:1091A00074730320787303205473032050730320D7
:1091B00074BE01207C730320647303205873032062
:1091C00040C4032039D1032044800320BC62032023
:1091D000291C00200122094B10B51B68C01A34233A
:1091E0005843074B00121968440951F8243000F025
:1091F0001F008240134341F8243010BD68690320EA
:109200005C6903200246437813F008001FBF03493E
:1092100003F00703CB5CD05C704700BFBE84031033
:1092200030B54178024611F0080018D00C4B3420BC
:109230001B68D31A43430B481B12046801205D09C5
:1092400003F01F0300FA03F354F82500034211BF93
:109250000020054B01F007015B5C08BFD05C30BD0E
:10926000686903205C690320BE8403100C4B0D4A1F
:109270001B6830B5C01A342358430112C0F30423CD
:1092800001201468490954F8212000FA03F312EA76
:10929000030502BF1A43284644F8212030BD00BF11
:1092A0006869032058690320094B1B68C01A3423DE
:1092B0005843084B00121A680123410952F8212033
:1092C00000F01F008340134214BF012000207047AC
:1092D00068690320546903200122094B10B51B68FB
:1092E000C01A34235843074B00121968440951F837
:1092F000243000F01F008240134341F8243010BD99
:109300006869032054690320044B00211A88044B28
:109310001F321868D20808F0DBBF00BFD0AE0320B0
:10932000586903200C4B0D4A1B6830B5C31A012045
:109330009B1053430A4A03F01F0114685B0954F859
:10934000232000FA01F112EA010502BF0A43284670
:1093500044F8232030BD00BFFC700320398EE33871
:1093600058690320044B00211A88044B1F321868E7
:10937000D20808F0ADBF00BFD8AE03205869032063
:1093800007B5FFF7D3FEFFF761F8FEF7D1FF00F056
:10939000CBF801F0FFF8E7F7F7FAFFF7E3FF0D4B23
:1093A0001B680BB901F03CFB6B460B4A1068516817
:1093B00003C30A4B694618880138FFF74BFAE7F7F1
:1093C000E3FAE7F7E1FA01F073FBE7F7DDFA03B040
:1093D0005DF804FB5473032048A70310D6AE0320A6
:1093E0000C4BF0B51B680C4CC01A0C4B0C4E1D7886
:1093F000002380B29D4208DD34F8027B874206D10B
:10940000F75C8F4203D182F001021046F0BD0133B8
:10941000F0E700BF74710320B2B7032013CD03201F
:10942000A2D103200C4B70B51B680C4AC01A0C4B20
:109430000C4D1C78002380B29C4201DC002070BDE2
:1094400032F8026B864202D1EE5C8E4201D00133CB
:10945000F2E70120F3E700BF74710320B2B70320E5
:1094600013CD0320A2D1032038B50378044603F0BE
:109470000F03042B0D460FD98278512A03D80021FF
:10948000FFF7AEFF024695424FF00001204605D19E
:10949000BDE83840FFF7DEBB0022F4E7BDE8384006
:1094A000FFF70EBC38B503780D4A03F00F03D25C0A
:1094B00004460D4632B1825C512A03D80121FFF7E0
:1094C0008FFF024695424FF00101204603D1BDE8CF
:1094D0003840FFF7BFBBBDE83840FFF7F1BB00BF26
:1094E000A484031038B503780D4A03F00F03D25C4F
:1094F00004460D4632B1825C512A03D80221FFF79F
:109500006FFF024695424FF00201204603D1BDE8AD
:109510003840FFF79FBBBDE83840FFF7D1BB00BF25
:109520008A84031070470000002270B515461A4B5C
:109530001A481C681A4B1B491B680133DBB2944262
:1095400023DC194A194B1A4E1A601A4B1A4D1C6823
:10955000296804F14044E40C04F5006336F8130074
:109560001B0103F48033C01AE7F7EFFD134B2968A2
:10957000186036F81400240104F48034001BE7F767
:10958000E4FD0F4B4042186070BD00F8013B01F84C
:10959000015B0132D3E700BF68730320C2C403201C
:1095A0005C730320F0C103208C7303204069032007
:1095B0000C9102105073032088B1012068B0012083
:1095C0006CB00120F0B503461248134D00782C68AA
:1095D000884208BF0022114808BF1346064684424D
:1095E0000BD8A41BB4F5806F00D100BE2C680360BB
:1095F00008342C6081718280F0BD07689F4206D1DB
:1096000087798F4203D1B0F904709742F4D00830C3
:10961000E5E700BF73D10320406903208C7303206A
:1096200010B50378014613F0400015D00B4A0C4CDE
:10963000106803F00F030278E35CC2F301121A44CE
:109640008B5C89560029BBBF80184278580042EADB
:109650000323B8BF43F30E0010BD00BF7471032095
:10966000D4A9031010B5427809B11F2A11D9D30724
:109670000DD4094B094C1B682488C31A634390F925
:10968000020000EB234009B100EB521010BD4088EE
:10969000F9E74FF0FF30F9E76869032062BA032069
:1096A0000D4AB0F90030126813B503EB430432F8E9
:1096B00014209BB2013A0A4008498DF80520401A4F
:1096C00040108DF804000020BDF8042062F30F0064
:1096D00063F31F4002B010BD5C80032080A3032011
:1096E0000378074903F00F03CB5C33B1C25C512A06
:1096F000134602D80221FFF773BE1846704700BF19
:10970000FEA903100378074903F00F03CB5C33B1C4
:10971000C25C512A134602D80121FFF761BE1846E8
:10972000704700BFE4A90310027802F00F02042A78
:1097300006D98278512A134603D80021FFF750BE7C
:109740000023184670470000F8B5274B274C1A68CD
:10975000B4F90230064603EB430302EB4303DD7822
:109760009B888DB9224AB2F90000181AFFF796F9C2
:10977000204AB0F90030801A4010207063803046D3
:10978000BDE8F84006F0BAB800211A44677802EB49
:1097900045052B7803F07F0001300144B94204D81D
:1097A000DB0905EB43035D1CF3E71B06E7D56B788C
:1097B000FF2B18D002EB430112F813300C4A497802
:1097C000B2F9000043EA0123181AFFF767F9AB78F2
:1097D0006278B0F90010D21A064B6270C31A5B109F
:1097E00023706180CBE7F8BD5C80032076A3032063
:1097F0007EA3032080A303202DE9F04F7A4C87B08D
:109800007A4B20681B68984202DB07B0BDE8F08FF6
:10981000DFF864A2DFF86492DFF86482DAF80050BF
:10982000734AD9F80030DFF85CB218F8001005F67A
:10983000FF752D1313609BF800208D42B8BF0D46B5
:109840006C4FEAB13A5C9542B4BF05F1FF32023A7F
:10985000914215DC684E366896F808C0674E367837
:10986000B44500F09780664EDFF8A4C13668013336
:10987000A6EB0C06F61001960026009606F054FAA8
:109880002068604B3A5C1B68511E1E13B1EB233FEE
:109890005D4BD8BF961E1B78C3B118F80010731C1F
:1098A0009942B8BF1946023A91420FDC574BD3F8A0
:1098B00000C0574BACEB030C4FEAEC0301930123C0
:1098C0000093D9F80030013306F02EFA514B197885
:1098D00049B3514B21681A68504B514833F8111065
:1098E000504B03921B6803EB01434F49DB0C0968A3
:1098F00050F82300E7F719FC039A111AD9F8002051
:109900004A4813132F2B28BF2F2300680914C05671
:10991000474B1870474B206818604FF0FF33B3FB7C
:10992000F2F3454A1360454B1868002800F0AC80FC
:10993000434B1D60434B1E60434B1A68434B1A60F8
:10994000FFF7AEFE424B1880C0F30F405880022054
:10995000FFF7FAFE3F4B22681B68013308F802301C
:109960000023BB543C4AD9F8003012683B491344E9
:109970003B4AC9F800301268DAF80030096813442D
:10998000204ACAF8003013680B441360236801337F
:10999000236035E7334B344E1B6836683341264E1F
:1099A00033600026224B1E70304B1E68274B1E6012
:1099B000204B1860224B1960224B1A602C4A174B1F
:1099C000116833F8103001EB03412A4B890D1868F8
:1099D000FFF766FE1E4B1880C0F30F40588004202E
:1099E000FFF7B2FE4CE700BFD8700320D070032011
:1099F000E46A0320C2C40320C462032073D103209D
:109A000080B101209CB0012065CA0320B4BE0120B2
:109A10008C7303206BD10320C4700320C6A40310F1
:109A20000CE10210B0700320B470032044800320C6
:109A30004DC30320C4BC0120BCBC0120406A0320EC
:109A4000CCBC0120C8BC0120BC700320C0BC0120DC
:109A500076A303205C730320CC700320A4B0012004
:109A6000EC720320846E032000BD01208C71032062
:109A70005073032088710320E4720320C870032010
:109A8000F0C1032064CA0320794B1868002800F055
:109A9000A080DFF830C2774ADCF8003012684FEA65
:109AA000233B1A44CCF80020226817F802C00CF1BE
:109AB000FF3EBEEB233FD8BFACF1020BAB45C0F27B
:109AC00085806D4B03911D606C4BC3F800B06C4BEF
:109AD0000BF1010B1A686B4B1A60FFF7E1FD6A4B43
:109AE0001880C0F30F4058800120FFF72DFE236837
:109AF000039908F803B0654B1868002876D0644ACB
:109B0000644B15681B682B441360236805F6FF75CA
:109B100018F803202D139542B8BF1546AE4260DBFE
:109B2000554B03911D60554B01351E605A4B1A6809
:109B3000544B1A60FFF7B4FD534B1880C0F30F402D
:109B400058800320FFF700FE23680399FD54534B10
:109B5000186800283FF406AF514BDFF86CB1B3F939
:109B60000030DBF8002003EB430332F81360B0F958
:109B70000050013E0E40002DF6B23DDB3146FFF7AE
:109B80008FFD0590C7B2C0F307260514454BD9F8E1
:109B9000001018683B4BDFF834811860424BC8F85E
:109BA00000101B680393E7F7C0FA039B002DA3EB9B
:109BB00000003E4B186024DA8DF810708DF81160AB
:109BC000ADF81250049800F0E7FCCBE608F802501C
:109BD00091E79BF80030002B8DD0236808F80350E4
:109BE00089E7721CB3DB0236FE54B0E7304B1B78BA
:109BF000002BACD02368F6E72E4FC71BC7F34707EF
:109C0000C4E7DBF8003005EB450203EB42039B7829
:109C1000D8F800201B0402FB0303274A00F57F400D
:109C2000D2F800C0254A1449DFF850E0FF30013B6C
:109C300000141B1412680860CEF8003012F80C20D3
:109C400002F1FF3843451E4BA8BF023A1B68A8BF6C
:109C5000CEF8002013F80C309842B8BF0B600A4BC6
:109C600002201F705E705D80FFF76EFD7AE600BF18
:109C7000F0720320006B0320CCBC0120C8BC012083
:109C8000D4700320C0BC012076A30320A8B001201B
:109C9000046B0320086B0320AC7003200C6A0320C4
:109CA000CAA60320B870032090B1012004720320DB
:109CB00065CA032080A30320C4BC01203C6A0320A2
:109CC000206A0320FC6A03205C80032008720320C2
:109CD00000222DE9F04FB74B85B0B74F1A70B74B44
:109CE000D7F80090D3F800B0B54B0646D3F8008003
:109CF000B9F803000D4699F800104044C909FFF770
:109D0000B1FCB04C584499F804A0206099F8033095
:109D10004FEA0A2A5344DFF8109308EB0300C9F80E
:109D20000000FFF7D9FAD7F800C0DFF804839CF8E9
:109D300000309CF802105A019CF801C01B02D8F8B0
:109D4000000002F4E06203F4E06343EA0C030A4318
:109D500000EB830E00EB8201B1F902C030F9222042
:109D6000BEF9021030F9230009040004C1EB0C41D4
:109D7000C0EB0240FEF7F8FF934B00F18040186003
:109D8000924B3A681B68924FC01A0028B8BF4042F5
:109D9000B0F1804FA8BF4FF08040137852781B027B
:109DA00003F4E0631343D8F80020C0F1804A02EBCB
:109DB000830132F92300B1F9021000040904FFF70E
:109DC00053F8844B4FEADA4A33F81A100390E7F756
:109DD000ACF9814BDFF85C821860804B6A1C1E6016
:109DE0007F4B38F816001A603B6803EB0040FFF722
:109DF0006BF87C4BAE4218600EDA38F815003B6801
:109E0000AD1B03EB0040FFF75FF8764B1B68C01AF1
:109E100090FBF5F0744B1860DFF81C82734ED8F895
:109E200000103268B1F90230B1F900B0704D019301
:109E3000C2EB83336F4F2B604FEA8B330293C2EB3D
:109E40008B333B6000236C48DFF8CCA103606B4888
:109E5000CAF8003003606A4803606A4B20681B68D8
:109E6000002B40F02182FFF74DFC7F28206800F393
:109E7000D781FFF747FC644B1856FEF7ABFD012373
:109E8000624ACAF800001370614A1370D9F80030B2
:109E90001B78DA0640F1C781D8F800302068B3F9A2
:109EA00000805C4B4FEA8838D3F80090FFF72AFC1B
:109EB000062303FB009999F80230366808EB034843
:109EC000A8EB0606DFF874812068C8F80060FFF789
:109ED000A7FB06EB0046C8F80060484B484A1B68E1
:109EE000126813434C4A12681A43434B1B681343CE
:109EF000002B14BF01220022484B1A7000F00C8185
:109F0000324C314E216832680398531AB3F1004F36
:109F100088BF8B1AB3F1804F28BF4FF080432D4A82
:109F2000DB0C32F81310E7F700F9236831683C4A7C
:109F3000CB1A002B234B1060A4BF4042106018685E
:109F4000047814F030030DD0364E04F00F03F65CA5
:109F5000A406835D45BF801940785B0000EB0323B6
:109F600048BF1BB21C04144B1868037813F040035D
:109F70000BD090F905604379002EBDBF8679DB05D3
:109F800043EA46439B04B8BF5B1023441468234450
:109F9000136090F90040002C65DB234CDFF8A080B3
:109FA0002668074C2468A6EB040E00261F4CB4F963
:109FB00000C047E04EC3032008BC01207471032099
:109FC0006869032070710320C0700320A87003200B
:109FD000507303200C910210B4700320D87003203A
:109FE000D0700320C8700320CC7003207C73032042
:109FF000488103203C8103200C6A0320A8B0012083
:10A00000F072032060B001209DD2032064CA0320B7
:10A0100065CA03205C800320406A03206BD10320C3
:10A02000C4700320D4A9031064690320D2AE0320B6
:10A0300034730320C6A40310C4620320BC70032041
:10A0400088A60320B4450ED90CEB0604640838F842
:10A050001490F14500F24A8240F04682734C248805
:10A0600003EB04431360724B724A1B6803F1804395
:10A070005B1A1360704A714B92F900201B68002A2A
:10A080004AD16F4AB3F904301168B0F8034001EBCC
:10A0900023116C4BDFF808821A682244567806F0C8
:10A0A000010016F0020F00F1030308BF6648D35CFD
:10A0B0000BBF008804306043105C06BF5BB203EB4B
:10A0C000204303EB002361484FEA830C006800EB58
:10A0D0008303B3F902E006F0030318F80380760760
:10A0E00012F8083055BF584A4244128852785DBF72
:10A0F00062435BB203EB224303EB022300EB8302D8
:10A10000B2F90220724540F0F38101390029504B29
:10A1100080F2F6814F4A1A60484B4F4A1B6812681A
:10A12000B3F90010B2EB813FDEBF00204B4908704D
:10A13000B3F90210B2EB813F07DB1A7A484B1B7868
:10A140009A421EBF0022474B1A7029683B68464E50
:10A1500009111B11306829603B60E6F7E6FFDFF864
:10A160004481424B40421860D8F80000404B041133
:10A1700019682868E6F7D9FF3E4B201A186039683D
:10A180003068E6F7D2FF3C4B40421860D8F8000038
:10A19000374B041119683868E6F7C7FF374B201AA8
:10A1A0001860374B1B68002B35D0364FDFF8EC902A
:10A1B0003B68D9F800001B113B602B6800119842E6
:10A1C000C9F8000011DAD8F800301C11284B1968C2
:10A1D000E6F7ABFF2C4A201A1060D9F8001030685F
:10A1E000E6F7A3FF294B40421860294B38681B68EB
:10A1F000984210DD1E4BD8F800401968E6F795FF2D
:10A200002411244B241A396830681C60E6F78DFF4E
:10A21000214B4042186005B0BDE8F04FFFF7ECBAA3
:10A22000FFF770FA29E62E684CE600BF86A60320E9
:10A2300050730320B070032040C40320C462032085
:10A2400074BE01206869032064BA032034730320BC
:10A250004480032039CE03207C73032065CA032089
:10A2600073D1032064CA0320CC700320EC72032056
:10A27000C8700320E4720320A4B001209CB0012028
:10A2800060B0012044810320FC6A0320006B03209E
:10A290003C810320046B0320086B032040810320D2
:10A2A000D0A9031090B10120B3F90290B3F900E0F6
:10A2B000DFF8B882C2EB893CC2EB8E32C8F80020CE
:10A2C000934A91F808801278924E9045C6F800C0E3
:10A2D0004FEA8E3604D11A7A424508BFC5F800C04D
:10A2E000029AB24240F0CE805A684E68724032F410
:10A2F0007F0214BF01220022874EDFF874A2327061
:10A30000DAF80020944540F0BF801E7A464540F0C0
:10A31000BB80B3F90480B1F90430B8EB030318BF74
:10A3200001237E49CB450B7002DA019B734503DCA8
:10A330000123794E0B7033709445794EDFF82092EB
:10A3400017DAFFF7F1F97F28306800F39F80FFF7F5
:10A35000EBF9744B1856FEF73DFB734B1860734BCB
:10A360001B681B781B0740F19480DAF80030C9F8AD
:10A370000030DFF8F8B16E4BDBF800201B68DFF827
:10A38000F4819A4219DD3068FFF7AAF97F28306816
:10A3900000F39980FFF7A4F9624B1856FEF71AFBF9
:10A3A000644B1860614B1B681B78DE064CBFDAF803
:10A3B0000030DBF80030C8F8003026683046FFF780
:10A3C0002FF9D9F8003003EB00433046C9F80030CC
:10A3D000FFF726F9D8F8003003EB00433046C8F801
:10A3E0000030FFF78FF900283FF477AD2068FFF7C2
:10A3F00089F97F28206869DCFFF784F9494B1856F2
:10A400004D4E4E4C3080FEF753FB4D4B18604D4B7C
:10A410004D481A684D4B00681B68B3F8031093F859
:10A4200004C0515C4FEA0C2C11F0100F484951D078
:10A430002468B0F90000B4F90040A042C8BF84030A
:10A44000B6F90000434E00EB40003668D8BFA403C5
:10A4500006EB4000807804EB004409683E4E641A25
:10A4600034603E49D878D1F8008019786044C90931
:10A470001044FFF7F7F84044FFF7D2F804EB00442C
:10A4800034602AE5012237E701234AE7FFF74CF958
:10A4900061E72A4B30681B68B3F902802D4B4FEA05
:10A4A0008838D3F800B0FFF73FF9062303FB00BB61
:10A4B0009BF802302A4A08EB0348254B1B68A8EB9F
:10A4C0000303136055E7FFF70BF967E7FFF71AF986
:10A4D00000B295E72468B0F90200B4F90240A04246
:10A4E000B4BF8403A403B8E7661CABE5A446A9E5A2
:10A4F00030F90C2030F923309A4208BF013105E6CB
:10A500000F29DBBF3020174A174A00FB012202E661
:10A5100073D103204081032065CA032064CA03204D
:10A52000707103209DD20320F07203206469032020
:10A530003C810320A8B00120CAA6032060B00120FE
:10A540000C6A032068690320C462032008BC012050
:10A550007C7303205C800320B87003207471032097
:10A56000D470032039CE032009D103204481032075
:10A5700048810320AC7003204FF4C802014B1A60DD
:10A58000704700BF8C7103208A22014B1A807047EC
:10A59000DCAE0320704700002DE9F04F0214B7B085
:10A5A0000590C0F3072301D4E9F7AAFB8D49524275
:10A5B000096812B251F822208B498C4D0C6822F0A8
:10A5C0007F422860A55CA118894ACE781268029261
:10A5D000884A12680392884AD2F800C015F0020235
:10A5E00021D0DDE9022302FB063603F57F43013E5D
:10A5F000FF33BCEB264F4FEA23434FEA264223EAC0
:10A60000E373D8BF0CF1FF32934200F3E8808DF87A
:10A610001830002301218DF819208DF81A3006A872
:10A6200005F01AFADBE005F00100C41C11F8147003
:10A63000274401EB470030F813404FEA142EBEF1D7
:10A64000FF0F06BFE4B2631C013330F8134000EB88
:10A650004300230AFF2B00F09C808B7848781B0274
:10A6600003F48073034301333B4468074FEA430319
:10A6700040F1928000202344CB18019300274FF033
:10A68000FF3EB94639460CF1FF3304935B4CA6EB11
:10A690000903DBB2E35CDDF804A0D41AE4B2A046FF
:10A6A000B8F1200F00F28880202C94BF4FF0000AF0
:10A6B0004FF0010A9B1ABAF1000F03F10703C3F32D
:10A6C000C40803F0F80308BF0023C8F1000808BF5E
:10A6D0004FF00008019A1C44E4B2904420FA04F2BE
:10A6E00009EB020302FA04FA9E428AEA000A73D0D6
:10A6F00042481744F21AD2B2805CC146221AD2B242
:10A700001546202D61D8202A94BF4FF000094FF044
:10A710000109001BB9F1000F00F10700C0F3C405E7
:10A7200000F0F80008BF0020C5F1000508BF0025B3
:10A730000244D2B205EB08042AFA02F803EB080936
:10A740000194DDE9025405FB034305FB0834013C99
:10A75000BCEB244F08FA02F04FEA2448049C03F5AE
:10A760007F43D8BFA046FF331B1423EAE37343455E
:10A7700080EA0A001DDC73451CDD01EB4104D8347E
:10A780006C4404F8C03C04F8BF8C04F8BE7C013172
:10A7900010E030F8024F5CE703EBD403CA180192D3
:10A7A00004F007024FF0FF34C85C944020EA040034
:10A7B00064E7F046C64669E71AF801BD08F10808E3
:10A7C0004BEA00205FFA88F86AE719F801BD0835FE
:10A7D0004BEA0A2AEDB294E700297FF420AF37B0A4
:10A7E000BDE8F08F7C6903206818002076A3032061
:10A7F00008720320047203205C7303209881031005
:10A800002DE9F341002190F92430264A8B42137040
:10A81000254A0446117006DB836A13F0406F1CBFA3
:10A82000C3F381631370A369204A002B1268B8BF79
:10A830005B4213411E4AE06913601E4B1E4E1860B6
:10A840001E4BD4E904811D683160E6F76EFC1C4B99
:10A850002D1A1D6032681B4B206A1A60FEF71EF924
:10A860000746194D194EA368451B3360C5F34705CC
:10A87000E26833689A4202DA02B0BDE8F081B7F9C3
:10A8800000304FEA2842ADF806308DF804508DF8BC
:10A8900005200198FFF780FE336801333360A36918
:10A8A0009844E5E74DC303204EC3032000BD0120BB
:10A8B000BCBC0120C0BC01200872032090B1012063
:10A8C00004720320E46A032080A30320C4BC012097
:10A8D0002DE9F04F0268464BDFF83881196813788C
:10A8E000527831F8133002F09F02134431F81360AC
:10A8F0008368C6F30E06A3F5200AD8F800303D4F52
:10A9000053F8263005465B15AAEB034A50463968D2
:10A910008DB0E6F70AFCDFF800B1DFF80091DBF854
:10A9200000301844D9F800300414B3EB204F59DB41
:10A93000D8F80030304853F82630396800EA034030
:10A940005044E6F7F2FBDBF8002002441214013A0F
:10A9500048D400230B93D8F80030284853F8261029
:10A96000EB6841F38A21A3EB0143C3F5C9030893C4
:10A97000D9F8003000689342D8BF03F1FF323B683A
:10A9800024EAE471834006931D4BA1421868D2BFAC
:10A9900000230B1B434305931A4B03911B6804923E
:10A9A0005B6B0790802B09961FDC1B071DD4164B91
:10A9B00093F9003043B92868407810F0A00F03D114
:10A9C000124B1B6893F92F30114C8DF828302368F7
:10A9D00001A843F002032360FFF712FF236823F06E
:10A9E000020323600DB0BDE8F08F4FF0FF33EBE7BB
:10A9F00054800320886E03200000FF0300BD012067
:10AA0000846E03206073032040C40320007203207F
:10AA1000DC6A03205880032088B10120687303207A
:10AA20002421194B10B51C6823681A89174B1B6821
:10AA300001FB0233164AB3F90430126812EB2312F9
:10AA40001DD40F2A1DDC3021124B01FB0233124AA8
:10AA50001360124B124A1A60124B134A1A60D4F850
:10AA6000B4301BB104F1B400FFF732FFD4F8C430A6
:10AA70004BB104F1C400BDE81040FFF729BF054BFE
:10AA8000E5E70A4BE3E710BD60730320FC70032089
:10AA900074BE012039CE0320007203203C6A0320DB
:10AAA00066CA0320206A0320ACCB032009D103200F
:10AAB0007047000010B5074C226842F00102226086
:10AAC000D0E90212FFF79CFE236823F00103236004
:10AAD00010BD00BFDC6A03202DE9F04FDFF818A29B
:10AAE000C668DAF80030DFF814B2DFF814920469AF
:10AAF000F61ADBF80030D9F800108FB00546304662
:10AB0000E41AE6F712FBDFF8FC810746D8F80010DC
:10AB10002046E6F70AFBC319B3F5802FC0F2D380B5
:10AB20006D4A194610680193E6F70FFBD8F800103C
:10AB300007463046E6F7F9FAD9F800108046204675
:10AB4000E6F7F3FAA8EB0008019B88EAE872A2EBAB
:10AB5000E872B2EB830F00F3B6800C21EB88DFF8CC
:10AB6000A8914B435D4C09EB0301226819F80330AF
:10AB7000497832F8133001F09F010B4432F813602A
:10AB800032F91330002B80F2A180EB682A69DBF8E0
:10AB90000010DAF80000511A181AFEF7E5F8EB6A0F
:10ABA000C6F30E06C3F11043034406EB5376236845
:10ABB00033F81640C4F30E06E40BDFF850A1B300DF
:10ABC0000193DAF80030394653F826305B15A8EBCC
:10ABD00003484046E6F7A9FA414A13681844414B36
:10ABE0004FEA204B1968B1EB204F6CDBDAF800100C
:10ABF0003D4851F8261000EA014040443946E6F746
:10AC000094FA374A11680144091401395BD4AA69DE
:10AC1000B3000D92354A2BEAEB781068CDF814801A
:10AC200007FA00F00890DAF80000C0582D4B40F306
:10AC30008A2C68691B6800EB0C40DFF8D4C08B429B
:10AC4000DCF800C0D8BF03F1FF31A0EB0C000A9084
:10AC500006914FF480303946E6F777FA234A44B13B
:10AC6000DAF80030B1005B581F4C404204EA03445C
:10AC7000013CD845C8BFA8EB0B080794C8BF00FB30
:10AC80000844AB69C8BF07945B0309900B961FD4B7
:10AC9000174B93F900308BB90C20E98800FB019920
:10ACA00099F8011011F0A00F08D11368C31A1F41C1
:10ACB0002F2FA8BF2F270F4B1B68DB5703A88DF83A
:10ACC0003030FFF7F7FE0FB0BDE8F08F002474E7D7
:10ACD0004FF0FF33F2E700BF806E03205480032063
:10ACE00088B10120687303200000FF0300BD01202C
:10ACF00040C4032000720320747303207873032080
:10AD00005873032064730320945003105880032069
:10AD10007C73032010B50446FEF704FBF0B9104A1B
:10AD2000B4F90430126812EB231213D40F2A13DC87
:10AD300030210C4B01FB02330B4AA48A13606CB127
:10AD400004F1006404F54044A4002046FFF7C4FE6B
:10AD5000A48BF4E7034BEFE7044BEDE710BD00BF16
:10AD600074BE012039CE03200072032009D10320D4
:10AD70000C4B70B51D680601AB5905EB00147BB197
:10AD8000A068E7F78FFD10B1A068E7F783FDA85929
:10AD900000F0A8FA4368013B43600023AB516360B5
:10ADA00070BD00BF54BB01202DE9F0410C46804628
:10ADB0001546C0680A681E46D8F810106368871ADE
:10ADC000A1EB030C002FB8BF7F42BCF1000FB8BF4E
:10ADD000CCF1000C674507EB0C04A8BF6746A4EB59
:10ADE0006704274F97F900C0BCF1080F02D0B4F1F7
:10ADF000966F43DCFEF728F8D8F82C308342A0EB9E
:10AE0000030228BF02F1FF321E4BD20C33F812109E
:10AE1000120102F480324FF4C000891AE6F785F976
:10AE20000014C0F18000B4F5480F174B306007DA0A
:10AE3000186800282860D4BF00200120BDE8F081F8
:10AE400097F900201B68082A0FD1B4F1966FA8BFAC
:10AE50004FF09664C4F196600F3B001458434FF4D2
:10AE60007A7390FBF3F00F30E3E7C4F196600014BF
:10AE700058434FF47A7390FBF3F0DAE70020DDE7F4
:10AE800028C603200C9102109C710320024600206A
:10AE90000A4B10B419680A4B1B68814202DC5DF84A
:10AEA000044B70471C6834B15C68944203D15DF870
:10AEB000044BFFF75DBF01301033EEE72C1C002080
:10AEC00054BB012000B10C30FFF7E0BF2DE9FF4774
:10AED0008846644905460B68039308F1FF336C2BE1
:10AEE00000D900BE1822604E02FB0862D368002B16
:10AEF00031D00398536917690344002B039327DD6E
:10AF00000A68934200DD03923DB34FF0D409DFF8A5
:10AF100060A1564C9AF9003009FB03F3E05800F1A8
:10AF20000C039D4219D0294602AB03AAFFF73CFF50
:10AF30009AF90030296809FB03F3E358DA68914273
:10AF400005D11B696A689A4204BF8023029330B915
:10AF500004B0BDE8F0877F27D6E780230293A8F1ED
:10AF60000A03032B28D8F2F7D9F800F00F00C0F13C
:10AF7000080007440024DFF8FCA0DFF8FC90284616
:10AF8000FFF784FFDAF80010D9F800308C4208DAB5
:10AF90001A6832B1EDB15A6895421AD12046FFF7CE
:10AFA000E7FEDAF80020D9F80010944222D11823E5
:10AFB000002403FB086317E0B8F1200FDAD0B8F1E2
:10AFC000570FD7D0F2F7AAF800F01F00C0F1100019
:10AFD000CFE701341033D9E72001085890F809C0B1
:10AFE000587A844503D20134A242F5DCB0D0204621
:10AFF000FFF7BEFE182303FB0866D9F800304FEABE
:10B00000041803EB041243F808603046556000F062
:10B0100069F943685A1C002B426004DA304600F09C
:10B0200061F901234360304600F05CF9B0F900306B
:10B03000002B07DA3046E7F7F9FB0546304600F00B
:10B0400051F90580D9F8005087F308074544EF60AF
:10B050002146DDE9023230460097E7F705FCA8609B
:10B0600076E700BF9C7103203CAA03100C6B032001
:10B0700048C303202C1C002054BB012000B10C301D
:10B08000FFF724BF01460020FFF720BF054B10B596
:10B090001B6833B1044C23781BB9E7F721FC01236B
:10B0A000237010BD5C6A032007CD0320054B10B54B
:10B0B0001B6833B1044C23781BB1E7F719FC00235C
:10B0C000237010BD5C6A032007CD03207F2800D9C0
:10B0D00000BEE7F7FDBB00007F2800D900BE014B92
:10B0E000186070479C71032038B51F4B05461B78CC
:10B0F0000C46012B31D11D4A107860BBE7F774FB79
:10B100006D211B48E7F7D8FB2846FFF7E5FF2046EF
:10B11000184CFFF7DBFF206801210001E6F738FD3E
:10B12000154B2168186000231A46994217DC134B0F
:10B130004FF0FF311A700123114A01336D2BD1609A
:10B1400022F8081FF9D10F4B93F90020013204BFF8
:10B1500000221A7038BD1846D0E70220CEE71C0145
:10B1600002510133E1E700BF5C1A002029C6032029
:10B170003CAA03102C1C002054BB012007CD032047
:10B18000E42B00206F18002010B50B4C23688BB106
:10B190000A4B1B780BB1E7F7ABFBE7F7CBFB236858
:10B1A000D868E7F7B7FB2368B3F90800E6F72CFC8B
:10B1B0000023236010BD00BF5C6A032007CD03207D
:10B1C000F0B51D280D4685B02FD0431E422B2DD93A
:10B1D00000BE0024174F3B68A34224D0FFF7D4FFE2
:10B1E000B4F908304BB923460921134A01A8E7F7FF
:10B1F00014FC01A8E6F7D8FB2081104BB4F9080035
:10B200001B680F4A53F82030166823F07F431E4412
:10B21000E6F7D2FB01463046E7F772FBE9B2E060A1
:10B22000E7F780FB3C6005B0F0BD2020054C04EB47
:10B230000014CFE75C6A0320946A02107C69032043
:10B2400068180020381C002070B500241C4D1D4ECD
:10B250008AB02B68A34211DC00221B4B1A701B4BD7
:10B2600093F900601A4B1B78022B10D106F12000D5
:10B2700001210AB0BDE87040FFF7A2BF3268230188
:10B28000D35813B12046FFF773FD0134E1E7114DA8
:10B2900001AC0FCD0FC40FCD0FC42B6823600E4B34
:10B2A00093F90030032BD9BF092202FB03660AABD6
:10B2B00003EB8606CCBF56F8280CA6F10900D7E7A9
:10B2C0002C1C002054BB012007CD032028C60320DE
:10B2D0005D1A002018AA031007C603200021FFF7FB
:10B2E0006FBF0000044BC01A044BC0105843044BFE
:10B2F00003EBC000704700BF3CAA0310ABAAAAAA88
:10B30000E42B0020704700003322014B1A70704775
:10B31000A1D10320428042F20F724282029A018040
:10B320000271009A03828260019AC2607047000035
:10B330002DE9F0470546364B028A1B6890F90480D8
:10B3400033F91200334BB5F900701B6853F8203005
:10B35000314823F07F430068C418E678C35CF601E7
:10B3600006F480761E4329B942F20F73B5F91240F4
:10B370009C4202D1AB681C686C82002C27DAB8F1C1
:10B38000020F04D114F1090F2EDB624208E0B8F17C
:10B39000030F17D16FF06202A242B8BF2246524299
:10B3A0004FF00A0912B1B8F1000F1FD1002C0CDACE
:10B3B0001A4BB5F90210A7F108001A78BDE8F0475A
:10B3C000E6F788BA164B9C42DFD1BDE8F08740F221
:10B3D000CA739C42F9D00CB12246E1E7B5F90210DC
:10B3E000B81BE6F777FAF7E70922D9E792FBF9FAF3
:10B3F00009FB1A222B8ABF1B1A4492B23846B5F9B0
:10B400000210E6F767FA08F1FF385246CAE700BFB4
:10B41000608003207C69032068180020A1D10320EC
:10B4200036F8FFFFC3681B780BB1FFF781BF704789
:10B43000428042F20F72428203220271009A03821A
:10B4400082609DF80830019A0180C26003757047E0
:10B4500038B5C36804461B780D4633B1027DB0F998
:10B460000210B0F90000E6F735FA2046E9B2BDE86F
:10B470003840FFF7D7BF4280FF220274009A018054
:10B480004260019AC0E90223704719B990F910305F
:10B49000591C03D1436893F9003003748268127811
:10B4A0004AB15A1C07D0C268B0F90210D25CB0F998
:10B4B0000000E6F70FBA70474270FF220273009A4D
:10B4C00001704260019A83708260704719B990F9E7
:10B4D0000C305A1C0BD143681B78037382681278B6
:10B4E0003AB133B1827841780078E6F7F3B9DBB24C
:10B4F000F4E7704710B51C4904466C20A047812230
:10B500001A4B87201A7082225A7083229A708422E2
:10B51000DA7085221A71862215495A71A04779225C
:10B52000144B88201A706F225A707A229A707022F7
:10B53000DA707B221A7171225A717C229A717222FE
:10B54000DA717D221A7273225A727E229A727422E2
:10B550000949DA72A0473423084A02F8013B013353
:10B56000DBB25E2BF9D110BDC3D1032044C603204A
:10B570009DC1032091C1032038CE032013C40320B2
:10B58000087070470B4B0C481B6810B51A6A0368AB
:10B59000642AA8BF64229342084909D06524C2F1F5
:10B5A000640303EB8303B3FBF4F3DB000B60026083
:10B5B000086810BD6C6E03208020002038690320CD
:10B5C0002DE9F843734C2268092A0BDC724F3B6863
:10B5D000196AE9B9092329222360704B1A700122E4
:10B5E0006F4B1A606E4E3568002D40F08380FFF778
:10B5F000C9FF03226B4B25601B6893FBF2F202EB41
:10B6000042029B1A654A034413701123336071E0B0
:10B61000092AE7D0D3F8A800E0B10026624D03F173
:10B620005D0003F1660E10F901CF15F8018BE045BE
:10B630001CBF012605F801CC7045F4D156B1082392
:10B6400046222360564B1A60FFF79CFF534B06308F
:10B650001870C7E7082AC5D0D3F8A420504D8AB384
:10B66000D3F8AC2072B3186882422BD00723236032
:10B670004E4B4A4E1B68C91A142906DD23232B6042
:10B68000FFF780FF05303070ACE7D2E90323D0E943
:10B690000301FDF7D9FB3B681B68DB6A83422FD2AD
:10B6A000A0EB0308B8F1004F94BF4FF000094FF032
:10B6B000010923232B60FFF765FFB8F1005F29D252
:10B6C00007303070216806298CDC3B68D3F8A42051
:10B6D0007AB3364A1B6A12689B1A142B4FF0230365
:10B6E00020DD07222B602260FFF74CFF05302B4B3B
:10B6F00040B218702A4A1368013B1360BDE8F88312
:10B70000A3EB0008B8F1004F8CBF4FF000094FF0D9
:10B710000109CEE7C0B2B9F1000F01D00330D0E784
:10B720000430CEE706222B602260FFF72BFF0730A4
:10B73000DDE706293FF456AF93F988201C4E32B35B
:10B740003268501C14D14622326005293FF44AAFBA
:10B75000D3F88C20920703D4DB6A002B3FF442AF6E
:10B760000423282223600D4B1A7001232B60C1E7AC
:10B77000013A3260002AE8D105232360FFF702FF77
:10B78000064B0730187001232B603360B2E74FF08F
:10B79000FF32D9E7746E03206C6E03207AD1032048
:10B7A000107203202472032017CD03208420002070
:10B7B0007C2000200C2138B5284C236893F85C20AD
:10B7C0004A4327498A5C2749052A16BF1A32264A66
:10B7D00003EB82028A6000222449433313F8010FED
:10B7E000002814BF10464FF0FF3001F8010BD87845
:10B7F00010B1D01C01F8010C0132032AEED1FFF781
:10B80000DFFE1B4B1B4993F900301B48B3FA83F250
:10B8100052090A7019490978002908BF00220270EC
:10B8200013B10B1E18BF0123154A21681370154B65
:10B83000483193F9005000231A4651F8040F9542FD
:10B8400002F1010214BF1B181B1A042AF5D10E4A7B
:10B8500013600E4A1368013B136038BD6C6E032001
:10B86000B42C0310C47F03207820002041C603209D
:10B8700053C303207CD1032079D103207ED1032040
:10B880007BD1032048C30320187203201C720320BD
:10B89000084A08B5136801331360F1F73FFC064B03
:10B8A0001860FFF787FF054B1B681A6A044B1A6084
:10B8B00008BD00BF0C720320247203206C6E0320AD
:10B8C00084200020F8B51A4B04461B78002B2ED09C
:10B8D000E7F7FBFA174B19681860411A63290DD86E
:10B8E0001548164D0378164E2A68F75CF154D21BA2
:10B8F00001330A4403F00F032A600370631C07D06E
:10B90000104B1C600121BDE8F8400F48FFF78ABDCD
:10B910000A4B1A6841F69E63A2F1A101994206D82A
:10B920004FF47A5393FBF2F3064A1360EAE7F8BD4B
:10B930006FD103203469032006CD0320F472032065
:10B94000F6CC032014720320587B0320F8B52D4B4E
:10B95000044619782C4B93F9003000294FD0B3FAE4
:10B9600083F252092948027013B10B1E18BF01233C
:10B97000274AA8211370274B00201A78E5F7AAFF61
:10B9800021462548FFF74EFD0025244F244E781907
:10B990002146FFF747FD701921461435FFF742FD98
:10B9A000502DF4D121461F48FFF752FD21461E4875
:10B9B000FFF74EFD21461D48FFF788FD00251C4E70
:10B9C000304621460135FFF760FD062D06F11406CD
:10B9D000F6D121461748FFF758FD21461648FFF7D4
:10B9E00054FD21461548FFF750FD21461448FFF746
:10B9F0004CFD2146BDE8F8401248FFF713BD0A464A
:10BA0000B0E700BF7ED1032053C3032079D10320C8
:10BA10007BD1032038CE0320C47F0320DC790320B0
:10BA2000B47D0320807B03202C7A0320BC7A032082
:10BA3000447A0320447B0320787D03208C7D0320FF
:10BA4000A07D03206C7B03200148FFF753BD00BF9E
:10BA500081B501102DE9F04F7E4B87B01F78002F84
:10BA600040F0F580012203264FF00C0A7A4D7B4C02
:10BA70001A702B680296019493F85C2078490AFBAF
:10BA800002F28A5CDFF844921A3203EB82032C2123
:10BA9000AB22744800936223FFF73CFC99F8003016
:10BAA000AB22CDE901432B685A2120336E48009325
:10BAB0006223FFF7BDFC6D4B019400936C4B6D4806
:10BAC000A82268211B78FFF7F7FCDFF804826A4898
:10BAD000DFF800B2B7FBF6F303EB43015B4203F080
:10BAE0000A0C3B46791ACDF804B00AFB01F12A682A
:10BAF0005F33134400930CF1AC0243466F31059061
:10BB00000137FFF7B8FC0598062F00F1140008F183
:10BB10000208DFD102230293584BAB220193584B0A
:10BB20008A21584800936223FFF7F4FB564BA82262
:10BB30008F21564800930194554BFFF79CFC99F8D0
:10BB40000030544FCDE901432B68AB222433DD2173
:10BB5000514800936223FFF76BFCAB22EF214F4B60
:10BB60004F4800970194FFF786FC7B1CB522EF211C
:10BB70004C4800930194494B0237FFF77CFCBF22ED
:10BB8000EF21464B484801940097FFF774FCCDE93C
:10BB900001462B68AD2268334FF4907143480093FF
:10BBA0006D23FFF7B7FBCDE901462B68B3226C3359
:10BBB0004FF490713E4800936D23FFF7ABFBCDE946
:10BBC00001462B68BF2270334FF4907139480093BF
:10BBD0006D23FFF79FFBCDE901462B68B922743333
:10BBE0004FF49071344800936D23FFF793FBCDE938
:10BBF00001462B68AD2278334FF49D712F48009396
:10BC00006D23FFF787FBCDE901462B68B3227C3318
:10BC10004FF49D712A4800936D23FFF77BFBCDE91C
:10BC200001462B68BF2280334FF49D712548009355
:10BC30006D23FFF76FFBCDE901462B68B9228433F2
:10BC400000934FF49D716D231F48FFF763FB07B00E
:10BC5000BDE8F08F31C603206C6E03207ED1032037
:10BC6000B42C0310C47F0320807B03207CD10320ED
:10BC70009DC10320BC7A0320447A03207BD103209A
:10BC8000187203206C7B03207AD10320447B0320AD
:10BC900013C4032041C603202C7A032044C603208A
:10BCA000787D03208C7D0320A07D0320DC79032098
:10BCB000F0790320047A0320187A0320B47D03204E
:10BCC000C87D0320DC7D0320F07D0320C3D1032049
:10BCD00091C1032079D103201FB5FFF7B5FE0423DE
:10BCE0000293094B02220193084B4FF49F7100937A
:10BCF00007486D23FFF70EFB064B074A1A6005B095
:10BD00005DF804EBFFF7A6BE882000201472032024
:10BD1000587B03206C6E03200C6B0320D42210B4DC
:10BD2000154B164993F9003001245343144A58180F
:10BD30001060002213485D33026013480B44047006
:10BD4000124813490270134802704FF0FF32124834
:10BD5000026012480260092213F8010F013A01F84B
:10BD6000010BF9D1FF220E4B1A705A709A705DF8D0
:10BD7000044BFFF7C9BA00BF48C303200C6B032074
:10BD80006C6E03200C7203207ED103207DD1032032
:10BD900017CD03207AD103202072032084200020B5
:10BDA00041C6032010B5044C207818B9E7F75CF9B8
:10BDB0000123237010BD00BF0C21002010B5064CDC
:10BDC00023780BB9FFF7EEFFFFF7A8FFFFF742FE5E
:10BDD0000023237010BD00BF0C2100202DE9F0438B
:10BDE0000378044685B0002B40F0E180A04D95F922
:10BDF0000030042B00F0B580017A9E48E5F740F949
:10BE0000A0B19D4B1B68D3F88C2082F002029607EC
:10BE1000C3F88C2008D51968642201B18A841A629B
:10BE2000964AC3F8A02073E0954AFAE7217A95482C
:10BE3000E5F726F9C8B10222C8208F4B1B68C3E979
:10BE400009024FF00132C3F85E20C3F8622083F884
:10BE500066209A6F9A66DA6FDA66D3F880201A67DE
:10BE6000D3F884205A67884ADBE7217A8748E5F7C8
:10BE700007F9F0B1C82102227F4B1B68C3E9091200
:10BE80004FF00132C3F85E20C3F8622083F86620C9
:10BE90005A6440F20112996FA3F848209966D96F4D
:10BEA0007B4AD966D3F880101967D3F88410596794
:10BEB000B7E7217A7748E5F7E3F8002800F08680B5
:10BEC0006D4E754A33687348C3F8A02003A9E5F79F
:10BED0000BF9724B9DF80D201B78022B9DF80C304E
:10BEE00003D06F490978042965D80A21303B4B43B8
:10BEF0009918532906DD6A490978022902D933685D
:10BF0000684A8EE701211344A3F11000FFF758F9A6
:10BF10000026654FDFF86081DFF8D0913846217A3E
:10BF2000E5F7AEF868B1D8F8000000EB8602D36AF6
:10BF3000002B6CD13146F3F7A4FDD8F80030C3F8DC
:10BF4000A0900136062E07F10807E7D1217A57485D
:10BF5000E5F796F8002861D0474B554A1B68C3F8AF
:10BF6000A020217A5348E5F78BF800B3514803A984
:10BF7000E5F7BAF8494B1B78022B9DF80C3040F0DE
:10BF8000B7800A219DF80D20303B01FB0322A2F16E
:10BF90003103272B0BD80021303A374B46481B681A
:10BFA000C3F8A000002395F90000EFF74DF9002039
:10BFB00005B0BDE8F083313B03EBC303991850296A
:10BFC0009DDC13440121A3F130009FE73B4E337801
:10BFD0008BB1217A3A48E5F753F8002898D0264BE0
:10BFE0001B68D3F88C2082F00102C3F88C20D207A2
:10BFF0000BD4344A15E7217A3348E5F741F8002895
:10C00000EDD13378002B83D0E3E7304A09E7012EE6
:10C0100015BF01230023D36203638EE7217A2C48E6
:10C02000E5F72EF838B10122134B1B6883F8652021
:10C03000DA62284A93E7217A2748E5F721F80028B1
:10C040008FD0D422254B264E93F900303421534310
:10C05000244A3046D3581A690192DA680092DB6AA2
:10C06000214AE6F7DAFC044B1B68C3F8A06078E7C6
:10C070002AC60320FC2000206C6E0320996A02105F
:10C08000B06A0210EC200020C86A0210F4200020E0
:10C09000DD6A021004210020F36A02105D1A0020FC
:10C0A0005C1A0020006B0210A4200020D420002085
:10C0B0004F6B021094200020AC6B021029C60320A5
:10C0C000DC200020296B0210E4200020156B0210F8
:10C0D0009C2000207D6B02108C20002048C3032090
:10C0E000A7C103200C6B0320936B02103E6B021060
:10C0F000A3F13102032A3FF65AAF342BA3F13001EA
:10C1000004D1074B1B78042B7FF651AF9DF80D200F
:10C11000A2F13103082B3FF64AAF303A3DE700BFAA
:10C120005C1A002010B51B4C2268136BD2F8A400D7
:10C130002BB19B11C3F10C039842B8BF1846A0B1B4
:10C140000730C0100728A8BF07200130124B1A681B
:10C15000824202D01860E6F787FF23681A6A0F4B05
:10C1600019688A4218BF1A6010BDD2F8A80030B111
:10C170000730C0100328A8BF03200930E6E7906B02
:10C18000802804DC10F0080018BF0D20DEE70D2029
:10C19000DCE700BF6C6E0320207203202C690320B3
:10C1A00010B50C4668B1084B1B78003B18BF012343
:10C1B000064A1370FFF7B6FF2046BDE81040FFF7B0
:10C1C000C5BB0123F4E700BFA1C103207ED103203A
:10C1D000087070477047000030B51E4D04462B783C
:10C1E0001D4A022B85B014D14FF48C731380AA2200
:10C1F0001A4B1A802B78022B1CD10922184901A84E
:10C20000E6F7E8FB01A8E5F7CFFB164B188005B071
:10C2100030BD154BA3201B6814491B6803EBC303F7
:10C22000F4331380A047A4201149A047A520114949
:10C23000A047DCE7104A0C4B12781B68042A1B68E5
:10C2400001D9032BD9D009210C4A01A8E8F708FF2E
:10C25000D8E700BF5D1A0020C8A60320E4AE032083
:10C260003330021068BA0320488003201FD3032014
:10C2700020D3032077D103205C1A0020466C0210E3
:10C28000044B054A1B6853F82030106823F07F43A5
:10C29000184470477C6903206818002070B5304A44
:10C2A000304D11782B6802299B6804D12E4A92F9EF
:10C2B00000209A423EDD2D4C2D4E2288991833687D
:10C2C00089B233F91100FFF7DBFFC3780278DB0195
:10C2D00003F4807343EA0200C0F5A07000EBD07055
:10C2E0000A4640100221E5F7F5FA2B6822889B6880
:10C2F000366813449BB236F91300FFF7C1FF0146BD
:10C30000B6F92A01FFF7BCFFC3780278DB0103F41A
:10C31000807343EA020095224978C0F5A07001EBD2
:10C320008101891000EBD07002314010BDE87040EF
:10C33000E5F7D0BA12D10E4B1B68B3F92A01FFF70B
:10C340009FFFC3780278DB0103F4807343EA0200A5
:10C35000C0F5A070952200EBD070E6E770BD00BF7D
:10C360005D1A0020488003206EBA0320C8A603206F
:10C370006080032038B51C4D02212B68B3F92C01D5
:10C38000FFF77EFFC3780278DB0103F4807343EA92
:10C390000200C0F5A07000EBD07096224010E5F7C7
:10C3A00099FA124B1B68DC68114B1B881C442B68E4
:10C3B000A4B233F91400FFF763FFC3780278DB01FE
:10C3C000417803F4807343EA020001EB8101C0F578
:10C3D000A070891000EBD0702246BDE838400231D1
:10C3E0004010E5F777BA00BF608003204880032043
:10C3F000C8A603202DE9F8431E4B1F4A1B680546BB
:10C400001B68022703EBC303034432F9236002EBEA
:10C4100083021A4B0C46D3F800900023B2F90210A5
:10C4200014F8038039F91800FFF72AFFC37842781F
:10C43000DB01007803F4807303433344B3F5A07F3A
:10C4400005DA56EA010302D45318C72B0CDD012F7D
:10C4500004D0012762783B46002AE1D1691C0848D4
:10C46000BDE8F843E8F798BF42463046BDE8F843D8
:10C47000E5F730BA48800320A0B4031060800320A1
:10C480004E6C02102DE9F047204B1B78022B11D087
:10C49000DFF88490D9F800301B68022B0ADC0027F3
:10C4A0001B4D1C4EDFF87480D9F800301A68AB566B
:10C4B0009F4201DBBDE8F0871423FF217B4356F840
:10C4C0002220D4182174D35C73B9D8F8003003F15A
:10C4D000010AF0F723FE637890FBF3F202FB1300EE
:10C4E0005044E0600137DFE7012B07D1D8F8003076
:10C4F00003F1010AF0F712FE237AEDE7022B02BFE7
:10C50000D8F800300133E360ECE700BF5D1A00208B
:10C510009CB403108CB403104880032070B0012039
:10C520002DE9F843304B1B78022B10D02F4E336887
:10C530001B68022B0BDC0025DFF8BC80DFF8BC9009
:10C540002B4F31680A6818F902309D4201DBBDE8C3
:10C55000F88314236B4359F822C038680CEB0304AA
:10C56000E268824227D11CF80330012B0FD0022B46
:10C5700023D003BB237C94F9021001335BB29942B0
:10C58000D8BF0023237463781344E36013E0237C53
:10C5900094F9021001335BB299422374F3D1FF2363
:10C5A0002374F0F7BBFD237A90FBF3F202FB130038
:10C5B0003B681844E0600135C3E70E4B93F9003047
:10C5C0000BB9072DF7D0237ACA689A42F3D194F9B0
:10C5D000102094F90210531C5BB2994208BF134615
:10C5E000237463780344D0E75D1A00204880032059
:10C5F00070B0012084D103209CB403108CB40310CC
:10C600002DE9F041134B1B78022B0ED0124D2B68F5
:10C610001B68022B09DC00244FF014080F4E104F4A
:10C620002B681B68F256944201DBBDE8F08157F895
:10C63000233008FB043393F91020002A08DB5989C2
:10C64000B3F904000A4492B2B3F90610E5F742F9CF
:10C650000134E5E75D1A0020488003209CB40310F4
:10C660008CB403102DE9F74F1C46254B05461B687B
:10C670001746B3F91201FFF703FEC6780378F601F7
:10C6800006F48076002C884646EA030608DA27B3CB
:10C690003B4600240A2293FBF2F30134002BFAD12B
:10C6A00040F2CA7287EAE773A3EBE773934224D0A0
:10C6B000A14628464FF00A0AB9F101090FD2002F0E
:10C6C00006FB145405DA083C932241462046E5F760
:10C6D00001F9204603B0BDE8F08F0124E0E793FBA9
:10C6E000FAFB0AFB1B328932801B414692B2019051
:10C6F000E5F7F0F85B460198DEE70024E9E700BFC4
:10C700006080032070B5141E05460E460BDB942294
:10C71000E5F7E0F8224631462846BDE870404FF084
:10C72000FF33FFF79FBF70BD2DE9F047151E04468C
:10C730000F4632DBB5F5616FDFF888902FDA0126FE
:10C740004FF03C0895FBF6F292FBF8F1022308FB50
:10C75000112220463946FFF785FFD9F800300446FC
:10C76000B3F93801FFF78CFDC3780278DB0103F4DD
:10C7700080731343E41A334608FB06F6012B95FB3E
:10C78000F6FA02D0BAF1000F07D09C2239462046B3
:10C79000E5F7A0F8BAF1000FD4D1BDE8F087D9F8D9
:10C7A0000030B3F93C01FFF76BFDC3780278DB0181
:10C7B00003F4807343EA0200201A9E22BDE8F0478A
:10C7C000E5F788B860800320FF22044B1A7000222E
:10C7D000034B1A700A22034B1A60704784D103205E
:10C7E0008EC1032068BB012008B5FFF799FE054AFA
:10C7F0001368013B13601BB9BDE80840EEF736BC77
:10C8000008BD00BF68BB01200122054B1A70002241
:10C81000044B1A708C22044B1A60FFF733BE00BF22
:10C8200084D103208EC1032068BB012008B5FFF727
:10C8300077FE0B4A1368013B13601BB1094A92F95A
:10C8400000201AB1BDE80840FFF7BEBF03F01F0388
:10C85000132BCCBF00230123034A137008BD00BF74
:10C8600068BB01208EC1032074D103202DE9F04163
:10C870001C4FFFF7C5FE3B781B4D022B05D12B68E3
:10C88000DB681E2B05D1BDE8F0812B681A68022AEF
:10C8900003DDBDE8F041FFF76DBD00269C68DFF8C1
:10C8A0004C80082C04BFDC6804F1FF34A64212DD82
:10C8B0002B681B791BB108200C49FFF79BFD0C4B23
:10C8C0001B7823B12B680B49D868FFF793FD3B78A1
:10C8D000022BDED1D3E730464146FFF78BFD013610
:10C8E000E4E700BF5D1A00204880032077D10320D1
:10C8F00074D103201FD303200122024B1A70FFF7CB
:10C90000B5BF00BF74D10320282200210C4B70B5A5
:10C910001B680C4C02FB00330A4603F1140514F8A3
:10C92000016B26B190421CBF55F822608919013273
:10C93000042AF4D103EB80035869081A70BD00BFC4
:10C94000686E032048CD032000230121134AF0B470
:10C950001370134A134C1370134A2046116023219D
:10C960001D46124A124F1160124910F8012B6AB18C
:10C970002646002216F801CBBCF1000F01D041F889
:10C9800022500132042AF5D147F823500133042BF9
:10C9900001F11001E9D1F0BCFFF774BD84D103208F
:10C9A0008EC1032048CD03204CBD012090BB012047
:10C9B00050BD01200CBD01202DE9F74F5A4FFFF764
:10C9C000AFFD97F90030594C6BB32368042B2AD084
:10C9D000DFF870910025C846554BDFF86CA11E6842
:10C9E000DFF854B13D70143618F8013B93B14A4654
:10C9F00000230AEB051012F8011B19B156F8231099
:10CA000040F823100133042BF5D12846FFF77CFFB3
:10CA10004BF825000135042D06F12806E4D15220FB
:10CA2000FEF730FB25602368022B58D1414B1B6871
:10CA3000990702D10120FEF725FB0021DFF80491C0
:10CA40000E46C8466FF0620B394B3B4F1D68DFF84E
:10CA5000F8A0243518F8013B53B3CC460AEB061076
:10CA6000A5F110021CF8013B93B10368D2F800E075
:10CA700073450DD0BEF1000FB4BF03F1FF33013396
:10CA80005B45B8BF5B46632BA8BF632301210360EE
:10CA90000432AA4200F10400E4D130460191FFF7CC
:10CAA00033FF6328019914DC10F1630F13DB386046
:10CAB0000136042E07F1040705F12805CAD129B96A
:10CAC0005220FEF7DFFA23680133236003B0BDE88C
:10CAD000F08F6320EBE76FF062033B60E8E7042B25
:10CAE00014D197F90030002BF0D01F20FEF7CAFABE
:10CAF000124B1B78022B04D103B0BDE8F04FFFF7B7
:10CB000063BE03B0BDE8F04FFFF77EBEDA07DDD5A8
:10CB10000B490A68013A0A60002AD7D10133236021
:10CB200023230B60D2E700BF8EC103204CBD012040
:10CB3000686E032070B0012050BD01205D1A0020F6
:10CB400090BB012048CD03200CBD01202DE9F74FFB
:10CB5000DFF8C4B1FFF754FDFFF7A0FBDBF80020BE
:10CB6000DFF8B891B2F94401FFF78AFBC278017887
:10CB7000D20102F4807242EA01004010C0F58670D2
:10CB8000A2222D210130E4F7A5FEA02264210A2073
:10CB9000E4F7A0FEA12232210520E4F79BFECA465D
:10CBA0000024574E1AF8012BDBF80010002A67D03A
:10CBB0002823328803FB04F812FA84F292B231F986
:10CBC00012000192FFF75CFBC1780078C90101F403
:10CBD0008071084308F152082321019AA8EB500004
:10CBE000E4F778FE3188A5B2DBF80020294489B249
:10CBF00032F91100FFF744FBC2780078D20102F449
:10CC00008072104304EB4417443740100A46C0F1C9
:10CC10002A003946E4F75EFE3A4B93F90020A2421F
:10CC20002ED13288DBF800102A4492B231F912007A
:10CC3000FFF726FBC2780178D20102F4807242EA43
:10CC40000100314A23211278A8EB5000E4F742FE9C
:10CC500032881544DBF80020ADB232F91500FFF739
:10CC60000FFBC2780178D20102F4807242EA01001F
:10CC7000264A401039461278C0F12A00E4F72AFE0D
:10CC80000134042C8ED1DBF800300025B3F91201F9
:10CC9000FFF7F6FAC4780378E40104F48074DFF84F
:10CCA0007CA01C4309F1040B1AF8013B0BB34E4660
:10CCB000174B05EB45114E3103EB051804F15207F4
:10CCC00016F8013B3BB102233846D8F80020019109
:10CCD000FFF7C8FC0199B34508F1040807F12807DC
:10CCE000EED10C4A022352F8252004F20D10FFF772
:10CCF000B9FC0135042DD7D103B0BDE8F08F00BFDA
:10CD0000E4AE0320A6CB0320A6C103207FD10320DD
:10CD10000CBD012050BD01206080032048CD0320C0
:10CD200000230C4A13700C4A137001220B4B1A603B
:10CD30004FF0FF330A4A13600A4A13600A4A13602D
:10CD40000A4A13600A4A136023220A4B1A60FFF74B
:10CD500099BB00BF84D103208EC10320A87103209A
:10CD600094BB01206CBB01207CBB01208CBB01204B
:10CD7000A4BB012090BB012070B5784DFFF7D0FB1C
:10CD800095F90030764C002B35D023680A2B32D031
:10CD9000002364202B70734B734A93F900301268A0
:10CDA00003EB830302EBC303704A11685A680E69F0
:10CDB000424392FBF6F26E4E32609A684E694243ED
:10CDC00092FBF6F26B4E3260DA681B694243886967
:10CDD00092FBF0F268480260232293FBF2F367486B
:10CDE00003600B6A522093FBF2F3654A1360FEF76F
:10CDF00049F90A23236023689A1E082A00F2A180B9
:10CE0000DFE802F0059F2C9F479F629F8C00584DE2
:10CE10002B6802332B605B4B1B689B0702D1012000
:10CE2000FEF730F94F4B504A93F90030126803EB8C
:10CE3000830302EBC30364225B6853434B4A1268CB
:10CE4000126993FBF2F32A689A4266DB2B60522048
:10CE5000FEF718F92368013323605EE0454D2B6827
:10CE600002332B60474B1B689E0702D10120FEF75F
:10CE700009F93C4B3C4A93F90030126803EB8303F9
:10CE800002EBC30364229B685343384A1268526919
:10CE9000D7E7394D2B6802332B603A4B1B68980754
:10CEA00002D10120FEF7EEF82E4B2F4A93F9003005
:10CEB000126803EB830302EBC3036422DB68534372
:10CEC0002A4A12689269BCE72E4B1B68990702D167
:10CED0000120FEF7D7F82326224A234992F90020A1
:10CEE000096802EB820201EBC2021269234892FB3D
:10CEF000F6F203681D49033393420968A8BF13463D
:10CF0000096A1F4D91FBF6F10360286803308842DF
:10CF1000286002DB9A42296099DD70BD95F90030E6
:10CF2000002BFAD00320FEF7ADF8174B1B78022B2D
:10CF300003D1BDE87040FFF747BCBDE87040FFF784
:10CF400063BCDA07E9D511490A68013A0A60002A88
:10CF5000E3D10133236023230B60DEE78EC103207E
:10CF6000A8710320A6CB0320686E0320488003200D
:10CF70007CBB01206CBB012094BB0120A4BB012021
:10CF80008CBB012070B001205D1A002090BB0120F5
:10CF900038B5304B1B68B3F91201FFF771F94478CB
:10CFA000FFF72EFBFFF77AF9322197220846E4F7C4
:10CFB00091FC04EB4404284B64101A6804F1320518
:10CFC00032214FF48770FFF79DFB9A2229463220C9
:10CFD000E4F780FC214B19341A68640029464FF4A9
:10CFE0008770FFF78FFB214699223220E4F772FC0D
:10CFF0001B4B21461A684FF48770FFF783FB9D2275
:10D00000A8211020E4F766FC164B174C1A68A821DB
:10D010009020FFF789FB23681B68022B18DC9F22F6
:10D02000A821B020E4F756FC104B1B78022B06D148
:10D0300022680F4B926893F900309A4208D00D4B4A
:10D04000A8211A684FF49870BDE83840FFF76CBB10
:10D0500038BD00BF608003207CBB01206CBB012079
:10D0600094BB0120A4BB0120488003205D1A00204E
:10D070006EBA03208CBB0120042030B5104B114C3C
:10D0800014F8012BBAB1DA7A12F0010106D093F943
:10D09000881011B901250C490D70012112F002020E
:10D0A00083F8881005D093F98910012209B906493F
:10D0B0000A7083F88920013803F1D403E0D130BD30
:10D0C0000C6B032048CD03208EC1032008B5164BFE
:10D0D000196801310129196007D1144B1B78022B03
:10D0E0000CBF43201C20FEF76BF8FFF7C5FF104B69
:10D0F00093F900303BB1012B0FD0013310D0BDE8C4
:10D100000840E5F79DBB0B4B93F9003013B1FFF7D7
:10D1100053FCF4E7FFF730FEF1E7FFF787FBEEE79C
:10D12000FFF762FBEBE700BF70B001205D1A002043
:10D1300084D1032053C3032008B5084B08481B784B
:10D14000022B02BF2022074B1A70FFF745F8352249
:10D15000054B1A705D22054B1A7008BD5D1A002040
:10D16000D1C101106EBA03207FD10320A6C10320D4
:10D170000148FFF731B800BFD5C10110FFF7F8BF74
:10D180000A4B93F9003023B1012B0AD001330AD0A6
:10D190007047074B93F900300BB1FFF7D7BCFFF78F
:10D1A000F7BEFFF763BBFFF7A7BB00BF84D1032027
:10D1B00053C30320124B134A186000231370124A02
:10D1C0001360124A1360426A114B1A70114B00F13E
:10D1D00028021A6003690BB90123036143690BB983
:10D1E0000123436183690BB9012383610A4B1B78D7
:10D1F000042B04D80368022BC4BF033B03607047B1
:10D20000488003208EC1032070B0012068BB01203C
:10D21000A6CB0320686E03205C1A002008B5FFF738
:10D22000C9FFFFF789FF064B93F900301BB1BDE83A
:10D230000840FFF789BBBDE80840FFF771BD00BF9C
:10D2400053C3032000B545F247308BB0E7F78BF9A5
:10D2500001220346092101A898470823054A05A988
:10D2600011F8010D013B02F8010BF9D10BB05DF88B
:10D2700004FB00BF7DCD0320F0B5012B4FEAD22780
:10D28000C2F38716C2F384155FFA82FE3C4602F0B1
:10D290001F0212D107EB050C9444BCF1040F09DC0A
:10D2A000042F07D046EA0E0616F01C0602D13246BD
:10D2B0003546344664086D08520814FB04F415FB27
:10D2C00005F512FB02F2012BE4B2EDB2D2B206D1A7
:10D2D00063191344022BDEBF0022154614460123B6
:10D2E000240444EA022401F1100244EA0564934054
:10D2F00042681A42FCD1043140F82140F0BD0000E0
:10D300004FF4C873F0B50D480D4D0E4C0E49DFF8C3
:10D3100040E0DFF840C00D4E55F8042B34F8027B96
:10D32000013B2EF8127030F8027B2CF8127031F8A5
:10D33000027B26F81270EFD1F0BD00BF4CB5031090
:10D3400008240020DCBB031094B80310F69B0320D4
:10D350007C980320709F0320012370B58CB0CDE929
:10D36000013311233C4A00933C493D4B3D48E8F7CB
:10D3700097FB08B9E7F7D0F9384B11201D68364BF9
:10D3800005F12F4101F56001090D1C680631344B90
:10D39000C9B21E68E7F70AF801231122214600935B
:10D3A0002846E8F7F9FA4FF48033F21C0793F301AB
:10D3B00043EA023323F0C04308936FF4F0432A4A50
:10D3C0000520CDE90A23294B0993E6F785FF07EEEF
:10D3D000900ADFED276AF8EE677A87EEA67ADFED2E
:10D3E000257A37EE277AFCEEC77A17EE903A9BB291
:10D3F0007BB307EE903AF8EE677A37EE677ADFEDA7
:10D400001E7A27EE277AFCEEC77ACDED057A9DF8D5
:10D4100014201B0443EA0223214632460793284680
:10D4200007ABE8F7F8FA01232A6803FA04F4144377
:10D430002C6010251C4643EC44502846E7F702F8C0
:10D4400044EC405000F0E8F80CB0BDE87040FFF745
:10D4500057BF1A46DDE700BF94710320F06A03202E
:10D46000A46A032024BF03100044002000000670BB
:10D470000024F44A0000003B000080437047000095
:10D48000F0B50C25002291FBF5F54FF0190C174F64
:10D49000174E11F10B0F0EDB57F82530632B0AD016
:10D4A0000D2B0DDC042B0CDC02EB8204B0F814E035
:10D4B000234426F813E001321E2A00F11400E8D1BB
:10D4C000F0BD092B06DC02EB82042344B0F814E023
:10D4D0009133EEE7182AEEDC0A3B0CFB0323448968
:10D4E00003F5967326F81340E5E700BFB823002044
:10D4F000E6B00320334A2DE9F0411368324C013382
:10D50000042B136004DD23680133236000231360C0
:10D51000236800221D2BC8BF00232C4E2C4FDFF8A0
:10D52000C080C8BF23603368551C012B3CD0B2F5C6
:10D53000C87F3868D8F800100DDA3368012B17BFA0
:10D54000DFF8A0C041F211123CF812200123FFF7CE
:10D5500093FE2A46E7E7B2F5D77F2CDB2368A2F5D6
:10D56000C8721A441E2392FBF3FC03FB1C22194BC6
:10D5700033F812E0184BCEF3870E33F812C0174B76
:10D58000CCF3870C33F81230C3F3870303F01F0288
:10D590004FEA8C1C42EACE220CF4F86C42EA0C02F0
:10D5A000002392B2FFF768FE40F2BD139D422A4667
:10D5B000B9D1BDE8F08101234FF0000C4FF0030E0C
:10D5C000E4E700BFC062032014BC0120B0B001201A
:10D5D000F06A03207C230020402300200423002045
:10D5E00094710320E6B0032010B50124C3680246FD
:10D5F000C8000430C34003F00F03083101338C40EE
:10D6000050682042FCD1013B52F82100F8D110BDF6
:10D6100000220121E6F7E6BE2DE9F0470B200027A6
:10D620008EB047EC4400E6F70DFF0C20FFF7F0FF4B
:10D630000D20FFF7EDFF0C2447EC44400D2647EC8E
:10D6400044604FF0020A01252046E6F7FBFEDFF8B2
:10D65000F4903046364EE6F7F5FE4A463146CDE9BF
:10D6600001A5344B00943448E8F71AFA334B366876
:10D670001C68D9F8009053462246494680460097D8
:10D680003046E8F789F92046FFF7C2FF6019FFF737
:10D69000BFFF4FF480324FF4F833CDE909234FF444
:10D6A00040230C970B930DF1100C0DF1240EBEE8E6
:10D6B0000F00ACE80F004FF0FF33DFF88CE0CCF840
:10D6C0000030CDF814E00DF1240C0DF1100ABAE889
:10D6D0000F00ACE80F00E303220903F478230C9356
:10D6E000D30323F0F87343EA0253154A24061A437E
:10D6F0004FF4002304F0F85444EA0E040D920B9307
:10D700003A4609AB494630460A94E8F784F933684B
:10D7100005FA09F51D433560B8F1000F04D10EB0CC
:10D72000BDE8F047E6F7F8BF0EB0BDE8F08700BFF0
:10D73000082B0020A86A032034BF0310042B00200C
:10D74000FF7F00FE987103208077010070B51F4BAA
:10D750001F4A1B781F4CDBB213701F4B19681F4BFD
:10D760001868FFF741FF1E4B1E4918600B681A1A14
:10D7700082EAE275561CA5EBE275022E256006D8FA
:10D78000984203D0184E3668072E1CDD70BD9842B3
:10D790000CDA164A1378022BF8D0154E3368013391
:10D7A00033600123137025600860EFE7EEDD0F4D55
:10D7B0002B78012BEAD00E4E3368013B33600223F5
:10D7C0002B702260F0E79842E3DBF0E7C0C3032050
:10D7D0004AC60320806A032098710320082B00208A
:10D7E000A0BD012028690320002B0020C1C3032015
:10D7F000706E032070B501210B20E6F715FE4FF087
:10D8000050435D68002105F400650B20E6F70CFE2F
:10D8100075B10024FFF79AFF244B1A78012A31D101
:10D820000022954214BF012433241A70204670BD93
:10D830001F4E3368012B1FD1E6F768FB4FF47A7255
:10D84000B9B1002304F0B4FF1A4B18600023336011
:10D85000E6F75CFB4FF47A7289B1002304F0A8FF6D
:10D86000144B1B68C01AB0F5487FD2D9012434602C
:10D87000D0E7B0FBF2F0E7E7002BCAD1E8E7B0FB56
:10D88000F2F0EDE71A78022A08D10022954214BF7F
:10D890004FF0FF346FF032041A70C7E7012C03D049
:10D8A000002D08BF1424C1E73224BFE7C1C3032001
:10D8B000FC2A00202469032008B50920E6F7C2FDF0
:10D8C0000A20E6F7BFFD09234FF0000242EC443086
:10D8D0000A234FF0010242EC443042EC403008BDD4
:10D8E000F8B501254FF05046254B142000211D604E
:10D8F000E6F7A7FA2A4600210920E6F773FD322051
:10D900000021E6F79EFA29460920E6F78DFD002161
:10D9100009207768E6F788FD002229460920E6F706
:10D9200061FD32200021E6F78CFA29460920E6F74E
:10D930007BFD002109207468E6F776FD2A46002168
:10D940000920E6F74FFD14200021E6F77AFA294670
:10D950000920E6F769FD002109207568E6F764FDF6
:10D96000BB0505D514F4007001D0C5F34020F8BD07
:10D97000254385F40075C5F340256800F7E700BF2F
:10D9800060BB0120037A33B903685A1C02601B781C
:10D99000436008230372037A013B037243685A0809
:10D9A000426003F0010070470268531C0360117865
:10D9B000037A426899400A43083342600372704711
:10D9C000B84A2DE9F04FD2F800804FF05042B64BE4
:10D9D00012681B688BB0DFF8F092029202B253F823
:10D9E000223000F07F0A39F91A2023F07F4E08EB2D
:10D9F0000E07541C0D460F6000F08A80AB4B04E00C
:10DA0000B1F90220511C00F0838033F812C0540099
:10DA1000604503EB4201F3D118F80EC00CF0010C85
:10DA20000CF1030E4FEA4E06CDE90466029ECDF8D6
:10DA30000CE0002E00F00181059E731C0593BA785E
:10DA40005208920006329A4C214621F8060B00201B
:10DA50004FF0070C049BA96017F80380059E039BF9
:10DA60008DF824009844BB190133CDE90730B85D27
:10DA70008DF824C04FEA500CCDF820C0637900F037
:10DA8000010767F3C7136371029B002B00F0BF808F
:10DA9000884B002F00F0BF804FF48060009007A8F3
:10DAA00004F092FEAA68811A21F0010303EB6103DE
:10DAB000029E2F68B6B98049B3F5807F0E8000F3CF
:10DAC000CD80831D0020A1889B1AC3F34E037B4A9F
:10DAD00063F30E01A18011880B449BB21380734A3B
:10DAE00022F8130020682861A388AB8207EB480363
:10DAF0006B60BB787A781B0203F48073134308F1E0
:10DB000001021A445200EA60EB820BB0BDE8F08FCC
:10DB100018F80E30DB073CD5BA78029B5208920009
:10DB20000632002B40F0B08008230926CDE90436E8
:10DB3000042303935D4B6249604C0988B4F800806C
:10DB40008C1A44458E461CDC00242646B1F5E06F55
:10DB500005D14FF0000E0121F0460E46714633F814
:10DB6000114003EB410B1CBB4FF4E06E7146AEEB72
:10DB700002044445EADD16B1504CA4F80080504C34
:10DB8000218003EB480439F81A3029F81A806380A1
:10DB90005AE7029B002B6CD106230724CDE90434FD
:10DBA00003230393414BBA78520892000632C2E72E
:10DBB00004F07F0439F914C009EB4404BCF1FF3FC1
:10DBC0000FD0F44508BF4FEA4E0C02D10BE0F445EC
:10DBD00041D003EB4C04B4F902C00234BCF1FF3F66
:10DBE000F5D16FF0010C9C44BCF902C0A4F800C050
:10DBF0002C8ABBF800C0A44504BF0024AC60BBF86D
:10DC00000440C4F30E040C44A1B28E46AFE72D4B82
:10DC1000002F7FF441AF8008089006208DF8240083
:10DC20004FF480601CF0010F009007A829D104F088
:10DC3000B7FDAA68831A5B103AE7002A2BDB185954
:10DC400017F81E80039A2861904406348A881C4481
:10DC5000AA82AC604AE74FEA4C0CC4E7B3F5007FF8
:10DC60004E807FF72EAFB3F5407F8E80C8BFCE8049
:10DC700027E706234FF0070CCDE9043C0323039369
:10DC8000DDE6E2F7DDFBD4E708230921CDE9043125
:10DC900004230393D7E66FEA020A049A013205923D
:10DCA00081E700BF681800207C690320F688032004
:10DCB000F483032071BB0320F8960320F69603201B
:10DCC0000097032072BD0320F68703202DE9F04F53
:10DCD0000E464FF05044B94BB94D02EB42021B685F
:10DCE000D700D5F8009006EBC20502B2216853F8C0
:10DCF0002230DFF8ECA28DB000F07F0B029123F010
:10DD00007F483AF91B1009EB08020797F2514F1CA4
:10DD100000F08F80AB4B04E0BCF902104C1C00F00B
:10DD2000888033F811404FEA410EA04203EB410CCA
:10DD3000F2D119F8088008F0010808F1030467001F
:10DD4000CDE90477029F0394002F00F02381049F04
:10DD50007B1C069392F802804FEA58084FEA880825
:10DD600008F10608984C21464FF0000C21F8060BEC
:10DD70000720059BA96012F80390069F039B8DF86E
:10DD80002CC09944D3190133CDE9093CD25D8DF8FB
:10DD90002C004FEA520CCDF828C0637902F0010044
:10DDA00060F3C7136371029B002B00F0DC80874B8C
:10DDB000002800F0DC804FF480604246009009A803
:10DDC00004F002FDA968421A22F0010303EB62038A
:10DDD000079A029FB258B7B97D4EB3F5807F37805E
:10DDE00000F300810026831D5B1AA0887949C3F3E4
:10DDF0004E0363F30E00A080088803449BB20B809F
:10DE0000704921F8136020682861A388AB8202EB77
:10DE100049036B60937852781B0203F480731343B9
:10DE200009F101021A445200EA60EB820DB0BDE82C
:10DE3000F08F19F80830DB0743D592F80280029B77
:10DE40004FEA58084FEA880808F10608002B40F00E
:10DE5000DF8008230927CDE9053704230393594BB5
:10DE60005D49B1F800E05B49AEEB0804B1F8009001
:10DE70007146A1451DDB00240494BEF5E06F04D17A
:10DE8000002101248E468946049433F81E4003EB9A
:10DE90004E0754BB4FF4E0618E46A1EB08044C459D
:10DEA000EBDD049911B14B49A1F800904A49A1F862
:10DEB00000E003EB49043AF81B302AF81B9063801A
:10DEC00051E7029B002B40F0988006230724CDE900
:10DED0000534032303933B4B92F802804FEA580822
:10DEE0004FEA880808F10608BAE704F07F043AF917
:10DEF00014C00AEB4404BCF1FF3F0FD0614508BFDA
:10DF00004FEA410C02D10BE08C4554D003EB4C049A
:10DF1000B4F902C00234BCF1FF3FF5D16FF0010C3F
:10DF20009C44BCF9021021803988348A8C4204BF99
:10DF30000024B460348D8C4204BF00243462B6F8EF
:10DF400040408C4204BF0024B463B6F858408C4271
:10DF500004BF00213165B988C1F30E0171441FFA75
:10DF600081FE714699E71D4B00287FF424AF92088B
:10DF70004FF480600A9206221CF0010F8DF82C20CD
:10DF80000090424609A840D104F00AFCA968431A4F
:10DF90005B101DE7002942DB53F80E0012F81490C5
:10DFA0000399286189440EF1060EBCF804107344ED
:10DFB000A982AB602BE74FEA4C0CB1E77C690320E8
:10DFC00068180020F6880320F483032071BB032027
:10DFD000F8960320F69603200097032072BD0320D5
:10DFE000F6870320B3F5007F77807FF7FBAEB3F5AC
:10DFF000407FB780C8BFF780F4E606234FF0070CD8
:10E00000CDE9053C03230393A4E6E2F719FABDE743
:10E0100008230921CDE9053104230393A2E66FEA21
:10E02000010B05990131069156E700BFB24A2DE96F
:10E03000F04F1768B14AB24B166800221B88B14CEA
:10E040000B441BB257F823308BB0246808928DF82C
:10E05000242023F07F43A6EB00320392E218013222
:10E060000792E35C07255A0808924FF4007207AC48
:10E0700013F0010FCDE90401A34B2046A3498DF80D
:10E080002450009200F03481E2F7DAF99E499F486B
:10E0900004F09EFB9DF82430002B00F02381013B0F
:10E0A000089ADBB251080891D107DFF85C828DF83D
:10E0B000243040F1CB80964A944E0292039ADFF8C6
:10E0C0005C9202F13F07002B58D0013B089ADBB26B
:10E0D0005008D2078DF8243008905BD4A7F1400592
:10E0E00015E01B1A8DF82430C0F108030CFA03F375
:10E0F000C240DBB2089219F8033036F820209B1A90
:10E10000CB5C05F8013FAF422CD09DF82430072BA3
:10E110003AD9089A31885FFA82FC18F80C0006EBAD
:10E1200041010028DDD1083B120A8DF82430DFF8C8
:10E13000F0B119F80C30089201E00BF1040B204605
:10E140004FEA430AFFF71EFCBBF800C040EA0A038F
:10E150006345F2D2BBF802209B1ACB5C05F8013F65
:10E16000AF42D2D1029B6B4A01339A42029307F12C
:10E17000400763D09DF82430002BA6D1079A531C8A
:10E18000079312780723A3E72046FFF70DFC9DF8BD
:10E190002430BEE7029A15789D420DDD07990131C2
:10E1A000079111F8012C9A400833DBB210439D42CD
:10E1B00008908DF82430F2DC20FA05F25B1B8DF814
:10E1C00024300892029902FA05F3514A4340521A48
:10E1D00013449B01A7F13F02D158134447F83F1C59
:10E1E0005A6847F83B2C9A6847F8372CDA6847F8A2
:10E1F000332C1A6947F82F2C5A6947F82B2C9A6947
:10E2000047F8272CDA6947F8232C1A6A47F81F2C9D
:10E210005A6A47F81B2C9A6A47F8172CDA6A47F8AB
:10E22000132C1A6B47F80F2C5A6B47F80B2C9A6B70
:10E2300047F8072CDB6B47F8033C93E7364B05990F
:10E24000DDE9030299540BB0BDE8F08F039A2F4E1D
:10E25000DFF8C890551E02F6FF7715E09B1A8DF87F
:10E260002430C2F108030CFA03F3D040DBB219F8F2
:10E270000330089036F822001B1ACB5C05F8013FEA
:10E28000BD42DBD09DF82430072B25D90898318872
:10E290005FFA80FC18F80C2006EB4101002ADDD162
:10E2A000A3F10802000A19F80C30DFF874A00890F6
:10E2B0008DF8242001E00AF1040A20464FEA430BBE
:10E2C000FFF760FBBAF8002040EA0B039342F2D25A
:10E2D000BAF802209B1AD0E72046FFF765FB9DF8AD
:10E2E0002430D3E7079A0723511C07911278D9E607
:10E2F00004F056FACAE600BF7C690320D4900120DE
:10E300007CA303206818002071BB0320F483032042
:10E3100098810310D881031072C103204C28021089
:10E3200016840320244A254B12881B682DE9F04FE0
:10E3300003EB0243DB0C224C03F5006234F81210AD
:10E3400034F813401B0103F48033E41A1D4B12010F
:10E350001D888FB002F4803245F48035891A064654
:10E360000D902846E2F7E1FE034621462846059334
:10E370000227E2F7DAFE0023CDE90B37124B0690B5
:10E3800003EBC6030A930D9B002B40F393810E4BC6
:10E390000993099B9C790D4B1B681A1992F821204F
:10E3A000FF2A1EBF0A498A569C5C0A4B1B575D1CFC
:10E3B00000F04E81084915E0C6A4031050730320F5
:10E3C0000C91021050A703108C730320508003207F
:10E3D0007CD203206FBA032041C40320CB56581CC3
:10E3E00000F036819E4A32F913200132F6D04FF008
:10E3F0005042DFF8BC9299F8003043F0010389F8ED
:10E400000030156835B1974B01221D781A70003D18
:10E4100018BF0125E4F714FA4FF050431B680BB105
:10E42000904B1D704FF0504299F8003023F00103DB
:10E4300089F800308C4BC2F8EC308C4BC2F8F030CD
:10E440000C9B022B00F03C81894B0B9A1B7801320C
:10E450009A42A8BF0022214610460B92FFF7E6FD24
:10E460000546FF214FF050428248834B06571B68F8
:10E4700008960155C2F8D050039308997F4800EBE5
:10E48000C103B3F904207E4B1B6803EB221383F313
:10E4900004037C4AC3F10F039B001268079350F8F2
:10E4A00031309B1A83EAE372A2EBE3726C4B049265
:10E4B00033F911104A1C00F0C4804FF0FF3C624653
:10E4C000714B01EB410103EB410E9EF805C0BEF814
:10E4D00002309445C3F30B0377D06C4A52F82C00FA
:10E4E000049A061497B277431414664380B292B22A
:10E4F0004243604338443604120C024432446448B8
:10E50000164600680714B4B27C4335146F4380B2DA
:10E51000B6B24643684320443F04360C06443E44AA
:10E520005C481746006802960414BDB265433E1469
:10E53000744380B2BFB247437043284424043F0C65
:10E5400007442744DDF8148010464446019705141B
:10E55000A6B26E4327147D4380B2A4B244437843ED
:10E5600030442D04240C04442C444B48DDF818801E
:10E57000006804EB000B104644460514A6B26E4337
:10E5800027147D4380B2A4B24443784330442D0421
:10E59000240C04442C44414800684042A0EB040A87
:10E5A0003F4890F9000060B91215013216BF5020A3
:10E5B0004FF0FF3290FBF2F20798821A82F30502C5
:10E5C00050B2384A126802EB00284FF05042364CE5
:10E5D000CBF38F1904EA8A2040EA0900C2F8C00090
:10E5E000019804EA8020029CC4F38F1940EA0900D4
:10E5F000C2F8C800D2F8C800039C03FB00F0C2F8C0
:10E60000F4009EF804009EF803E0000140EA1E10AA
:10E610000CEB8C0EC01A03EB8E1323441844834278
:10E6200009D2D2F8DCE09EF800E018F80EE003F81A
:10E6300001EB9842F5D1144B33F911104B1C7FF4C8
:10E640003EAF089A194B9B56089301337FF415AFE0
:10E65000099B0A9A0833934209937FF49AAE29E002
:10E6600062B9032032C60320C42C04001A1401002E
:10E6700071BD03206FBA032018B001208C730320F2
:10E6800074BE01207C730320542F00204C81032092
:10E6900068B001206CB001207473032078730320EC
:10E6A00040C40320A8BB01200000FFFF41C4032099
:10E6B0007CCD03200C9B012B1AD001230C9362E626
:10E6C0000D4B19780B910029C2D000250B4B0C4A39
:10E6D0001B68A3EB013012F8011B8C4208BF1D46DA
:10E6E000A3F580538342F6D1002D7FF4BAAEAFE795
:10E6F0000FB0BDE8F08F00BF71BD0320D4900120A2
:10E7000072C103202DE9F04FAF4CD5B0B4F90040F1
:10E710008846844216461F46089000F04482DFF87F
:10E72000BCB208980DA9FFF74BF9BDF84A204FF08D
:10E73000FF313046520003F0CBFD0D9BDFF8A09275
:10E74000DB780693C8F30E0404EB44040BEB84025D
:10E75000D079137A00F0E00003F01F03184336F974
:10E7600010C026F8108053683BF9248033F07F41B5
:10E7700008BF4FF480312BF824C0D9F800E094781A
:10E780009568A4EB0E0401FB04F445F3521504EB69
:10E79000C51414F5803F4FEAC513B8BF8023D27863
:10E7A000A2EB0E02A8BF01FB0233069AA4BF1B1402
:10E7B00023EAE3739A42D8BF02F1FF33BCF1FF3F73
:10E7C00002D03A5C9A4200DA3B54B8F1FF3FB9D12B
:10E7D0004FF050430E9A1B680F980992002B40F09F
:10E7E000FA817A4C08992288914200F0FA81638874
:10E7F000994200F0F581A388994200F0F681E38800
:10E80000994208BF032300F0EC81714903F0E0FF57
:10E81000089B23806E4B0493BDF84A30002B00F018
:10E82000D080B31E0793002300970593079B33F90D
:10E83000024F0793059B9D0605D14FF05046336864
:10E84000002B40F09981601C00F0B080059A099B74
:10E850000D9833F8123001781A0AFF2A02BF099A7C
:10E86000DBB232F813304907109A40F116811A448E
:10E87000002302440AAEC6E900239DF949200F9FF8
:10E88000002A3372C0F21F81524A13AD4FF00008C4
:10E89000019503921BE05B1A3372CA40C1F1080371
:10E8A000726000FA03F3039ADBB2D35C37F82120DD
:10E8B00002999B1ACB5C019A08F1010802F8013B0E
:10E8C000009B01921B78984500F38D80337A072BCB
:10E8D00023D93988726807EB410102910499D0B2BB
:10E8E000095C0029D7D1083B3372039B120A72607E
:10E8F00007F122011A5C00E0043130464FEA420A77
:10E90000FFF740F8B1F800C040EA0A026245F3D2CE
:10E910004B88D31A029AD35CCDE73046FFF744F810
:10E92000337AD6E740F2B34208994FF4A077914288
:10E9300008BF0023284E18BF1B0236681E44C4F3CC
:10E940000E0101EB41010BEB810191F802C04B6814
:10E9500062467A4333F07F4E08BF4FF4803EE409AD
:10E960008B6804F480741444D9F8002043F35213E4
:10E97000ACEB0202DB010EFB0233CA7A1444CA7804
:10E980000444A2EB0C02C3F3064C15F80CC0013A88
:10E9900016F80CC0B2F1FF3F84F800C0734404F5D0
:10E9A000A074F0D1B1F90040631CC8D1009B059A56
:10E9B00001330093BDF84A3001329A420592FFF6C6
:10E9C00035AF55B0BDE8F08F2CB50320F896032085
:10E9D00072BD03204C280210A8BB0120542F002038
:10E9E0008CB1012013AD069B7E2B07DC1946EB187A
:10E9F0002A7813F8013C85F87F206B547C4B18680B
:10EA00007C4B93F90030002B8CD17B4A0899B2F9EA
:10EA10000020914286D04FF4A077784EC4F30E02C6
:10EA200002EB42020BEB820292F802C0536861468D
:10EA3000794333F07F4E08BF4FF4803EE40993687A
:10EA400004F480740C44D9F8001043F35213ACEB77
:10EA50000101DB010EFB0133D17A92F807800C44EF
:10EA6000316808F01F0801EB0828D1780444A1EBB5
:10EA70000C01C3F3064C15F80CC0013918F80CC092
:10EA8000B1F1FF3F84F800C0734404F5A074F0D1E5
:10EA9000B2F90040631CC1D188E702EBD30103F057
:10EAA00007024518C2F108030AAE0135DBB2356032
:10EAB0003372415C0F9F41FA02F272609DF9492066
:10EAC000002ABFF6E1AE4E4A002503920DF14B0835
:10EAD00025E05B1A3372CA40C1F10803726000FA84
:10EAE00003F3039ADBB2D35C37F8212001999B1A18
:10EAF00031F81330FF2BDAB289BF98F8003008F8EC
:10EB0000012F033BD218009B88BF08F8012F1B7808
:10EB10008CBF013501359D423FF764AF337A072B37
:10EB200025D93988726807EB410101910499D0B267
:10EB3000095C0029CDD1083B3372039B120A1B5C90
:10EB4000726007F1220A01E00AF1040A3046590016
:10EB5000FEF718FFBAF8002040EA01039342F3D20F
:10EB6000BAF802209B1A019A32F81330C2E73046F5
:10EB7000FEF71AFF337AD4E701222249224F0B789D
:10EB80003D7813430B703A70E3F75AFE3368EDB2E9
:10EB90001BB1003D18BF01253D701A4A137823F0C0
:10EBA000010313704FE6B1F1FF3F3FF4B8AD0B46E0
:10EBB0004FF48030DFF85CB0C3F30E0303EB430384
:10EBC0000BEB8302516860F3170151603BF923306E
:10EBD0005A1CF1D1A5E50D4903F0FAFD0B4B1AE6DD
:10EBE00001230B4A02EB032315E60223F9E700BFDA
:10EBF00018B0012040C403202CB50320A8BB01207D
:10EC00004C2802107CCD032032C6032071BB0320A8
:10EC100072BD0320542F00202DE9F04F8B4691B098
:10EC20000AA90746CDF800B0FEF7CAFE4FF05043E0
:10EC30000A9A1B68947801922402527804F4807432
:10EC400014430B9A00250C9E0592002B40F017816F
:10EC5000DFF85082B8F800309F4200F01681B8F813
:10EC600002309F4200F01681B8F804309F4200F055
:10EC70001381B8F806309F4208BF032300F00681D5
:10EC80003046864903F0A4FDA8F80070834F002C9D
:10EC900000F0E280059BDFF81082A3F1020909EB86
:10ECA000440303939DF93D3002930D9B04930EE0C2
:10ECB000049A13440B4407930023029A0893002AF2
:10ECC0008DF8243024DB039B994500F0C58039F88A
:10ECD000023F01991A0AFF2A02BF059ADBB232F8F5
:10ECE00013300A785207E3D40846049A02EBD302A1
:10ECF000895C0244013203F007030792029A19412A
:10ED0000C3F10803DBB2002A08918DF82430DADA67
:10ED1000A8241CE0C2400892C0F108020CFA02F2DA
:10ED2000D2B21B1A18F8022036F82000DBB2121AF1
:10ED300031F812208DF82430FF2A88BF033DD1B26C
:10ED40008ABF51FA85F50D46EDB2013C49D0072B3B
:10ED500040F28B80089A31885FFA82FC17F80C0029
:10ED600006EB41010028D5D1083B120A8DF824306A
:10ED7000089218F80C3006F1220A01E00AF1040AA0
:10ED800007A84FEA430BFEF7FDFDBAF800C040EAC2
:10ED90000B036345F2D2BAF802209B1A31F8132014
:10EDA0009DF82430C8E71B1A8DF82430C0F1080301
:10EDB0000CFA03F3C240DBB218F80330089236F8BD
:10EDC00020209B1A31F81320FF2AD3B234D8009A9E
:10EDD0001D46135504F5A074B4F5205F4BD09DF883
:10EDE0002430072B3BD9089A31885FFA82FC17F848
:10EDF0000C0006EB41010028D5D1083B120A8DF822
:10EE00002430089218F80C3006F1220B01E00BF1C7
:10EE1000040B07A84FEA430AFEF7B4FDBBF800C095
:10EE200040EA0A036345F2D2BBF802209B1A31F88C
:10EE30001320FF2AD3B2CAD9033D2B44DDB2009B75
:10EE40001D5504F5A074B4F5205FC8D101330093BB
:10EE5000039B99457FF43BAF11B0BDE8F08F07A845
:10EE6000FEF7A2FD9DF82430BDE707A8FEF79CFD44
:10EE70009DF824306EE7134601330093E8E73046EF
:10EE8000074903F0A5FC064F01E72B46034F07EBAC
:10EE90000327FCE60123F9E70223F7E772BD03200D
:10EEA00071BB0320F89603204C2802102DE9F04F87
:10EEB00091B089460AA90746FEF782FD4FF05043FC
:10EEC000DDF828801B6898F8024098F80120240299
:10EED00004F4807414430B9A00260C9D0592002BB9
:10EEE00040F0BB80DFF89CA1BAF800309F4200F0F0
:10EEF000BA80BAF802309F4200F0BA80BAF8043003
:10EF00009F4200F0B780BAF806309F4208BF032343
:10EF100000F0AA802846584903F05AFC564BAAF83C
:10EF200000700193002C00F09580059B9F1E07EB5D
:10EF3000440302939DF93D3003930D9B04930CE031
:10EF40001344434407930023039A0893002A8DF83F
:10EF5000243024DB029B9F427CD037F8023F1A0A00
:10EF6000FF2A02BF059ADBB232F8133098F800206E
:10EF700012F0040F049AE3D102EBD30218F8021046
:10EF80004244013203F007030792039A1941C3F187
:10EF90000803DBB2002A08918DF82430DADA002465
:10EFA00025E01B1AC2408DF82430C0F108030892F6
:10EFB0000CFA03F3314ADBB2D35C35F820209B1AFC
:10EFC00031F81320FF2AD3B281BF033E9B19DEB272
:10EFD00009F8046097BF09F8043004F5A07404F53B
:10EFE000A0741E46B4F5524F2FD09DF82430072B45
:10EFF00025D9089A01985FFA82FC298810F80C003C
:10F0000005EB41010028CCD1083B8DF824301B4B87
:10F01000120A13F80C30089205F1220B01E00BF1F3
:10F02000040B07A84FEA430AFEF7ACFCBBF800C08C
:10F0300040EA0A036345F2D2BBF80220BFE707A803
:10F04000FEF7B2FC9DF82430D3E7029B09F10109D9
:10F050009F4282D111B0BDE8F08F2846084903F0E5
:10F06000B7FB074B5DE73346034A02EB032358E740
:10F070000123F9E70223F7E772BD03204C280210B1
:10F0800071BB0320F89603202DE9F04F0C4697B092
:10F0900010A90294039208930746FEF791FC4FF0E3
:10F0A0005043109A1B689578119904922D0252785A
:10F0B00005F480750026129C0A911543002B40F040
:10F0C0003381DFF89082B8F800309F4200F035813C
:10F0D000B8F802309F4200F03581B8F804309F4202
:10F0E00000F03281B8F806309F4208BF032300F0D9
:10F0F00025812046954903F06BFBA8F80070934FDB
:10F10000DDE902239B1A03EB83039B01013B0B9375
:10F11000002D00F0D7800A9BDFF83C82023B019370
:10F1200003EB450305939DF955300693139B079315
:10F130000FE0079A13440B440D930023069A0E9395
:10F14000002A8DF83C3027DB019B059A934200F0A2
:10F15000B980019A049932F8023F01921A0AFF2AF3
:10F1600002BF0A9ADBB232F813300A785207E0D4B1
:10F170000846079A02EBD302895C0244013203F08D
:10F1800007030D92069A1941C3F10803DBB2002A66
:10F190000E918DF83C30D7DA029A002A4ADD4FF002
:10F1A000000B20E01B1A8DF83C30C0F1080305FA73
:10F1B00003F3C240DBB20E9218F8033034F820207B
:10F1C0009B1A31F813300BF1010BFF2BDDB288BF16
:10F1D000033E029B84BF55FA86F6F5B25B452BD001
:10F1E0002E469DF83C30072B1ED90E9A2188D5B2A9
:10F1F000785D04EB41010028D4D1083B120A8DF858
:10F200003C300E9218F8053004F1220500E0043578
:10F210000DA84FEA4309FEF7B5FB2A8840EA090327
:10F220009342F4D26A88CBE70DA8FEF7BDFB9DF8A8
:10F230003C30DAE7354600231E460993039BB34270
:10F2400078DDDDF820B09DF83C30072B4CD90E9AC4
:10F250002188D0B217F800C004EB4101BCF1000FC7
:10F2600048D0A3EB0C038DF83C30CCF1080300FA36
:10F2700003F322FA0CF2DBB20E9218F8033034F8E2
:10F280002C209B1A31F81320FF2AD3B21DD8039AE1
:10F290000136B2428BF800301D460BF5A07BD2D16F
:10F2A00013462E46099A9B1A089A03EB830302EB36
:10F2B000831308930B9A9B1A0893059A019B934218
:10F2C0007FF447AF17B0BDE8F08F033D2B44DDB2AC
:10F2D000039B0136B3428BF800500BF5A07BE0D0C6
:10F2E0009DF83C30072BB2D80DA8FEF75DFB9DF8CA
:10F2F0003C30ACE7083B120A8DF83C300E9218F80F
:10F30000003004F1220A01E00AF1040A0DA84FEAD4
:10F310004309FEF737FBBAF800C040EA090363452A
:10F32000F2D2BAF80220ACE72046094903F050FABD
:10F33000074FE5E62E46089BBCE73346034F07EB35
:10F340000327DDE60123F9E70223F7E772BD032077
:10F3500071BB0320F89603204C2802102DE9F04FD2
:10F3600080460E46714B724C33F9103083B006EB79
:10F370004607002B04EB870726DB5D0097F8029019
:10F3800004E034F92C30002B1EDB5D0005EB030C90
:10F3900004EB8C0E9EF803209145F2D897F803A059
:10F3A0009EF80200824529D26249B7F9002031F85F
:10F3B0001800002A21F8186038801CDB164602EB82
:10F3C000420704EB8707D9E7002E14DB06EB460261
:10F3D00004EB820334F9222005E002EB420334F906
:10F3E000232004EB8303002AF7DA524A32F818107C
:10F3F00022F81860198003B0BDE8F08F7968C1F376
:10F40000170BDEF80410C1F317018B450CD25245DF
:10F4100016D94849B7F9002031F8180021F81860CA
:10F42000002A3880CADAE6E781450CD3524505D375
:10F430004149B7F9002008880E80F1E70132BA701F
:10F4400034F92C3093E73B49524531F918900CD3ED
:10F4500021F81860B7F900600138002EF870A7F89D
:10F460000090C8DB06EB4607ABE7DFF8CCA0BAF9A3
:10F470000020002A019222DB4FF6FF7002EB4203CC
:10F4800034F8235024F82300AAF8005004EB830A30
:10F4900021F8186097E807008AE807009EF8033013
:10F4A000019E01338AF802309EF80230013BFB7066
:10F4B000B7F90030AAF80030A7F80090C0E71F4A5B
:10F4C000B2F90020B2F5E15F019212D04FF6FF7B56
:10F4D000AAF800B002EB420A24F82AB002F1010BAC
:10F4E000164A04EB8A0AA2F800B0019A002AAFDBA0
:10F4F000CEE74246B8F1000FC446B8BF08F17F0C12
:10F50000B8F1000FB8BF08F10302C2F3840E012264
:10F51000DFF82CA04FEAEC1C02FA0EFE5AF82C2061
:10F520004EEA02024AF82C2092E700BFD890012050
:10F53000542F002058930120F2830320F4870320E6
:10F54000202B00202DE9F04F82468946A14EA24C87
:10F5500036F9103083B006EB400609EB4908002B62
:10F5600004EB880827DB5D0098F8027005E034F9A9
:10F570002E306646002B1EDB5D0005EB030E04EB10
:10F580008E0C9CF803209742F1D89CF8021098F852
:10F5900003B001918B4513D2A6F80090B8F9009002
:10F5A000A8F80030B9F1000F07DB464609EB49081F
:10F5B00004EB8808D8E7A6F8009003B0BDE8F08F08
:10F5C000D8F80410C1F317010846DCF80410C1F3A1
:10F5D0001701884201990ED28F422ED85A4535D84C
:10F5E00034F92E107D4A31801188138024F82E10B2
:10F5F000B6F90030B1E78F420FD35A452BD3774984
:10F60000B8F900200888002AA1F80090A8F80000A6
:10F61000D3DB914602EB4208CAE75A4543D30A4678
:10F62000501E88F80300A6F80090B8F90090A8F8DA
:10F630000030B9F1000FB8DABFE75A450FD8013FE3
:10F640008CF80370664634F92E3086E70BF1010220
:10F650008CF80220E7E7013288F80220F2E75F4ADF
:10F66000B2F90030002B47DB4FF6FF7103EB430686
:10F6700034F826005D0024F82610108004EB86067E
:10F680009CE8070086E8070098F803200132B27072
:10F6900098F80220013A8CF8032034F92E203280A9
:10F6A00024F82E90C1E74D4AB2F90070002F44DBD8
:10F6B0004FF6FF7007EB470134F8215004EB810B44
:10F6C000158024F8210098E807008BE807009CF8D3
:10F6D000032001328BF802209CF80220013A88F8BE
:10F6E0000320A6F80090B8F900206646ABF8002089
:10F6F000B946A8F80030A6E73949B1F90030B3F5AA
:10F70000E15F31D04FF6FF7003EB43061080002B12
:10F7100003F1010224F826000A8004EB86064FEA72
:10F720004305ADDA013F8CF80370B8F90090A8F8F2
:10F730000030B9F1000F85DA3FE72949B1F90070CF
:10F74000B7F5E15F2BD04FF6FF7BA2F800B007EBD7
:10F75000470224F822B0002F04EB820B07F10102CC
:10F760000A80B0DA019A5BE75346BAF1000F5146BE
:10F77000B8BF0AF17F01BAF1000FB8BF0AF1030365
:10F78000C3F384000123174AC91103FA00F052F8A9
:10F790002130034342F821304FF0FF33C2E7514696
:10F7A000BAF1000F5746B8BF0AF17F07BAF1000F50
:10F7B000B8BF0AF10301C1F3840C0121094AFF110A
:10F7C00001FA0CFC52F827104CEA010142F827100C
:10F7D000C8E700BFD8900120542F0020F2830320F7
:10F7E000F4870320202B002010B50024164B174867
:10F7F0001C6003F005F8F9F723F94FF4A0624FF00D
:10F80000FF31134802F064FD4FF4D25221461148F3
:10F8100002F05EFD9FED0A7BA7214FF6FF700E4BB5
:10F820000E4A83ED007B9C600D4B14700D4A1970DD
:10F830000D4913680C800D4901331360088010BD19
:10F84000000000000000000018B00120FCBB0120F7
:10F85000D8900120D8950120202B00208AC10320B8
:10F8600089C10320E06A0320F4870320F283032088
:10F8700008B5012200211848E4F7F4FB0122002119
:10F880001648E4F7EFFB012200211548E4F7EAFBF4
:10F890004FF0980C4FF0780E124B134901220B6079
:10F8A0001248A3F842C4A3F802E0A3F8E2C1002181
:10F8B000E4F7D8FB012200210D48E4F7D3FB4FF415
:10F8C00080724FF0FF310B4802F002FD4FF4E0620E
:10F8D000094B1A8008BD00BFFCBB0120D4BB01202E
:10F8E000ECBB012000F40720D8790320DCBB012009
:10F8F000E4BB0120F6870320009703202DE9F043A5
:10F90000474C484D22682B689A4272DB464B1A6876
:10F91000002A54D04FF0FF33B3FBF2F3434999422E
:10F92000A8BF1946002B8C464BDB414E414AB6F925
:10F930000010414B00291268186844DB4FF6FF782D
:10F940003E4F01EB41034FEA830E37F80E9007EB71
:10F950008303A6F8009027F80E8024682D68DC70D9
:10F96000374C9D702468374D14F0020F364C18BF89
:10F970004FF0000CA242A8BF22464FF6FF74B2F12E
:10F980007E4FB8BF4FF07E421C80304C95F900503E
:10F990006678247805F01F05DC725C686CF3170448
:10F9A0005C6006F0E0042C43DC71941066F3040400
:10F9B00092141C819A72BDE8F043FFF7C3BD4FF06B
:10F9C000FF3C00BEB1E7224FB7F90010B1F5E15F8F
:10F9D00011D04FF6FF7E194BA6F800E001EB41066F
:10F9E00023F826E0002903EB860301F101063E809F
:10F9F000B3DABDE8F0830346012200281549B8BFF9
:10FA000000F17F0300284FEAE313B8BF033051F839
:10FA10002340C0F384008240224341F82320E8E7DA
:10FA2000C8BC0120CCBC0120E46A0320FFFF0F000A
:10FA3000F2830320C0BC0120C4BC0120542F00204D
:10FA4000DC6A03204DC303207FFFFF0176A3032060
:10FA5000F4870320202B00202DE9F04FA64B86468B
:10FA60001A6887B0002A00F0CB804FF0FF33B3FB59
:10FA7000F2F3A2489842A8BF1846002BC0F2C280F9
:10FA80009F4AA04BB2F900401B68002C05930394D9
:10FA9000C0F2D2804FF6FF739B4F04EB440C37F952
:10FAA0002C6027F82C30168007EB8C0C974B984A6B
:10FAB0001B68157813F0020F18BF0020954BDFF874
:10FAC000649293F9003004939EF800308CF8023071
:10FAD0005378DCF804209EF8018060F317029CF84C
:10FAE0000800CCF8042063F304008CF80800049AA2
:10FAF00003F0E00302F01F0213438CF80730864B3B
:10FB00008CF803808CF80B50D3F800A09EF80230DC
:10FB1000BCF80820AAEB03434B45A8BF4B46B3F102
:10FB20007E4FB8BF4FF07E4302F01F02C3F3CA10EE
:10FB300042EA4012C3F387430129ACF808208CF84D
:10FB40000A3066DD0023754A01EB41017144B2F9C8
:10FB50000050CA1E4FF6FF7BCDE90032029332E01F
:10FB600037F923203446B046164627F823B007EB72
:10FB70008303012200929CE8070083E807000EF14E
:10FB8000030EACF800809EF8002019899A709EF848
:10FB9000012001F01F01DA709EF80220AAEB024258
:10FBA0004A45A8BF4A46B2F17E4FB8BF4FF07E42E9
:10FBB000C2F3CA1041EA4011C2F3874219819A7216
:10FBC000019A964553D06A1C04EB440C002E06EBB8
:10FBD000460305EB450107EB8C0C12B2C0DAB5F514
:10FBE000E15F4FD0002D27F821B007EB81030BDB3D
:10FBF000A8462C46154601224FF0FF360292B8E780
:10FC00004FF0FF3000BE3BE7444B1A803C4BA3F85B
:10FC100000B04FF6FF73ACF80030DDE90313002BA2
:10FC2000059804DB07B0BDE8F04FFFF78BBC07B0C9
:10FC3000BDE8F04FFFF792BB384CB4F90030B3F594
:10FC4000E15F039341D04FF6FF721E462E4F03EB48
:10FC5000430307EB830C27F82320294B751C002E48
:10FC600025801A8034460ADA07B0BDE8F08F029A80
:10FC70000AB12A4A1580224A9C461680C9E74FF0ED
:10FC8000FF3613E7029B0BB1244B1D80009B0BB189
:10FC90001B4B1E80059B0598002B1A46B8BF03F12D
:10FCA0007F0203460028B8BFC31CC3F384000123AE
:10FCB0001B49D211834051F8220004EB440C03434A
:10FCC00007EB8C0C41F82230A3E7059A0598134600
:10FCD000002AB8BF02F17F030122114900284FEA30
:10FCE000E313B8BF033051F82340C0F384008240CF
:10FCF000224341F82320B7E7E46A0320FFFF0F0007
:10FD0000F2830320C4BC0120542F0020DC6A0320AE
:10FD100076A303204DC30320C0BC0120F487032039
:10FD2000202B00207FFFFF012DE9F041384C079E7A
:10FD3000B4F900C0BCF1000F3BDB4FF6FF77354D47
:10FD40000CEB4C034FEA830E35F80E8005EB830372
:10FD5000A4F8008025F80E702F4C4FF0FF3E246869
:10FD60000CB1BEFBF4FE8A423ADBDA702B4A4FF646
:10FD7000FF7412681C8012F0020F4FF07F0218BF50
:10FD80004FF0000E9A725A68254C6EF317025A60B3
:10FD90002478C2F3076264F304021C89DA7164F008
:10FDA0001F0299701A81DE726146BDE8F041FFF7CB
:10FDB000C9BB1C4DB5F900C0BCF5E15F12D04FF6D0
:10FDC000FF7E144BA4F800E00CEB4C0423F824E075
:10FDD000BCF1000F03EB84030CF101042C80BBDAAF
:10FDE000BDE8F0810246012300280F49B8BF00F1A9
:10FDF0007F0200284FEAE212B8BF033051F82240D8
:10FE0000C0F384008340234341F82230E8E700BF79
:10FE1000F2830320542F0020E46A0320DC6A0320CD
:10FE20004DC30320F4870320202B00200A680368B9
:10FE30009A42B8BF0846704702680B689A42B8BF3A
:10FE4000084670472DE9F04FDDB0AC4B00EB4000A9
:10FE5000D3F8008000AF43007B6008EB400938F81E
:10FE6000103068465A00FB60D31DDB08A0EBC303CB
:10FE70009D46002668460C464FF0FF31FE63B86091
:10FE800002F026FA80239E4AB246C7E9103615686A
:10FE900013E0802947DC07F18C0107F14000FFF7F0
:10FEA000C5FF036807F1EC0107F144003B64FFF76D
:10FEB000C3FF0368601C7B643BD0924AC4F30E030B
:10FEC00003EB430302EB8301C8790A7ABE6800F0B2
:10FED000E00002F01F02024336F9120026F8124039
:10FEE000884C4A68264632F07F4208BF4FF4803281
:10FEF00034F9234026F8230088788B68C978401BA2
:10FF000002FB00F0491B02FB01F143F3521300EB2B
:10FF1000C310001401EBC3110914C7F88C000130A1
:10FF2000C7F8EC10B5DA8023601CC7F840A07B64EA
:10FF3000C3D1B9F8043008EB030299F803303A60F2
:10FF400002EB43037B63FB68002B00F09D810022E2
:10FF5000786B017801F07F03013309061A4442BF30
:10FF6000034603337B63FB685CBF013078639342D5
:10FF7000EED80023A7F89C30A7F8B430A7F8CC300F
:10FF8000A7F8E4307B6207E07B6B03337B63FB689D
:10FF90007A6A934240F27881796B786A0A78497874
:10FFA000431CD318FF29B8627B62EDD0BA6800F118
:10FFB0000043013B02EB43031A467B61034603E027
:10FFC000786A0133984203D932F9020F0130F7D031
:10FFD0007A6B01327A637A6A9A4200F03D814FF07F
:10FFE000000B4FF0020A4FF001095D467B6BC7F82A
:10FFF00010B010E0954206DC3B6CA342C0F2498190
:020000041002E8
:100000008B0600F146817B6B2546043334067B6307
:100010003ED47B6B19785E784A0648BF9D7806F01F
:100020007F0448BF013304F1010448BF7B630B0622
:100030007C657A6C2C44DDD5954223DC3B6CA34275
:1000400001DB88061ED511F0100F0CBFFE21FF2129
:10005000531C3A6907F1640002EB82025B1B855472
:100060008518A970796B07F1EC008A7807F15401C3
:10007000C7F8EC302A71FFF7D9FE3A69531C3B618F
:1000800003686B707B6B2546033334067B63C0D5F6
:100090004FF0000ADFF87080DFF870902BFA0AF456
:1000A00014F001041CD00AEB4A0307F5B87202EB06
:1000B000C30353F8DC5C33F8D46C002D00F0998353
:1000C00039F81A3008EB0A24B34205D028462146F5
:1000D00002F07EFB29F81A6007F1540343F82A4026
:1000E0000AF1010ABAF1040FD8D13B6907F16402A1
:1000F00003EB8303D3183B6211E000BF5C80032055
:100100008CB10120542F002072BD0320F8960320EB
:10011000BB6A7A6A01339A42BB627FF638AF7B6969
:1001200033F9022F3A6301327B61F1D03B69002B36
:1001300022DD07F1640898F80250FD2D40F2F980A5
:10014000FE2D98F8013000F0A78283B198F80410D2
:1001500098F8002007F1EC001A440B4403440244D1
:10016000014413F8010D8B4202F8010DF9D13B6AED
:1001700008F105089845DED1B04B7A681B68134436
:100180009B78802B0CD007F1400203F59873134441
:1001900097F8EC2087F86B2113F8852C03F8842C52
:1001A000A74BA84AA84E93F9003015683268002B77
:1001B00040F0D2824FF4A07C3B6BA44AC3F30E0004
:1001C00000EB400002EB800E9EF80280DEF8041087
:1001D00042466446624331F07F4108BF4FF48031AC
:1001E000DB099B4C03F480731344DEF80820246879
:1001F00042F35212D201A8EB040401FB04249EF83E
:100200000B2013449EF807209EF803E02B44AEEB2E
:10021000080E02F01F08326802EB0822C4F30648F9
:1002200008F5987807F14009C84418F8848C0EF155
:10023000FF3E12F80880BEF1FF3F83F800800C44B7
:1002400003F5A073EAD1814B33F920303B630133CE
:10025000B2D15DE77B6B1978786B11F0800FC1F339
:10026000801303F1030108BF014642780BBF04333A
:100270004018C918786308BF79631306EAD5FB688C
:100280007A6A93423FF688AE07F5BA77BD46BDE875
:10029000F08F01F00F011AFB0193386810F811007C
:1002A0003968CB5C40EA0320B7F89C30834200F009
:1002B000B182B7F8B430984200F0B082B7F8CC30D1
:1002C000984200F0AF82B7F8E430834200F09E829B
:1002D000604B07F18C0153F82B804246FDF7F6FC8A
:1002E0007C6D7A6C09FA08F32C445FFA88F84BEAC3
:1002F000030B531C3A6907F1640102EB82028D542F
:100300005B1B8D18796B85F802808A78B86A121A9F
:10031000EA70CA7807F1EC0007F15401C7F8EC3035
:100320002A71FFF783FD3A69531C3B6103686B70C8
:1003300069E6BA6A98F8033007F5B871134405EB1B
:10034000450201EBC20252F8E02CDBB232F8133066
:1003500007F1540151F82560190AFF2904BFDBB2E7
:1003600032F813306A0007F5B8712A4401EBC20273
:1003700052F8E41C6800B861087852F8D82C40079D
:1003800040F1B7801A44002307F148040A44C4E945
:10039000002323726A0007F5B8712A4401EBC202F8
:1003A00098F8001007F1EC004118F96112F9CF1C20
:1003B00098F804000029B863C0F2AD8068B34FF02C
:1003C000000952F8DCBC09E05B1A2372BB6B09F12F
:1003D0000109CA40994562601FD0237A072B7ED954
:1003E0006268D0B2315C0029EED1083B23721A4B0F
:1003F000120A185C62600BF1260A41002046FDF7E4
:10040000C1FA3AF8042C084390420AF1040AF4D2E3
:10041000BB6B09F101099945DFD198F80130002B38
:100420003FF4A5AEBA69D7F81C902A4415464B4450
:1004300007F5B87202EBC505BB6326E05C800320BC
:1004400040C4032018B00120A8BB0120542F002075
:100450008CB1012078BF03104C280210D21A2272EE
:100460003BF823202CFA03FCC3F1080300FA03F342
:10047000B848DBB2C35CC4F804C09B1ACB5C09F873
:10048000013BBB6B99453FF472AE227A55F8DCBC58
:10049000072A29D9D4F804C0BBF800105FFA8CF001
:1004A000335C0BEB4101002BD8D14FEA1C23636076
:1004B000A84B083A1B5C22720BF1220B01E00BF1F6
:1004C000040B20464FEA430AFDF75CFABBF800C074
:1004D00040EA0A036345F2D2BBF80220CDE720468A
:1004E000FDF762FA237A7BE72046FDF75DFA227A70
:1004F000D0E702EBD30203F0070C8818CCF1080315
:1005000007F148040130DBB2206023728A5C42FAB2
:100510000CF262603EE7002854D04FF0000952F818
:10052000DCBC20E01B1A2372C240C0F108036260E9
:100530000CFA03F3874ADBB2D35C3BF820209B1A0A
:1005400031F81320FF2AD3B288BFFA6B09F10109F1
:1005500084BF033A53FA82F3BA6B88BFDBB291458A
:1005600031D0FB63237A072B27D96268BBF80010D0
:100570005FFA82FC16F80C000BEB4101F9620028CF
:10058000D0D1083B2372734B120A13F80C3062600F
:100590000BF1220100E0043120464FEA430AFDF747
:1005A000F1F9B1F800C040EA0A036345F3D24A8882
:1005B0009B1AFA6A32F81320C4E72046FDF7F4F9D3
:1005C000237AD2E7FB6B98F80120002A00F009811A
:1005D000B969FB632944FD6907F5B87303EBC109E9
:1005E000AB18227A59F8DCBC072ABB632AD9D4F8A5
:1005F00004C0BBF800105FFA8CF0335C0BEB4101D8
:1006000083B3D21A22723BF823202CFA03FCC3F1E5
:10061000080300FA03F34F48DBB2C35CC4F804C01C
:100620009B1A31F81320FF2AD3B210D8BA6B05F801
:10063000013B9542FB633FF49AAD227A59F8DCBC4A
:10064000072AD4D82046FDF7AFF9227ACFE7FA6B14
:10065000033A1344DBB205F8013BFB63BB6BAB42CF
:10066000EBD184E54FEA1C2363603A4B083A1B5CEC
:1006700022720BF1220B01E00BF1040B20464FEA32
:10068000430AFDF77FF9BBF800C040EA0A0363455F
:10069000F2D2BBF80220C3E7002B3FF468AD581E2E
:1006A000052898F8042098F8001003D9481E801AED
:1006B000022812D807F1EC00134401440244181830
:1006C00012F8013B824201F8013BF9D13B6A08F183
:1006D000050898457FF42FAD4EE507F1EC0008447E
:1006E00007F1EC0403F0FC06144400EB060C54F88C
:1006F000045B40F8045B6045F9D19E423FF437AD9E
:1007000007F1400002F59872024401F59871014426
:10071000901910F8844C881900F8844C701C984289
:10072000BFF625AD141814F8844C023608449E42D6
:1007300000F8844CBFF61BAD324412F8843C3144BF
:1007400001F8843C3B6A08F1050898457FF4F3AC56
:1007500012E500BF4C2802104FF4A07C02EB0322EC
:100760003B6BC3F30E01DE09304B01EB410103EBA0
:100770008104636894F802E0BB63704663465843A3
:10078000BB6B06F4807633F07F4808BF4FF48038A7
:10079000274B0644A0681B6840F35210C001AEEB23
:1007A000030308FB0303E07A3044E6782844A6EB11
:1007B0000E06C3F3064404F5987407F1400E744422
:1007C00014F8844C013E145D43440470741C00F51D
:1007D000A070EED1154B33F921303B630133BFD10B
:1007E00096E4FB633B6A08F1050898457FF4A3ACE7
:1007F000C2E45246304607F18C01FDF767FA1BF060
:10080000010FAA467FF44FACA24647E44FF003081D
:1008100008236CE54FF00008012368E54FF001085C
:10082000022364E54FF00208042360E5542F002002
:100830008CB101202DE9F04F83B0DFF8C89000AFF4
:1008400099F80030002848D1002B42D004462B4DA7
:100850002B4E35F9021B481C07D036F9140000282E
:1008600003DDFFF7EFFA99F800300134A342F0DC22
:10087000ADF5427DEB4663B300240BF202224FF04C
:100880005048A2461D4E1E4D7A6004E00134A3423A
:1008900005F102051DDD36F9021B4A1CF6D0EFF307
:1008A000108C72B6D8F83C31002BFBD0BFF35F8FB1
:1008B000B5F90000002813DBBFF35F8FC8F83CA137
:1008C0008CF3108899F800300134A34205F1020539
:1008D000E1DC0C37BD46BDE8F08FDFF82CB0CAE78D
:1008E000A5F800A0BFF35F8FC8F83CA18CF3108877
:1008F0005A467B684042FDF705FFE3E70297032075
:1009000080A3032012CD0320D89501200A68036834
:100910009A4238BF084670472DE9F04F00264FF63F
:10092000FF7705469D4B91B0984600939C4CA3F2EF
:100930007E230C9338F9029FA8F8007009E009EBB8
:1009400049034946304634F9239024F82370FEF7D2
:1009500005FDB9F1000FF2DA924B01369845E9D165
:10096000914E01E0E1F76CFF304601F045FF0028B1
:10097000F8D08D4801F03CFF8C4B1F788C4B1A78D7
:100980008C4B197857EA02030B911ED18A4B8B4A84
:1009900009930D921B781278002900F067831AB929
:1009A000099A83F0010313704FF45242844902FB09
:1009B00003131A460393834B08911A600A93824BE0
:1009C0000F93824B06931A601BE04FF452407A4B10
:1009D0007B4E09931B78089600FB0366794979489A
:1009E0000A91066078490B980F910396002800F051
:1009F0004781764B06931E60002A40F0A9836F4B17
:100A00000D93734B0793734B0F9DDFF8FC91059388
:100A100071490FA8FFF77AFF704903680A68A3F5C8
:100A20008053934209D00B604FF0FF316C4A116044
:100A300051609160D160116191826A4A1B1BB2F9C9
:100A40000020654902EB4202B3EB820248BF02F686
:100A5000FF7212130132002A0D6040F3AF82D5B24B
:100A600099F800309A4205DD5D48FF21D21A1844FA
:100A700001F02EFC0B9B89F80050002B40F03682D1
:100A80009C46DFF8889159F8046B002E40F00582EF
:100A90000CF1800CBCF5C07FF5D10C9B4FF0000A27
:100AA00004934FF0FF33DFF8689101930122049B18
:100AB0000AF00707984602FA07F733F9022BFFB24C
:100AC00004934FEAEA030293002A0FDB02EB420E83
:100AD00004EB8E008368520043F352134B4500F041
:100AE000FC8034F92E208046002AEFDA0AF1010A50
:100AF000BAF5A07FDAD13C4B019A3C481A8001F04C
:100B00007FFE4FF480724FF0FF31394801F0E0FB77
:100B10004FF0000E0C9BDFF8FC80354D03F27E2970
:100B200038F9023F002B18DB4FEA2E27FF033FB2B4
:100B30005FFA8EFC03EB430204EB8200C17A47EAC2
:100B4000030634F9223080F80BC035F91100002B70
:100B500025F8116024F82200ECDAC8450EF1010EE8
:100B6000DED1244801F04CFE0020FFF763FE22484E
:100B700001F046FE214801F03BFE4FF0000EF44626
:100B80000A9BDFF894901E4D1E4FD3F80080009B07
:100B9000D9F8006033F9020F009341E05693012029
:100BA000542F0020D695012004BD01202BC6032020
:100BB0001ED303202FC6032088C103208DC103202C
:100BC000BCBE012018B00120D4900120E02B0020F1
:100BD0000DCD0320D87903200C2B0020D4900120C8
:100BE00072C10320F487032074A30320DCBB01201F
:100BF00002970320E4BB0120D4BB0120ECBB012001
:100C000004C60320B4BF031071BD0320202B0020B5
:100C1000FFFF0300D6900120A8BB012034F920007B
:100C20000028C0F2888000EB400004EB800293783B
:100C3000D178002B08BF0123A629A8BFA62199427D
:100C4000ECDBC91A03EB83030EEB8313013143443E
:100C500001EB810195F9002003EB811137F9122096
:100C60009A5C324492F800261A702A7803F5A07331
:100C7000013252B2322A2AD099422A70EED1CDE7FF
:100C80009E490D910978B9B1002F00F097829C4AD6
:100C90000146107004229B489B4E02709B4A0790AD
:100CA00011703180002D40F0FE840A9B984A1B6829
:100CB000069203931360A6E6052A00F22983DFE873
:100CC00012F0EB0434038A03200363034D038B42C9
:100CD00085F800C0A2D00022C0E728210D4690F878
:100CE00002C00299C37815FB0C158A4963450D446F
:100CF00013D3002303990CEB8C060AEB861690F8AD
:100D00000BB00E4406F833B0E95C0CF1010C39432A
:100D1000E954C17828338C45F4DD34F92E30A8F835
:100D20000030531C24F82E30019BC38013B2019372
:100D3000B8F90020C8E6009B774A0EF1010E9342F5
:100D40007FF425AFDFF720FE744B1B78022B00F0F9
:100D500007814FF41872059B714C1868237802FBC9
:100D600003F303F5F0731844E0F70EFA0B9B002B26
:100D700052D10D9A1370694B1B78012B00F0A6819C
:100D8000032B00F09381002B00F05781654D4FF04D
:100D9000FF30FAF797FD644B1B78002B2FD0584B90
:100DA0001A782B7813435D4A1278134304D15F4BB2
:100DB0001B68002B40F09D83ECF740F82B78099AD4
:100DC000012B08BF0223117808BF2B70079A584BDC
:100DD0001278197023785749042A0B7083F00103A5
:100DE000237006D14D4B1B78022B1EBF0022524BA5
:100DF0001A60524801F004FD11B0BDE8F08F2B7865
:100E0000002BD9D1079B1B78032B00F04F833C4B61
:100E10001A78424B1B78C8E70D990B7833B9042236
:100E20000798027001220A70454A13603B4B1B78F9
:100E3000002B00F06382434B1B7803F07F03013BE0
:100E4000DBB2022BA2D8404A52F823003C4B1A686E
:100E500090421DBF186000232B4E2B4E18BF3380CD
:100E6000E0F7A2FDB6F90050002D00F03482012D0C
:100E70008CD14FF45243099A1178089A81F00101FC
:100E800003FB012101F52A41FDF7C6FE02230022E2
:100E900033802E4B1A602E4B2EE2C82201270021F0
:100EA0002C4B0D4693F800E02B4B12FB0EC293F82F
:100EB0000080039B08EB0700A0EB0E0000EB800016
:100EC00000011A4405E00131202902F104023FF437
:100ED000DFAD07FA01F33342F5D0C645F3D800235E
:100EE00042F8235050338342FAD1ECE74FF4A0622A
:100EF0004FF0FF31194801F0EBF9CEE58DC1032029
:100F00001ED303200DCD0320F083032070BB0320EC
:100F1000E02B0020D8950120D69501202BC6032078
:100F20008BC1032078CD03208FC10320D062032022
:100F30000BCD03200CCD0320706A0320986E032094
:100F40001CB001202FC603206CBF0310FC710320CE
:100F5000102B00208AC1032089C10320D8900120D2
:100F6000A8254FF45244059F804E3868E0F70CF9ED
:100F7000E9F716F9E0F7B6FC38683570E0F70EF9D6
:100F8000099B089A1B78069983F0010304FB03234D
:100F9000A3F520530B60E0F7A5FCC8233370744E13
:100FA00038683570E0F7FAF800233370099B089A27
:100FB0001B78069904FB03230B60CAE64FF0000C74
:100FC0000C9960468E466B4A01F5A068A2FB03238C
:100FD000DE0877463EF9022B002A23DB02EB4201B2
:100FE000964204EB810324DCBCF5A07F15DA9D78E2
:100FF00093F803A0039A05EB85030CEB83131344CA
:10100000BAEB050209D4013202EB820203EB821231
:10101000187003F5A0739342FAD134F92120002A05
:101020003A80DBDAC6450CF1010CD2D101252A4603
:1010300016E51F4634F92120CEE74F4B1B78002BD5
:101040007FF4A4AE4D4B1B78002B40F04F824C4DEB
:1010500000202978B1FA81F14909FBF7A1F80323AF
:10106000002207990B70474B1A8090E6099983F08C
:1010700001030B704FF45241434801FB0303434902
:1010800008900B60424B0A910F93002A40F0968023
:10109000002D00F0F9823F4BDFF8189106933E4B8C
:1010A000DFF8148105933D4B07939EE0324B1B788C
:1010B000002B7FF46BAE3A4E3378002B00F0C782E2
:1010C000384B304E1868E0F76FFCCBE62A4B1B78A4
:1010D000002B40F03481344D2B78012B40F2A88254
:1010E000274D2B78002B40F02F81FCF749F82B7807
:1010F000002B3FF44CAE4FF0A8084FF45246E0F7F7
:10110000F1FB059B194F186887F80080E0F746F857
:10111000099A08991378069883F0010306FB0313D4
:10112000A3F520530360E0F7DDFBC8233B70059B6C
:101130000F4F186887F80080E0F730F80023099A0D
:1011400008993B701378069806FB031303601EE6AC
:10115000164BDFF860900D930F4BA1F58058059367
:101160000E4B0793124DCDF83C8051E464180020DB
:101170007BD20320ABAAAAAA1ED30320A1C10320BD
:1011800078CD0320F0830320BCBE012018B00120DD
:10119000D4900120E02B0020D87903200DCD03202E
:1011A0008CC10320D46A032070BB03208DC10320AF
:1011B000D480012071BD032072C1032003220023CB
:1011C000A749A84E0A70A84A07911370A74A33800E
:1011D0001370002D3FF469ADA54BDFF8C092069364
:1011E000A44BDFF8BC8205930B461B78032B00F061
:1011F00004824FF480724FF0FF319F4801F068F88D
:1012000000229E4B87271A700C9A9D4B16461F7022
:1012100002F5207C354636F9023B002B10DB03EB50
:10122000430304EB83029178D078872934F9233083
:1012300000F2AC81872888BFD770002B1546EEDA04
:101240006645E7D14FF0FF3305220799C8F8003013
:10125000C8F80430C8F80830C8F80C30C8F81030A6
:10126000A8F81430DFF83C82864D874E0A7008F5E6
:1012700020704FF4A0720021C5F80080306001F0AA
:1012800027F84FF6FA73002740F27E2BDFF818A2FA
:10129000A8F8003005E000235F45ACF8003000F00E
:1012A0007781EBF73BFF03462A68D15B023702EBFD
:1012B000070C8AFB0302A2EBE37202EB42029B1AC9
:1012C000013B0B441BB2002BE5DC13F10C0F08BFF4
:1012D0006FF00A03E0E704234FF45241079A1370BA
:1012E000099B089A1B7801FB0321FDF7DFFD012311
:1012F000664A33801360664B1D6047E5FAF712FFBC
:1013000099E5644B1B78402B15D90423564A13707A
:10131000574B039A06931A60564BDFF8809105935A
:101320004F4BDFF8808107931CE75A4B1B78202B2B
:1013300001D90223EAE74E4B32460693EBE7564DBE
:101340002B78002B3FF423AD059B1868DFF71CFFBB
:10135000454B1B78002B7FF4CAAEC6E64D4B1B787D
:10136000C72BD5D9002F14BF0422032200233C49E8
:101370000A703D4A079113703C4A13703C4B039A24
:1013800006931A60FFF73FBB4FF4524283F001030C
:1013900002FB03F5002F00F02782089B05F52A4584
:1013A000022F03EB050800F09082032F00F0648207
:1013B000012F00F03382DFF8E4900A9B1B6803934F
:1013C0002B4B06932B4B0593069B039A1A60052320
:1013D000254A1370A4E74FF480724FF0FF3126487E
:1013E00000F076FF4FF0880E0C9A4FF0A70C1646CF
:1013F000224B02F5207883F800E0214B83F800C0EF
:10140000354636F9023B002B16DB03EB430304EBB6
:101410008302D17887291FDD9078A7281CDC8728D4
:10142000D8BF82F802E0A729C8BF82F803C034F908
:1014300023301546002BE8DA4645E1D1002F63D171
:101440000C4BDFF8589005930323074A1370084BA1
:10145000039A06931A6063E734F923302B80D2E7AE
:101460000DCD0320F08303201ED3032070BB032087
:10147000E02B0020D8790320029703208AC10320A3
:1014800089C10320708003206C800320102B002072
:10149000FC7103201DD3032078CD032071BD0320F0
:1014A00072C10320D480012056555555A94B1B7895
:1014B000002B7FF481AC059B1868DFF765FEA64B17
:1014C0002A781868A54B1978A54B1B7828B10A43D0
:1014D0001343A04A1278134313D0EBF7AFFCE0F7A5
:1014E00001FA059B1868DFF759FE67E4E8F788F80A
:1014F000ADE5984B1B78002B7FF45EACEAF70CFD52
:101500005AE4EAF709FDE8E7039B022F03F52A45B1
:1015100000F0CD81032F2BD0012F07D0DFF8709280
:101520000A9B1B6803938F4B05938DE78E4BB3F992
:101530000000002840F0D681DFF85492894F8B4E8E
:1015400038680597DFF720FEFBF71AFEE0F7CAF9C7
:10155000A8238822864D38682B703270DFF71EFE74
:1015600000233370C8232B700A9B1B6803936BE71F
:10157000804B1868E0F718FA002840F0B381DFF8D4
:101580001092774B1B78012BCAD1D7E72B8044E60A
:101590004FF45245099B32681B78774E02F5A077CD
:1015A00083F001013760089EC91A05FB01F105FBB4
:1015B0000363002002F59E72A3F5205301F520512C
:1015C00004E042F8045F013003F5A073A72801EBA3
:1015D0000305F6DD0130C82842F8043F03F5A07387
:1015E000F4D101235D4A13700022644B1A700A9BE8
:1015F000069A1B6803931360B4E5059E099B306847
:101600001D78DFF7C1FD0020FAF7A0F94FF452432F
:10161000089A03FB0523069DA3F520532B60E0F7F2
:1016200061F93068DFF7BAFD0A9B1B682B60E0E5C3
:1016300073D00B9B01332B70514D2B78002B7FF413
:1016400083AE464B1B78002B7FF4A1AB4DE5059F85
:10165000099B38681D78DFF797FD0B98FAF776F944
:101660004FF45243089A03FB0523069DA3F520532C
:101670002B60E0F737F93868DFF790FD012333700E
:101680000A9B1B682B601BE50A9B3E4A1B6806925F
:1016900003931360FFF7B5B9002DF5D0002F3FF489
:1016A000FAAC394A0792099A83F0010313704FF498
:1016B00052420899022F02FB0315344B1D60314B37
:1016C00006931D6000F08480032F65D0012F78D130
:1016D000254BB3F90000002863D1DFF8B490DFF8A0
:1016E000B480204B002718680593DFF74DFDFBF70A
:1016F00047FDE0F7F7F888231D4D1C4E2B70059B26
:1017000037701868DFF74AFDC8232B700A9B069ACA
:101710001B6837701360079B67E5134FB7F900002C
:10172000002887D04FF45246099B089A197806FB87
:101730000121FDF7BBFB099B089A1978B7F9000056
:1017400081F0010106FB012101F52A41FDF764FA50
:101750002B786FE72FC60320D06203201ED303200F
:101760002BC60320D879032068BA03207BD203203C
:1017700064180020D46A0320688003201DD303204E
:1017800078CD0320E02B00200DCD032018B00120E0
:1017900071BD032072C10320974B1868E0F704F96C
:1017A00020B12B4688220021FDF76EFCDFF88092E5
:1017B000DFF87882914B1B78012B92D0904B0593E8
:1017C000A9E78F4BDFF86892DFF860820593A2E704
:1017D0008C4B1F78002F5DD0012FF2D1E8F7BAFCB7
:1017E0000028DBD18848D9E7854EDFF8449230687D
:1017F0000596DFF7C9FC0120FAF7A8F80899834A93
:10180000A5F520530B4413600692E0F76BF830689F
:10181000DFF7C4FC7E4B1B680393D5E57D4BB3F922
:101820000000002840F09180DFF80492744BC82734
:1018300018680593DFF7A8FCFBF7A2FC4FF45242AF
:10184000099872490378089883F0010302FB0303A7
:10185000A3F520530B600691E0F744F8A8236E4DE2
:101860006E4E2B70059B37701868DFF797FC0023CE
:1018700037702B700A9BCEE75F4B1868E0F794F83F
:10188000002862D1DFF8A8915C4B1B78012B7FF414
:1018900094ADCBE7624B1868E0F786F8064638BB94
:1018A000564BDFF88C911B78DFF8808184E7554B2D
:1018B0001E78002E4FD0012E7FF4C2ADE8F74AFC0F
:1018C00000287FF457AE504854E64E4B1E78002E49
:1018D0005BD0012E4AD04D4BDFF854910693484B14
:1018E000059371E52B46A8228821FDF7CDFB46E63E
:1018F000DFF83C91DFF8348199F80020002A3BD0D2
:101900004146484B1B68A3EB023211F8010B86429B
:1019100008BF1F46A3F580539342F6D167B3002357
:101920002846002203F03F0602F03F0107EB811139
:10193000895D0132B2F5A07F00F8011BF4D10133BB
:10194000882B05F5A075EBD134E74346C822A821C2
:10195000FDF79AFB96E7324B1868E0F725F8074643
:10196000F8B9264BDFF8C8901B780CE6E8F7F2FBD5
:10197000002883D1244881E72B4B0020B3F90010C5
:10198000711AFCF753FB0746C9E7254B1868E0F7C7
:101990000BF8054600284DD1184BDFF894901B78C2
:1019A00074E7DFF88C9099F8001000296CD033466A
:1019B0001C4A1E481268A2EB013110F8016BB742B5
:1019C00008BF1346A2F580528A42F6D1002B5BD0A5
:1019D00008222E46002101F03F0003EB8010805CBE
:1019E0000131B1F5A07F06F8010BF4D10132282AAC
:1019F00005F5A075EDD1C4E5D46A03202BC60320FC
:101A0000D87903203FC4032088270310E02B00204F
:101A100018B0012068BA03207BD20320641800208C
:101A20009CBE0120D49001207CA3032072C103201E
:101A300071BD0320DFF8809099F800206AB31B4B3A
:101A40001B491B68A3EB023211F8010B854208BF4A
:101A50001E46A3F580539342F6D1F6B1A823404623
:101A6000002203F03F0502F03F0106EB8111495DC2
:101A70000132B2F5A07F00F8011BF4D10133C82B6D
:101A800008F5A078EBD1FFE60A4B0020B3F900106F
:101A9000791AFCF7CBFA03469AE7064B0020B3F914
:101AA0000010691AFCF7C2FA0646D7E7D490012065
:101AB00072C103207CA3032071BD03202DE9F04FE8
:101AC000474885B000F094FE4FF05045454E012147
:101AD000304600F089FE0446C8B92B68002B00F0A0
:101AE000CF81012240490B780A70DCB2E0F7A8FEF2
:101AF0002B68002BEBD0003C18BF01243A4B01218E
:101B000030461C7000F070FE04460028E5D001222B
:101B1000364B37491C68B1F900300393324B1A70C9
:101B2000002C00F05E81334E4FF0FF31A41BE31018
:101B30001D4603FA02F23048029300F0C9FB4FF44D
:101B400080724FF0FF312D4800F0C2FB2A464FF063
:101B5000FF312B4800F0BCFB002C20DD294B28482E
:101B60001D68264C0023284F063609E0BA56AA5CA9
:101B7000A15CA354029A01339A4200F8011B0EDDC6
:101B800016F833106A1892F82120FF2AEED1625C11
:101B9000635400F8012B029A01339A42F0DC4FF0B3
:101BA00050431A491A4AC3F8EC10C3F8F020194BF5
:101BB0001B68002B40F315810023174E039D174F20
:101BC0000193174B4FF0000C1968019BDFF8288038
:101BD00003EB830301EB83110846A6F1280E2AE0EC
:101BE000FCBB0120DCBB012032C60320406903207E
:101BF00074A303208C73032062B903206FBA0320FF
:101C000041C40320508003207CD20320C42C040054
:101C10001A1401005C73032000960120542F002049
:101C200018B001200EF1010ECCF1080CB64560444D
:101C3000944600F0C6809EF80020002AF2D022FAD6
:101C40000CF313F0010F634608D1013322FA03F4B9
:101C5000E407FAD5A0EB0C0C0CEB0300072B04787F
:101C6000A0EB010900F23581072B00F1010B03F114
:101C7000010C00F0338190F801A0A24540F01381DF
:101C800022FA0CFA1AF0010F00F00D81062B00F178
:101C9000020B03F1020C00F0218190F802A0A24592
:101CA00040F0018122FA0CFA1AF0010F00F0FB80DB
:101CB000052B00F1030B03F1030C00F00F8190F8EA
:101CC00003A0A24540F0EF8022FA0CFA1AF0010FAF
:101CD00000F0E980042B00F1040B03F1040C00F088
:101CE000FD8090F804A0A24540F0DD8022FA0CFAB5
:101CF0001AF0010F00F0D780032B00F1050B03F160
:101D0000050C00F0EB8090F805A0A24540F0CB80D8
:101D100022FA0CFA1AF0010F00F0C580022B00F134
:101D2000060B03F1060C00F0D98090F806A0A2453E
:101D300040F0B98022FA0CFA1AF0010F00F0B380DB
:101D400000F1070C002B40F03881C379A34240F02A
:101D50001481D30918BF083000F00F819EF80130BC
:101D60000EF1010EFF2B00F0C180B645C0F0C78018
:101D70006B1C4FF0000C00F0A180019A05EB450AA6
:101D800007EB4A035A715A88B64569F30B025A8029
:101D9000DA78A0EB010909F00F0B02F00F0242EA1A
:101DA0000B12C9F30719DA7083F8049037F91A3067
:101DB00038F8142028F8145027F81A201D467FF40C
:101DC0003AAF954B019A1B6801329A42019206F193
:101DD0002806FFF6F6AE039BAB4202D00298FCF752
:101DE000A1FA00234FF050458C4A8D4E137001210B
:101DF000304600F0F9FC0446C0B92B68002B4CD0EB
:101E0000012286490B780A70DCB2E0F719FD2B68D5
:101E1000002BECD0003C18BF0124804B0121304640
:101E20001C7000F0E1FC04460028E6D00120FEF71B
:101E300001FD4FF050457B4E0121304600F0D4FCAF
:101E40000446B8B92B6813B3012274490B780A70A1
:101E5000DCB2E0F7F5FC2B68002BEDD0003C18BF9E
:101E600001246E4B012130461C7000F0BDFC04467D
:101E70000028E7D06C4805B0BDE8F04F00F0C0BCCA
:101E8000E0F7DEFC2B68002B7FF438AE1FE6E0F7AE
:101E9000D7FC2B68002BE4D1CEE7E0F7D1FC2B6810
:101EA000002BBAD1A3E75846012303FA0CF35B4297
:101EB00013408EF800306B1C7FF45FAF0298FCF784
:101EC00031FA29464FF48072584800F001FA039D18
:101ED00077E7082B3FF442AF9C46E5E79EF80130D8
:101EE0005846FF2B0EF1010E7FF43FAF0278A2425D
:101EF00047D0B645BFF43CAF4FF0000CD9E70278AD
:101F00009EF80030A242F7D113F0010CD1D04278F4
:101F100000F1010CA24252D19A0750D5827800F10B
:101F2000020CA24251D15A074FD5C27800F1030CDE
:101F3000A24250D11A074ED5027900F1040CA242F8
:101F40004FD1DA064DD5427900F1050CA2424ED1AF
:101F50009A064CD5827900F1060CA2424DD15A0660
:101F60004BD5C27900F1070CA2424CD1DB0950D00D
:101F700000234FF0080C08309BE760464FF0070C39
:101F800092E704EB042CB6450CEB0C4CBFF4F0AE1E
:101F90007246964612F8013BFF2B7FF4E6AE0368CB
:101FA0009C457FF4E2AE43689C457FF4DEAEB242CE
:101FB00000F10800EDD1B646D7E66046CEE66046B1
:101FC00003F0FE034FF0010C73E7604603F0FC03DF
:101FD0004FF0020C6DE7604603F0F8034FF0030C7E
:101FE00067E7604603F0F0034FF0040C61E76046DA
:101FF00003F0E0034FF0050C5BE7604603F0C0031D
:102000004FF0060C55E7604603F080034FF0070CD5
:102010004FE76046FAE700BF5C73032032C6032037
:10202000E4BB0120D4BB0120ECBB012062B903203A
:10203000F8B50020E1F728FE224D01E0E0F700FCB2
:10204000284600F0D9FB0028F8D0E1F72DFE044621
:102050000028F3D11C4D1B4800F0CAFB2B781B4A0B
:10206000032B137012D0022319482B70154C00F06B
:10207000C7FB01E0E0F7E4FB204600F0BDFB0028D1
:10208000F8D0BDE8F8400F4800F0B2BB114F124B3A
:1020900038681E78DFF778F82046F9F757FC4FF4D8
:1020A00052420E4B86F0010602FB06330C4C2360B5
:1020B000DFF718FC3868DFF771F80A4B1B682360FC
:1020C000D1E700BF04BD01200DCD03206FBB03206D
:1020D000986E0320D879032088C10320BC96012084
:1020E000E02B002018B0012008B5094A094B1278EE
:1020F00009481A7000F084FB0120E1F7C5FD01E0FA
:10210000E0F79EFBE1F7D0FD0028F9D108BD00BF44
:102110006FBB03200DCD0320986E0320034B044AB0
:102120001B689B1A03601046704700BF0C2B0020F1
:10213000542F002038B50B4B0124DB6A0A4D13F0F5
:10214000010F07D1094B00210948DC62E1F7E4FEE9
:10215000EC6238BD00224FF0FF301146EC62E2F72E
:102160000CFA00BF0000104000301040002010406A
:10217000400D0300032A30B415D941EA0004844617
:102180000B46A40704D0541E0FE0043A032A08D9D2
:102190001946604653F8044B5CF8045BA542F4D042
:1021A000F1E760461946541E7AB1431E01390219FF
:1021B00001E09A4209D013F8010F11F801CF6045F0
:1021C000F7D0A0EB0C0030BC7047002030BC70474B
:1021D00088420ED98B1883420BD900EB020C002ADF
:1021E0006ED0624613F801CD994202F801CDF9D1C3
:1021F00070470F2A0FD8034602F1FF3C002A5FD038
:102200000CF1010C013B8C4411F8012B614503F8E2
:10221000012FF9D1704740EA01039B0751D1A2F188
:10222000100301F1200C70B523F00F0501F1100E21
:1022300000F110041B09AC445EF8105C0EF1100EA6
:10224000103444F8205C5EF81C5C44F81C5C5EF8BA
:10225000185C44F8185C5EF8145CE64544F8145CBD
:10226000EAD1013312F00C0F02F00F0C01EB031155
:1022700000EB031329D0ACF1040C1C1F8E462CF08C
:1022800003064FEA9C0C1E445EF8045B44F8045FAE
:10229000B442F9D10CF1010402F0030203EB840310
:1022A00001EB840102F1FF3C4AB10CF1010C013B4E
:1022B0008C4411F8012B614503F8012FF9D170BD51
:1022C000704702F1FF3C03469AE76246EAE700BF27
:1022D00070B5860747D0541E002A3ED0CAB20346C6
:1022E00001E0013C39D303F8012B9D07F9D1032C00
:1022F0002CD9CDB20F2C05EB052505EB054535D9BD
:10230000A4F1100C03F1100E1A462CF00F064FEA40
:102310001C1CB644C2E90055C2E902551032724590
:10232000F8D10CF1010214F00C0F04F00F0C03EBC8
:10233000021213D0ACF1040323F00303043313445B
:1023400042F8045B9342FBD10CF003042CB1C9B2F8
:102350001C4403F8011BA342FBD170BD6446134625
:10236000002CF4D1F9E703461446C0E71A46A44608
:10237000E0E700BF40EA01039B0730B501D1032A23
:1023800017D8844601F1FF3E07E01EF8011F541ED6
:1023900003F8011B29B122469C466346002AF4D16A
:1023A00030BD002CFCD0944403F8011B6345FBD1E5
:1023B00030BD0C468446256821460434A5F101331E
:1023C00023EA050313F0803FDCD1043A4CF8045BA8
:1023D000032AF0D82146D5E780EA010C1CF0030F50
:1023E00037D110F0030C20F0030021F0030150F866
:1023F000042B08BF51F8043B0ED08CF0030C6FF097
:102400007F434FEACC0C23FA0CFC51F8043B42EA20
:102410000C0243EA0C0300BFA2F1013C9A4201BF47
:102420002CEA020C1CF0803F50F8042B51F8043BBE
:10243000F2D04FEA02604FEA1222012828BFB0EB27
:10244000036F08BF1B0AF4D003F0FF03000EC01A8D
:10245000704710F0030F0AD010F8012B11F8013B60
:10246000012A28BF9A42F4D0A2EB030070474DF82E
:10247000045D50F8042B01F0030521F0030151F82D
:10248000043B022D26D04DD822F07F45B5EB132F0B
:10249000A2F1013C2CEA020C0DD11CF0803C08BFDB
:1024A00051F8043B0AD185EA0205B5EB036F0CD164
:1024B00050F8042BE8E74FEA13235BE03CF07F4C35
:1024C00054D10B784FEA126554E04FEA126503F0DD
:1024D000FF034FE04FEA0245A2F1013C4FEA1545E8
:1024E0002CEA020CB5EB134F18D11CF0803C08BF4E
:1024F00051F8043B07D185EA0205B5EB034F09D13A
:1025000050F8042BE6E75FEA0C4C2FD10B884FEA1A
:1025100012452FE04FEA03434FEA12454FEA1343B7
:1025200028E000BF02F0FF05B5EB136FA2F1013CFC
:102530002CEA020C0DD11CF0803C08BF51F8043B82
:102540000AD185EA0205B5EB032F0AD150F8042B16
:10255000E8E74FEA13630DE012F0FF0F06D051F8E1
:10256000043B4FEA122523F07F4303E04FF00000C5
:1025700020BC704705F0FF0203F0FF00012828BFD0
:10258000904204BF2D0A1B0AF4D0A2EB000020BC2D
:10259000704700BF80EA0102844612F0030F4FD15A
:1025A00011F0030F32D14DF8044D11F0040F51F822
:1025B000043B0BD0A3F101329A4312F0803F04BFD9
:1025C0004CF8043B51F8043B16D100BF51F8044BC2
:1025D000A3F101329A4312F0803FA4F101320BD1F2
:1025E0004CF8043BA24312F0803F04BF51F8043B77
:1025F0004CF8044BEAD023460CF8013B13F0FF0FD4
:102600004FEA3323F8D15DF8044B704711F0010F06
:1026100006D011F8012B0CF8012B002A08BF7047D7
:1026200011F0020FBFD031F8022B12F0FF0F16BFCE
:102630002CF8022B8CF8002012F47F4FB3D1704796
:1026400011F8012B0CF8012B002AF9D1704700BFBB
:10265000844641EA000313F0030349D1403A23D3EF
:102660000B6803604B6843608B688360CB68C36012
:102670000B6903614B6943618B698361CB69C361FA
:102680000B6A03624B6A43628B6A8362CB6AC362E2
:102690000B6B03634B6B43638B6B8363CB6BC363CA
:1026A00040304031403ADBD230320BD30B6803600C
:1026B0004B6843608B688360CB68C3601030103117
:1026C000103AF3D20C3205D351F8043B40F8043BE6
:1026D000043AF9D2043208D0D2071CBF11F8013BEA
:1026E00000F8013B01D30B8803806046704700BFB0
:1026F000082A13D38B07B1D010F00303AED0C3F177
:102700000403D21ADB071CBF11F8013B00F8013BA0
:10271000A4D331F8023B20F8023B9FE7043AD9D317
:10272000013A11F8013B00F8013BF9D20B78037034
:102730004B7843708B7883706046704720F00301BC
:1027400010F00300C0F1000051F8043B00F1040C4C
:102750004FEACC0C6FF000021CBF22FA0CF21343BC
:102760004FF0010C4CEA0C2C4CEA0C4CA3EB0C0285
:1027700022EA030212EACC1204BF51F8043B0430EF
:10278000F4D0C2F1000102EA0102B2FA82F2C2F10F
:102790001F0200EBD2007047F8B500BF0000000038
:1027A0005FF800F0850100205FF800F0F5060820D2
:1027B0005FF800F0A11400205FF800F0B7090020D6
:1027C0005FF800F0011400205FF800F065030020BE
:1027D0005FF800F0110100205FF800F0830900208D
:1027E0005FF800F04D1300205FF800F06B08002048
:1027F0005FF800F0CF0700205FF800F0C907002065
:102800005FF800F09F080020E14700105D470010CE
:10281000894700102D480010C1470010C545001021
:102820000948001095450010C54000100D480010E3
:1028300015470010F5470010A5470010613F001034
:0C2840001902001045D2011035210210D1
:10284C00008040C020A060E0109050D030B070F0FC
:10285C00088848C828A868E8189858D838B878F86C
:10286C00048444C424A464E4149454D434B474F49C
:10287C000C8C4CCC2CAC6CEC1C9C5CDC3CBC7CFC0C
:10288C00028242C222A262E2129252D232B272F29C
:10289C000A8A4ACA2AAA6AEA1A9A5ADA3ABA7AFA0C
:1028AC00068646C626A666E6169656D636B676F63C
:1028BC000E8E4ECE2EAE6EEE1E9E5EDE3EBE7EFEAC
:1028CC00018141C121A161E1119151D131B171F16C
:1028DC00098949C929A969E9199959D939B979F9DC
:1028EC00058545C525A565E5159555D535B575F50C
:1028FC000D8D4DCD2DAD6DED1D9D5DDD3DBD7DFD7C
:10290C00038343C323A363E3139353D333B373F30B
:10291C000B8B4BCB2BAB6BEB1B9B5BDB3BBB7BFB7B
:10292C00078747C727A767E7179757D737B777F7AB
:10293C000F8F4FCF2FAF6FEF1F9F5FDF3FBF7FFF1B
:10294C00446F6F6D20494900706C75746F6E6961CE
:10295C002E7761640046696E616C20446F6F6D3A2E
:10296C0020506C75746F6E69612045787065726962
:10297C006D656E7400746E742E7761640046696EBA
:10298C00616C20446F6F6D3A20544E543A2045765A
:10299C00696C7574696F6E00646F6F6D2E7761640E
:1029AC0000446F6F6D2053686172657761726500CA
:1029BC0066726565646D2E77616400467265654468
:1029CC004D0066726565646F6F6D322E77616400C1
:1029DC0046726565646F6F6D3A205068617365204F
:1029EC00320066726565646F6F6D312E77616400BD
:1029FC0046726565646F6F6D3A205068617365202F
:102A0C0031005761726E696E673A205741442063FA
:102A1C006F6E7461696E732064656D6F2077697475
:102A2C00682061206E6F6E2D76616E696C6C612012
:102A3C00657874656E73696F6E20282573290A009A
:102A4C004D555358004D5553585F4C6F616452416E
:102A5C00572044617461207761736E277420636F13
:102A6C006D70726573736564204D5553582E006BF1
:102A7C0065795F6D756C74695F6D7367706C617986
:102A8C00657225690020636F756C646E2774206F06
:102A9C0070656E2025730A004E6F205758442061D4
:102AAC00742025700A003C686572653E00574858D2
:102ABC002061742030783130303438303030006F51
:102ACC007574206F66206D656D6F72790067656E29
:102ADC006D6964690053797374656D20636C6F6301
:102AEC006B206F66202575206B487A2063616E6EB3
:102AFC006F742062652065786163746C7920616302
:102B0C00686965766564004932532044494E7C49B6
:102B1C0032532042434B7C493253204C52434B009E
:102B2C007A6F6E65206D656D6F72793A2025702C09
:102B3C0020257820616C6C6F636174656420666F0E
:102B4C0072207A6F6E650A002043686F636F6C6148
:102B5C00746520446F6F6D20697320667265652003
:102B6C00736F6674776172652C20636F766572651E
:102B7C00642062792074686520474E552047656E45
:102B8C006572616C205075626C69630A204C6963D4
:102B9C00656E73652E2020546865726520697320FC
:102BAC004E4F2077617272616E74793B206E6F7438
:102BBC00206576656E20666F72204D455243484104
:102BCC004E544142494C495459206F722046495445
:102BDC004E4553530A20464F5220412050415254E7
:102BEC004943554C415220505552504F53452E207D
:102BFC00596F75206172652077656C636F6D652008
:102C0C00746F206368616E676520616E642064690F
:102C1C0073747269627574650A20636F7069657389
:102C2C0020756E646572206365727461696E2063D1
:102C3C006F6E646974696F6E732E205365652074B2
:102C4C00686520736F7572636520666F72206D6F97
:102C5C00726520696E666F726D6174696F6E2E009D
:102C6C005069636F417564696F3A20556E61626C8F
:102C7C006520746F206F70656E20617564696F20BC
:102C8C006465766963652E0A0064732573003132BE
:102C9C006D41204932530053534431333036204F69
:102CAC004C45442064726976657220493243206534
:102CBC0078616D706C6520666F7220746865205247
:102CCC006173706265727279205069205069636F0C
:102CDC00000A2A2A2A2050414E4943202A2A2A0A2D
:102CEC00006E6F7420737570706F72746564004839
:102CFC0061726420617373657274004D696E5369FF
:102D0C007A6552656C00626F6F74325F7732357121
:102D1C0030383000322E312E3000646F6F6D5F749E
:102D2C00696E795F7573625F6A756D7065726C65DB
:102D3C0073735F7635004665622032332032303251
:102D4C0035005541525420737464696E00554152DC
:102D5C0054207374646F757400554152542073740D
:102D6C0064696E202F207374646F757400444D4138
:102D7C00206368616E6E656C202564206973206128
:102D8C006C726561647920636C61696D6564005077
:102D9C00494F203020534D20256420616C726561B1
:102DAC00647920636C61696D65640050494F203211
:102DBC0020534D20282564202D20382920616C7249
:102DCC006561647920636C61696D65640050494F7D
:102DDC00203120534D20282564202D2034292061BA
:102DEC006C726561647920636C61696D6564004E19
:102DFC006F2050494F207374617465206D61636856
:102E0C00696E65732061726520617661696C6162BF
:102E1C006C65005741524E494E472054494D45521E
:102E2C0031204C41544348005741524E494E4720A3
:102E3C0054494D455232204C41544348005741525D
:102E4C004E494E47205345542043534D204D4F443B
:102E5C004500436F6E6E656374696E672050494F11
:102E6C002049325320617564696F00436F70796932
:102E7C006E672073746572656F20746F2073746550
:102E8C0072656F20617420256420487A0A00436FB4
:102E9C006E76657274696E67206D6F6E6F20746FDD
:102EAC002073746572656F20617420256420487AE4
:102EBC000A00466F6C6C6F77204D6F6465204F4E27
:102ECC0000466F6C6C6F77204D6F6465204F4646E3
:102EDC000047726964204F4E0047726964204F4668
:102EEC0046004D61726B65642053706F74002573DE
:102EFC0020256400416C6C204D61726B7320436C17
:102F0C006561726564006964647400205741524EB7
:102F1C00494E473A20596F752061726520706C617B
:102F2C0079696E67207573696E67206F6E65206FA7
:102F3C00662074686520446F6F6D20436C617373F9
:102F4C0069630A20495741442066696C6573207394
:102F5C00686970706564207769746820746865208E
:102F6C00446F6F6D20333A204246472045646974A4
:102F7C00696F6E2E205468657365206172650A2036
:102F8C006B6E6F776E20746F20626520696E636F55
:102F9C006D70617469626C652077697468207468FF
:102FAC006520726567756C617220495741442066D3
:102FBC00696C657320616E640A206D6179206361B0
:102FCC007573652064656D6F7320616E64206E652A
:102FDC0074776F726B2067616D657320746F2067F7
:102FEC006574206F7574206F662073796E632E0084
:102FFC005449544C455049430064656D6F3100434E
:10300C0052454449540064656D6F320048454C503C
:10301C00320064656D6F330064656D6F34007469E4
:10302C00746C6570696300494E54455250494300B5
:10303C004D415030310045314D310045344D31005A
:10304C0045334D3100556E6B6E6F776E005468656D
:10305C0020556C74696D61746520444F4F4D00446C
:10306C004F4F4D20526567697374657265640044F7
:10307C004F4F4D2053686172657761726500444F04
:10308C004F4D20323A2048656C6C206F6E204561A4
:10309C0072746800444F4F4D20323A20506C757456
:1030AC006F6E6961204578706572696D656E74002C
:1030BC00444F4F4D20323A20544E54202D2045760B
:1030CC00696C7574696F6E00456D756C6174696EB1
:1030DC006720746865206265686176696F72206F1D
:1030EC0066207468652027257327206578656375CD
:1030FC007461626C652E0A0043686F636F6C617457
:10310C006520446F6F6D20332E302E30005A5F498E
:10311C006E69743A20496E6974207A6F6E65206D01
:10312C00656D6F727920616C6C6F636174696F6E21
:10313C00206461656D6F6E2E20004D5F4C6F616475
:10314C0044656661756C74733A204C6F61642073CE
:10315C00797374656D2064656661756C74732E008B
:10316C00575F496E69743A20496E6974205741441F
:10317C0066696C65732E0064656D6F256900465237
:10318C004545444F4F4D0046524545444D00444D36
:10319C00454E5550494300205741524E494E473AEF
:1031AC0020596F752061726520706C6179696E674A
:1031BC00207573696E67206F6E65206F662074686A
:1031CC00652046726565646F6F6D20495741440AEE
:1031DC002066696C65732C207768696368206D695B
:1031EC00676874206E6F7420776F726B20696E2025
:1031FC007468697320706F72742E20536565207427
:10320C0068697320706167650A20666F72206D6F44
:10321C00726520696E666F726D6174696F6E206F76
:10322C006E20686F7720746F20706C6179207573D5
:10323C00696E672046726565646F6F6D3A0A20206F
:10324C002068747470733A2F2F7777772E63686FBA
:10325C00636F6C6174652D646F6F6D2E6F72672F69
:10326C0077696B692F696E6465782E7068702F466C
:10327C00726565646F6F6D00495F496E69743A20C1
:10328C0053657474696E67207570206D616368692D
:10329C006E652073746174652E004D5F496E6974A0
:1032AC003A20496E6974206D697363656C6C616E4C
:1032BC00656F757320696E666F2E00525F496E697B
:1032CC00743A20496E697420444F4F4D20726566E4
:1032DC0072657368206461656D6F6E202D20000A25
:1032EC00505F496E69743A20496E697420506C6164
:1032FC00796C6F6F702073746174652E00535F4925
:10330C006E69743A2053657474696E672075702009
:10331C00736F756E642E00445F436865636B4E6516
:10332C007447616D653A20436865636B696E67200D
:10333C006E6574776F726B2067616D652073746155
:10334C007475732E0048555F496E69743A20536545
:10335C007474696E6720757020686561647320757C
:10336C007020646973706C61792E0053545F496EE0
:10337C0069743A20496E6974207374617475732092
:10338C006261722E006D6170303100446F6F6D2080
:10339C00312E36363600446F6F6D20312E372F317B
:1033AC002E376100312E3700446F6F6D20312E386F
:1033BC0000446F6F6D20312E3900556C74696D614E
:1033CC00746520446F6F6D00756C74696D61746504
:1033DC000046696E616C20446F6F6D0066696E61AA
:1033EC006C0046696E616C20446F6F6D2028616CB7
:1033FC0074290066696E616C3200506C617965727B
:10340C002031206C656674207468652067616D6579
:10341C00004E4F54453A205475726E696E67207297
:10342C0065736F6C7574696F6E2069732072656457
:10343C00756365643B2074686973206973207072CE
:10344C006F6261626C79206265636175736520746B
:10345C0068657265206973206120636C69656E74A0
:10346C00207265636F7264696E6720612056616EAD
:10347C00696C6C612064656D6F2E006172652079DA
:10348C006F75207375726520796F752077616E7416
:10349C0020746F0A7175697420746869732067727F
:1034AC006561742067616D653F00796F7520776188
:1034BC006E7420746F20717569743F0A7468656E40
:1034CC002C2074686F752068617374206C6F737432
:1034DC0020616E206569676874682100646F6E27CF
:1034EC007420676F206E6F772C2074686572652767
:1034FC00732061200A64696D656E73696F6E616C0F
:10350C00207368616D626C65722077616974696E95
:10351C00670A61742074686520646F732070726F21
:10352C006D70742100676574206F75747461206808
:10353C0065726520616E6420676F206261636B0A3F
:10354C00746F20796F757220626F72696E6720706C
:10355C00726F6772616D732E0069662069207765E2
:10356C00726520796F757220626F73732C206927D6
:10357C0064200A2064656174686D617463682079E5
:10358C006120696E2061206D696E75746521006C17
:10359C006F6F6B2C206275642E20796F75206C65B3
:1035AC00617665206E6F770A616E6420796F752085
:1035BC00666F726665697420796F757220626F64CC
:1035CC007920636F756E7421006A757374206C6555
:1035DC006176652E207768656E20796F7520636F34
:1035EC006D650A6261636B2C2069276C6C206265C7
:1035FC002077616974696E6720776974682061202F
:10360C006261742E00796F75277265206C75636B1F
:10361C0079206920646F6E277420736D61636B0A67
:10362C00796F7520666F72207468696E6B696E674E
:10363C002061626F7574206C656176696E672E000F
:10364C00706C6561736520646F6E2774206C6561A6
:10365C0076652C2074686572652773206D6F7265B2
:10366C000A64656D6F6E7320746F20746F61737470
:10367C0021006C6574277320626561742069742065
:10368C002D2D2074686973206973207475726E69AE
:10369C006E670A696E746F206120626C6F6F646272
:1036AC0061746821006920776F756C646E277420D3
:1036BC006C65617665206966206920776572652086
:1036CC00796F752E0A646F73206973206D7563684A
:1036DC0020776F7273652E00796F75277265207471
:1036EC007279696E6720746F2073617920796F75B8
:1036FC00206C696B6520646F730A62657474657203
:10370C00207468616E206D652C2072696768743F47
:10371C0000646F6E2774206C656176652079657422
:10372C00202D2D207468657265277320610A6465ED
:10373C006D6F6E2061726F756E6420746861742099
:10374C00636F726E657221007961206B6E6F772CDE
:10375C00206E6578742074696D6520796F752063AF
:10376C006F6D6520696E20686572650A69276D202A
:10377C00676F6E6E6120746F6173742079612E00B7
:10378C00676F20616865616420616E64206C65619F
:10379C0076652E20736565206966206920636172E9
:1037AC00652E00564943544F52593200454E4450F1
:1037BC00494300464C4F4F52345F38004F6E63659F
:1037CC0020796F7520626561742074686520626968
:1037DC006720626164617373657320616E640A6350
:1037EC006C65616E206F757420746865206D6F6FE9
:1037FC006E206261736520796F7527726520737511
:10380C0070706F7365640A746F2077696E2C206119
:10381C0072656E277420796F753F204172656E2733
:10382C007420796F753F20576865726527730A7924
:10383C006F757220666174207265776172642061A5
:10384C006E64207469636B657420686F6D653F20CE
:10385C00576861740A7468652068656C6C206973BC
:10386C0020746869733F2049742773206E6F74202D
:10387C00737570706F73656420746F0A656E642065
:10388C007468697320776179210A0A49742073740A
:10389C00696E6B73206C696B6520726F7474656EE6
:1038AC00206D6561742C20627574206C6F6F6B7366
:1038BC000A6C696B6520746865206C6F73742044A6
:1038CC0065696D6F7320626173652E20204C6F6F7C
:1038DC006B73206C696B650A796F75277265207341
:1038EC007475636B206F6E205468652053686F721B
:1038FC006573206F662048656C6C2E0A54686520D1
:10390C006F6E6C7920776179206F757420697320E4
:10391C007468726F7567682E0A0A546F20636F6E35
:10392C0074696E75652074686520444F4F4D206531
:10393C007870657269656E63652C20706C61790AAC
:10394C005468652053686F726573206F66204865F4
:10395C006C6C20616E642069747320616D617A698E
:10396C006E670A73657175656C2C20496E6665729D
:10397C006E6F210A0053464C52365F3100596F75F9
:10398C0027766520646F6E65206974212054686504
:10399C0020686964656F75732063796265722D0A9E
:1039AC0064656D6F6E206C6F726420746861742036
:1039BC0072756C656420746865206C6F7374204438
:1039CC0065696D6F730A6D6F6F6E20626173652030
:1039DC00686173206265656E20736C61696E20612D
:1039EC006E6420796F750A61726520747269756DE9
:1039FC007068616E742120427574202E2E2E2077F3
:103A0C0068657265206172650A796F753F20596F20
:103A1C007520636C616D62657220746F20746865CB
:103A2C002065646765206F66207468650A6D6F6F2A
:103A3C006E20616E64206C6F6F6B20646F776E20EC
:103A4C00746F207365652074686520617766756C8A
:103A5C000A74727574682E0A0A4465696D6F732056
:103A6C00666C6F6174732061626F76652048656C5B
:103A7C006C20697473656C66210A596F75277665BD
:103A8C00206E65766572206865617264206F6620B1
:103A9C00616E796F6E65206573636170696E670A1C
:103AAC0066726F6D2048656C6C2C20627574207981
:103ABC006F75276C6C206D616B6520746865206276
:103ACC00617374617264730A736F727279207468B3
:103ADC0065792065766572206865617264206F6611
:103AEC0020796F752120517569636B6C792C0A797B
:103AFC006F752072617070656C20646F776E2074C6
:103B0C006F20207468652073757266616365206F21
:103B1C00660A48656C6C2E0A0A4E6F772C20697405
:103B2C002773206F6E20746F207468652066696E31
:103B3C00616C2063686170746572206F660A444F13
:103B4C004F4D21202D2D20496E6665726E6F2E0013
:103B5C004D464C52385F3400546865206C6F61746C
:103B6C0068736F6D652073706964657264656D6FE1
:103B7C006E20746861740A6D61737465726D696E20
:103B8C006465642074686520696E766173696F6E14
:103B9C00206F6620746865206D6F6F6E0A626173AA
:103BAC00657320616E642063617573656420736F47
:103BBC00206D75636820646561746820686173208A
:103BCC006861640A69747320617373206B69636B39
:103BDC00656420666F7220616C6C2074696D652E53
:103BEC000A0A412068696464656E20646F6F72779D
:103BFC006179206F70656E7320616E6420796F75CA
:103C0C0020656E7465722E0A596F75277665207063
:103C1C00726F76656E20746F6F20746F7567682095
:103C2C00666F722048656C6C20746F0A636F6E74DB
:103C3C0061696E2C20616E64206E6F772048656C14
:103C4C006C206174206C61737420706C6179730AE0
:103C5C0066616972202D2D20666F7220796F752038
:103C6C00656D657267652066726F6D20746865207E
:103C7C00646F6F720A746F207365652074686520B9
:103C8C00677265656E206669656C6473206F66206B
:103C9C004561727468210A486F6D65206174206CEF
:103CAC006173742E0A0A596F7520776F6E64657292
:103CBC0020776861742773206265656E2068617077
:103CCC0070656E696E67206F6E0A4561727468204C
:103CDC007768696C6520796F7520776572652062ED
:103CEC006174746C696E67206576696C0A756E6CAC
:103CFC006561736865642E204974277320676F6F44
:103D0C00642074686174206E6F2048656C6C2D0A99
:103D1C00737061776E20636F756C64206861766573
:103D2C0020636F6D65207468726F756768207468A6
:103D3C0061740A646F6F72207769746820796F758B
:103D4C00202E2E2E004D464C52385F330074686581
:103D5C0020737069646572206D61737465726D692E
:103D6C006E64206D75737420686176652073656E62
:103D7C007420666F7274680A697473206C65676965
:103D8C006F6E73206F662068656C6C737061776EF4
:103D9C00206265666F726520796F75720A66696E4E
:103DAC00616C20636F6E66726F6E746174696F6E96
:103DBC002077697468207468617420746572726904
:103DCC00626C650A62656173742066726F6D20683F
:103DDC00656C6C2E202062757420796F752073745D
:103DEC00657070656420666F72776172640A616ECB
:103DFC00642062726F7567687420666F72746820D5
:103E0C00657465726E616C2064616D6E6174696F4E
:103E1C006E20616E640A737566666572696E6720E2
:103E2C0075706F6E2074686520686F7264652061B0
:103E3C007320612074727565206865726F0A776FE4
:103E4C00756C6420696E20746865206661636520FA
:103E5C006F6620736F6D657468696E6720736F2071
:103E6C006576696C2E0A0A626573696465732C2029
:103E7C00736F6D656F6E652077617320676F6E6E03
:103E8C00612070617920666F7220776861740A68AE
:103E9C00617070656E656420746F206461697379FC
:103EAC002C20796F75722070657420726162626962
:103EBC00742E0A0A627574206E6F772C20796F75D8
:103ECC002073656520737072656164206265666F2E
:103EDC00726520796F75206D6F72650A706F7465ED
:103EEC006E7469616C207061696E20616E6420670C
:103EFC0069626269747564652061732061206E610A
:103F0C0074696F6E0A6F662064656D6F6E732072D4
:103F1C00756E20616D6F6B20616D6F6E67206F75B4
:103F2C0072206369746965732E0A0A6E6578742051
:103F3C0073746F702C2068656C6C206F6E206561DB
:103F4C007274682100534C494D45313600594F5518
:103F5C00204841564520454E544552454420444541
:103F6C0045504C5920494E544F2054484520494EF9
:103F7C004645535445440A53544152504F52542EC3
:103F8C002042555420534F4D455448494E472049E3
:103F9C00532057524F4E472E205448450A4D4F4EF2
:103FAC00535445525320484156452042524F554791
:103FBC004854205448454952204F574E20524541B1
:103FCC004C4954590A57495448205448454D2C20C3
:103FDC00414E44205448452053544152504F525462
:103FEC00275320544543484E4F4C4F47590A495389
:103FFC00204245494E47205355425645525445445C
:10400C002042592054484549522050524553454E60
:10401C0043452E0A0A41484541442C20594F55200E
:10402C0053454520414E204F5554504F5354204F2B
:10403C00462048454C4C2C20410A464F5254494688
:10404C00494544205A4F4E452E20494620594F553C
:10405C002043414E2047455420504153542049544D
:10406C002C0A594F552043414E2050454E45545231
:10407C0041544520494E544F205448452048415501
:10408C004E5445442048454152540A4F462054480A
:10409C004520535441524241534520414E44204601
:1040AC00494E442054484520434F4E54524F4C4C9B
:1040BC00494E470A535749544348205748494348A7
:1040CC0020484F4C445320454152544827532050CC
:1040DC004F50554C4154494F4E0A484F5354414749
:1040EC00452E0052524F434B313400594F55204806
:1040FC0041564520574F4E2120594F555220564975
:10410C0043544F52592048415320454E41424C454F
:10411C00440A48554D414E4B494E4420544F20457E
:10412C005641435541544520454152544820414E37
:10413C0044204553434150450A544845204E494775
:10414C0048544D4152452E20204E4F5720594F5523
:10415C002041524520544845204F4E4C590A485551
:10416C004D414E204C454654204F4E20544845203E
:10417C0046414345204F462054484520504C414E23
:10418C0045542E0A43414E4E4942414C204D555404
:10419C004154494F4E532C204341524E49564F5295
:1041AC004F555320414C49454E532C0A414E442007
:1041BC004556494C2053504952495453204152457D
:1041CC0020594F5552204F4E4C59204E4549474887
:1041DC00424F52532E0A594F5520534954204241B5
:1041EC00434B20414E44205741495420464F5220C6
:1041FC0044454154482C20434F4E54454E540A5488
:10420C0048415420594F552048415645205341565A
:10421C00454420594F555220535045434945532E40
:10422C000A0A425554205448454E2C2045415254BC
:10423C004820434F4E54524F4C204245414D532041
:10424C00444F574E20410A4D455353414745204654
:10425C00524F4D2053504143453A202253454E5323
:10426C004F52532048415645204C4F4341544544EE
:10427C000A54484520534F55524345204F4620542D
:10428C00484520414C49454E20494E564153494FD3
:10429C004E2E20494620594F550A474F2054484529
:1042AC0052452C20594F55204D4159204245204113
:1042BC00424C4520544F20424C4F434B20544845D0
:1042CC0049520A454E5452592E20205448452041FB
:1042DC004C49454E204241534520495320494E20DC
:1042EC00544845204845415254204F460A594F5591
:1042FC0052204F574E20484F4D4520434954592C7E
:10430C00204E4F54204641522046524F4D20544887
:10431C00450A53544152504F52542E2220534C4F65
:10432C00574C5920414E44205041494E46554C4C17
:10433C005920594F55204745540A555020414E4459
:10434C002052455455524E20544F20544845204637
:10435C005241592E0052524F434B303700594F5552
:10436C00204152452041542054484520434F52523D
:10437C00555054204845415254204F4620544845EE
:10438C0020434954592C0A535552524F554E4445CB
:10439C00442042592054484520434F5250534553D2
:1043AC00204F4620594F555220454E454D494553B7
:1043BC002E0A594F5520534545204E4F20574159F1
:1043CC0020544F2044455354524F592054484520B3
:1043DC00435245415455524553270A454E54525960
:1043EC00574159204F4E2054484953205349444576
:1043FC002C20534F20594F5520434C454E434820B9
:10440C00594F55520A544545544820414E4420506A
:10441C004C554E4745205448524F55474820495417
:10442C002E0A0A5448455245204D555354204245B6
:10443C0020412057415920544F20434C4F53452085
:10444C004954204F4E205448450A4F544845522059
:10445C00534944452E205748415420444F20594F2E
:10446C0055204341524520494620594F5527564522
:10447C000A474F5420544F20474F205448524F5511
:10448C0047482048454C4C20544F20474554205415
:10449C004F2049543F0052524F434B313700544840
:1044AC004520484F5252454E444F55532056495380
:1044BC00414745204F4620544845204249474745EF
:1044CC0053540A44454D4F4E20594F5527564520BD
:1044DC0045564552205345454E204352554D424C6E
:1044EC004553204245464F52450A594F552C2041C1
:1044FC004654455220594F552050554D5020594F38
:10450C00555220524F434B45545320494E544F0A59
:10451C00484953204558504F534544204252414935
:10452C004E2E20544845204D4F4E53544552205347
:10453C0048524956454C530A555020414E4420444C
:10454C004945532C2049545320544852415348490F
:10455C004E47204C494D42530A4445564153544111
:10456C0054494E4720554E544F4C44204D494C45D0
:10457C0053204F462048454C4C27530A535552461E
:10458C004143452E0A0A594F5527564520444F4E54
:10459C00452049542E2054484520494E56415349F4
:1045AC004F4E204953204F5645522E0A45415254E6
:1045BC00482049532053415645442E2048454C4CE5
:1045CC00204953204120575245434B2E20594F55DB
:1045DC000A574F4E444552205748455245204241B8
:1045EC004420464F4C4B532057494C4C20474F20AE
:1045FC005748454E20544845590A4449452C204EAD
:10460C004F572E20574950494E4720544845205368
:10461C00574541542046524F4D20594F55520A464A
:10462C004F52454845414420594F55204245474932
:10463C004E20544845204C4F4E47205452454B2059
:10464C004241434B0A484F4D452E20524542554955
:10465C004C44494E47204541525448204F554748F9
:10466C005420544F20424520410A4C4F54204D4F6A
:10467C0052452046554E205448414E205255494EE5
:10468C00494E47204954205741532E0A0052524F4D
:10469C00434B313300434F4E47524154554C4154D8
:1046AC00494F4E532C20594F5527564520464F55B0
:1046BC004E4420544845205345435245540A4C45DA
:1046CC0056454C21204C4F4F4B53204C494B4520C9
:1046DC0049542753204245454E204255494C5420BD
:1046EC0042590A48554D414E532C2052415448458D
:1046FC0052205448414E2044454D4F4E532E205984
:10470C004F5520574F4E4445520A57484F20544856
:10471C004520494E4D41544553204F46205448495D
:10472C005320434F524E4552204F462048454C4C47
:10473C000A57494C4C2042452E0052524F434B31A4
:10474C003900434F4E47524154554C4154494F4EFA
:10475C00532C20594F5527564520464F554E442033
:10476C005448450A535550455220534543524554DD
:10477C00204C4556454C212020594F55274420426A
:10478C0045545445520A424C415A45205448524FC4
:10479C005547482054484953204F4E45210A00594B
:1047AC006F7527766520666F7567687420796F75ED
:1047BC007220776179206F7574206F66207468653C
:1047CC0020696E6665737465640A657870657269D4
:1047DC006D656E74616C206C6162732E20202049B3
:1047EC0074207365656D7320746861742055414342
:1047FC00206861730A6F6E636520616761696E2062
:10480C0067756C70656420697420646F776E2E20F8
:10481C0020576974682074686569720A68696768EA
:10482C00207475726E6F7665722C206974206D75AC
:10483C007374206265206861726420666F722070E8
:10484C006F6F720A6F6C642055414320746F206245
:10485C00757920636F72706F726174652068656121
:10486C006C746820696E737572616E63650A6E6F25
:10487C007761646179732E2E0A0A41686561642040
:10488C006C69657320746865206D696C69746172FC
:10489C007920636F6D706C65782C206E6F770A735E
:1048AC007761726D696E67207769746820646973CB
:1048BC00656173656420686F72726F727320686FC4
:1048CC007420746F206765740A746865697220744B
:1048DC006565746820696E746F20796F752E20572A
:1048EC00697468206C75636B2C207468650A636F3F
:1048FC006D706C6578207374696C6C2068617320C2
:10490C00736F6D65207761726C696B65206F726473
:10491C006E616E63650A6C6179696E672061726F96
:10492C00756E642E00596F7520686561722074680D
:10493C0065206772696E64696E67206F66206865B2
:10494C00617679206D616368696E6572790A616858
:10495C006561642E2020596F75207375726520680F
:10496C006F70652074686579277265206E6F74208E
:10497C007374616D70696E670A6F7574206E6577FC
:10498C002068656C6C737061776E2C206275742076
:10499C00796F7527726520726561647920746F0A6E
:1049AC007265616D206F757420612077686F6C651E
:1049BC00206865726420696620796F75206861765D
:1049CC006520746F2E0A54686579206D6967687468
:1049DC0020626520706C616E6E696E67206120626A
:1049EC006C6F6F642066656173742C206275740A39
:1049FC00796F75206665656C2061626F75742061D6
:104A0C0073206D65616E2061732074776F207468FC
:104A1C006F7573616E640A6D616E6961637320708A
:104A2C0061636B656420696E746F206F6E65206DB9
:104A3C006164206B696C6C65722E0A0A596F752063
:104A4C00646F6E277420706C616E20746F20676FBA
:104A5C0020646F776E20656173792E005468652031
:104A6C007669737461206F70656E696E672061681A
:104A7C00656164206C6F6F6B73207265616C206470
:104A8C00616D6E0A66616D696C6961722E20536D81
:104A9C00656C6C732066616D696C6961722C207435
:104AAC006F6F202D2D206C696B650A6672696564C9
:104ABC002065786372656D656E742E20596F752054
:104ACC006469646E2774206C696B65207468697303
:104ADC000A706C616365206265666F72652C20617B
:104AEC006E6420796F752073757265206173206810
:104AFC00656C6C2061696E27740A706C616E6E69EE
:104B0C006E6720746F206C696B65206974206E6F02
:104B1C00772E20546865206D6F726520796F750A49
:104B2C0062726F6F64206F6E2069742C20746865DC
:104B3C00206D616464657220796F75206765742ED1
:104B4C000A48656674696E6720796F75722067759F
:104B5C006E2C20616E206576696C206772696E2000
:104B6C00747269636B6C65730A6F6E746F20796F06
:104B7C00757220666163652E2054696D6520746FB3
:104B8C002074616B6520736F6D65206E616D65734C
:104B9C002E0053756464656E6C792C20616C6C20EE
:104BAC0069732073696C656E742C2066726F6D204E
:104BBC006F6E6520686F72697A6F6E0A746F2074FD
:104BCC006865206F746865722E2054686520616773
:104BDC006F6E697A696E67206563686F206F6620F7
:104BEC0048656C6C0A666164657320617761792C29
:104BFC0020746865206E696768746D6172652073D6
:104C0C006B79207475726E7320746F0A626C7565A3
:104C1C002C20746865206865617073206F66206D48
:104C2C006F6E7374657220636F727073657320732B
:104C3C0074617274200A746F20657661706F726192
:104C4C00746520616C6F6E67207769746820746876
:104C5C0065206576696C207374656E6368200A74D0
:104C6C006861742066696C6C656420746865206189
:104C7C0069722E204A65657A652C206D61796265B2
:104C8C0020796F752776650A646F6E652069742EBE
:104C9C00204861766520796F75207265616C6C793E
:104CAC0020776F6E3F0A0A536F6D657468696E6783
:104CBC002072756D626C657320696E207468652056
:104CCC0064697374616E63652E0A4120626C75654C
:104CDC00206C6967687420626567696E7320746FF5
:104CEC0020676C6F7720696E7369646520746865E2
:104CFC000A7275696E656420736B756C6C206F66D7
:104D0C00207468652064656D6F6E2D7370697474A2
:104D1C0065722E0057686174206E6F773F204C6F60
:104D2C006F6B7320746F74616C6C79206469666648
:104D3C006572656E742E204B696E640A6F66206C0A
:104D4C00696B65204B696E672054757427732063FB
:104D5C006F6E646F2E2057656C6C2C0A77686174CB
:104D6C0065766572277320686572652063616E27AE
:104D7C007420626520616E7920776F7273650A7496
:104D8C0068616E20757375616C2E2043616E2069AD
:104D9C00743F20204F72206D617962652069742701
:104DAC007320626573740A746F206C657420736C65
:104DBC00656570696E6720676F6473206C69652E1A
:104DCC002E0054696D6520666F72206120766163D8
:104DDC006174696F6E2E20596F7527766520627528
:104DEC00727374207468650A626F77656C73206FD8
:104DFC00662068656C6C20616E6420627920676F38
:104E0C006C6C7920796F7527726520726561647995
:104E1C000A666F72206120627265616B2E20596F79
:104E2C0075206D757474657220746F20796F75724E
:104E3C0073656C662C0A4D6179626520736F6D65C4
:104E4C006F6E6520656C73652063616E206B6963A2
:104E5C006B2048656C6C2773206173730A6E6578E0
:104E6C00742074696D652061726F756E642E2041BB
:104E7C0068656164206C6965732061207175696572
:104E8C007420746F776E2C0A776974682070656172
:104E9C00636566756C20666C6F77696E67207761E9
:104EAC007465722C20717561696E740A6275696C17
:104EBC0064696E67732C20616E6420707265737503
:104ECC006D61626C79206E6F2048656C6C737061DB
:104EDC00776E2E0A0A417320796F75207374657092
:104EEC00206F666620746865207472616E73706FD3
:104EFC0072742C20796F7520686561720A7468650C
:104F0C002073746F6D70206F662061206379626509
:104F1C007264656D6F6E27732069726F6E20736893
:104F2C006F652E00596F7520676C6F6174206F76FA
:104F3C0065722074686520737465616D696E672095
:104F4C0063617263617373206F66207468650A47CE
:104F5C007561726469616E2E2020576974682069CE
:104F6C0074732064656174682C20796F752776657D
:104F7C0020777265737465640A7468652041636395
:104F8C00656C657261746F722066726F6D207468E7
:104F9C0065207374696E6B696E6720636C617773DF
:104FAC000A6F662048656C6C2E2020596F75207234
:104FBC00656C617820616E6420676C616E6365203E
:104FCC0061726F756E64207468650A726F6F6D2EF6
:104FDC00202044616D6E2120205468657265207715
:104FEC00617320737570706F73656420746F2062C9
:104FFC00652061740A6C65617374206F6E6520772F
:10500C006F726B696E672070726F746F74797065F4
:10501C002C2062757420796F752063616E27740A79
:10502C007365652069742E205468652064656D6F06
:10503C006E73206D75737420686176652074616B76
:10504C00656E2069742E0A0A596F75206D7573741C
:10505C002066696E64207468652070726F746F745A
:10506C007970652C206F7220616C6C20796F757271
:10507C000A7374727567676C65732077696C6C2042
:10508C0068617665206265656E207761737465640E
:10509C002E204B6565700A6D6F76696E672C206BE0
:1050AC00656570206669676874696E672C206B652E
:1050BC006570206B696C6C696E672E0A4F6820797D
:1050CC0065732C206B656570206C6976696E672C36
:1050DC0020746F6F2E004576656E207468652064B1
:1050EC006561646C7920417263682D56696C65202A
:1050FC006C61627972696E746820636F756C640A96
:10510C006E6F742073746F7020796F752C20616EC4
:10511C006420796F7527766520676F7474656E20CF
:10512C00746F207468650A70726F746F747970652F
:10513C0020416363656C657261746F722077686976
:10514C00636820697320736F6F6E0A6566666963A6
:10515C0069656E746C7920616E64207065726D6126
:10516C006E656E746C7920646561637469766174C4
:10517C0065642E0A0A596F7527726520676F6F6414
:10518C002061742074686174206B696E64206F6692
:10519C00207468696E672E00596F752776652062DA
:1051AC00617368656420616E6420626174746572F9
:1051BC00656420796F75722077617920696E746FE0
:1051CC000A746865206865617274206F6620746863
:1051DC006520646576696C2D686976652E2020548F
:1051EC00696D6520666F7220610A53656172636830
:1051FC002D616E642D44657374726F79206D6973C3
:10520C0073696F6E2C2061696D6564206174207404
:10521C0068650A476174656B65657065722C2077EB
:10522C00686F736520666F756C206F66667370723D
:10523C00696E672069730A636173636164696E6781
:10524C0020746F2045617274682E20205965616846
:10525C002C2068652773206261642E204275740AC5
:10526C00796F75206B6E6F772077686F2773207757
:10527C006F727365210A0A4772696E6E696E6720D8
:10528C006576696C6C792C20796F75206368656321
:10529C006B20796F757220676561722C20616E646A
:1052AC000A67657420726561647920746F20676980
:1052BC007665207468652062617374617264206124
:1052CC00206C6974746C652048656C6C0A6F662080
:1052DC00796F7572206F776E206D616B696E6721C7
:1052EC000054686520476174656B6565706572274D
:1052FC0073206576696C2066616365206973207321
:10530C00706C617474657265640A616C6C206F7684
:10531C0065722074686520706C6163652E20204175
:10532C00732069747320746174746572656420638E
:10533C006F727073650A636F6C6C61707365732C3C
:10534C0020616E20696E76657274656420476174A5
:10535C006520666F726D7320616E640A7375636B82
:10536C007320646F776E2074686520736861726453
:10537C0073206F6620746865206C6173740A707298
:10538C006F746F7479706520416363656C657261CD
:10539C00746F722C206E6F7420746F206D656E7438
:1053AC00696F6E207468650A6665772072656D6139
:1053BC00696E696E672064656D6F6E732E2020595F
:1053CC006F7527726520646F6E652E2048656C6C56
:1053DC000A68617320676F6E65206261636B20746D
:1053EC006F20706F756E64696E67206261642064F3
:1053FC0065616420666F6C6B73200A696E737465EB
:10540C006164206F6620676F6F64206C697665201D
:10541C006F6E65732E202052656D656D626572200E
:10542C00746F0A74656C6C20796F75722067726189
:10543C006E646B69647320746F20707574206120C6
:10544C00726F636B65740A6C61756E63686572204C
:10545C00696E20796F757220636F6666696E2E2097
:10546C00496620796F7520676F20746F2048656CD2
:10547C006C0A7768656E20796F75206469652C20DD
:10548C00796F75276C6C206E656564206974206675
:10549C006F7220736F6D650A66696E616C20636C48
:1054AC0065616E696E672D7570202E2E2E00596FFA
:1054BC007527766520666F756E6420746865207339
:1054CC0065636F6E642D68617264657374206C65BE
:1054DC0076656C2077650A676F742E20486F70654F
:1054EC0020796F752068617665206120736176651F
:1054FC00642067616D652061206C6576656C206F3A
:10550C00720A74776F2070726576696F75732E20CE
:10551C00204966206E6F742C206265207072657055
:10552C006172656420746F206469650A61706C65D2
:10553C006E74792E20466F72206D617374657220C3
:10554C006D6172696E6573206F6E6C792E004265A9
:10555C007463686120776F6E6465726564206A7528
:10556C0073742077686174205741532074686520E8
:10557C00686172646573740A6C6576656C20776516
:10558C002068616420726561647920666F7220798D
:10559C00613F20204E6F7720796F75206B6E6F778F
:1055AC002E0A4E6F206F6E652067657473206F75C1
:1055BC007420616C6976652E00465F534B5931003F
:1055CC006D6170333100534156452047414D4520A4
:1055DC0053495A452025640A005468657265207742
:1055EC006173206E6F7420656E6F756768207370C1
:1055FC0061636520746F2073617665207468652023
:10560C0067616D652E0A576F756C6420796F752014
:10561C006C696B6520746F20636C656172207468B3
:10562C00697320736C6F7420616E640A20747279D4
:10563C0020736176696E6720616761696E20696E9F
:10564C00206120646966666572656E7420736C6F88
:10565C00743F0A0A70726573732079206F72206E22
:10566C002E0067616D652073617665642E004C6F4A
:10567C006164206661696C65643A20696E76616C60
:10568C0069642067616D65206F7220574144206DFD
:10569C0069736D617463682E00446F6F6D20312ED9
:1056AC0039312064656D6F20666F726D61740025F1
:1056BC007320697320747572626F21004E455420FB
:1056CC0047414D4500556E6B6E6F776E206C65765D
:1056DC00656C006C6576656C20313A20656E747271
:1056EC0079776179006C6576656C20323A20756E3D
:1056FC0064657268616C6C73006C6576656C2033E4
:10570C003A207468652067616E746C6574006C6512
:10571C0076656C20343A2074686520666F63757307
:10572C00006C6576656C20353A207468652077616D
:10573C007374652074756E6E656C73006C6576653C
:10574C006C20363A207468652063727573686572D4
:10575C00006C6576656C20373A2064656164207353
:10576C00696D706C65006C6576656C20383A2074D8
:10577C007269636B7320616E642074726170730064
:10578C006C6576656C20393A207468652070697494
:10579C00006C6576656C2031303A207265667565F3
:1057AC006C696E672062617365006C6576656C2050
:1057BC0031313A20276F27206F662064657374722D
:1057CC00756374696F6E21006C6576656C2031327F
:1057DC003A2074686520666163746F7279006C6539
:1057EC0076656C2031333A20646F776E746F776E08
:1057FC00006C6576656C2031343A207468652069DC
:10580C006E6D6F73742064656E73006C6576656C79
:10581C002031353A20696E647573747269616C203D
:10582C007A6F6E65006C6576656C2031363A207344
:10583C00756275726273006C6576656C2031373AEF
:10584C002074656E656D656E7473006C6576656C41
:10585C002031383A2074686520636F7572747961F1
:10586C007264006C6576656C2031393A2074686519
:10587C00206369746164656C006C6576656C2032BC
:10588C00303A20676F7463686121006C6576656CD3
:10589C002032313A206E697276616E61006C6576E9
:1058AC00656C2032323A20746865206361746163E0
:1058BC006F6D6273006C6576656C2032333A2062D2
:1058CC00617272656C73206F272066756E006C6553
:1058DC0076656C2032343A20746865206368617395
:1058EC006D006C6576656C2032353A20626C6F6F9A
:1058FC006466616C6C73006C6576656C2032363A4C
:10590C0020746865206162616E646F6E6564206DE1
:10591C00696E6573006C6576656C2032373A206D64
:10592C006F6E7374657220636F6E646F006C657656
:10593C00656C2032383A207468652073706972691E
:10594C007420776F726C64006C6576656C203239EC
:10595C003A20746865206C6976696E6720656E64A0
:10596C00006C6576656C2033303A2069636F6E206D
:10597C006F662073696E006C6576656C2033313A06
:10598C0020776F6C66656E737465696E006C6576F6
:10599C00656C2033323A2067726F737365006C65E7
:1059AC0076656C20313A20636F6E676F006C65769C
:1059BC00656C20323A2077656C6C206F6620736FB3
:1059CC00756C73006C6576656C20333A20617A7463
:1059DC006563006C6576656C20343A20636167659D
:1059EC0064006C6576656C20353A2067686F73745B
:1059FC0020746F776E006C6576656C20363A206289
:105A0C0061726F6E2773206C616972006C657665CC
:105A1C006C20373A20636175676874796172640031
:105A2C006C6576656C20383A207265616C6D006C23
:105A3C006576656C20393A2061626174746F6972A5
:105A4C0065006C6576656C2031303A206F6E736C36
:105A5C006175676874006C6576656C2031313A202D
:105A6C0068756E746564006C6576656C2031323ACD
:105A7C00207370656564006C6576656C2031333A13
:105A8C0020746865206372797074006C6576656C3F
:105A9C002031343A2067656E65736973006C6576E6
:105AAC00656C2031353A20746865207477696C69AF
:105ABC00676874006C6576656C2031363A207468C2
:105ACC0065206F6D656E006C6576656C2031373ABC
:105ADC0020636F6D706F756E64006C6576656C20FD
:105AEC0031383A206E6575726F7370686572650037
:105AFC006C6576656C2031393A206E6D65006C658D
:105B0C0076656C2032303A20746865206465617467
:105B1C006820646F6D61696E006C6576656C20320F
:105B2C00313A20736C61796572006C6576656C2016
:105B3C0032323A20696D706F737369626C65206DD7
:105B4C00697373696F6E006C6576656C2032333ADD
:105B5C0020746F6D6273746F6E65006C6576656C26
:105B6C002032343A207468652066696E616C206658
:105B7C00726F6E74696572006C6576656C20323577
:105B8C003A207468652074656D706C65206F6620B2
:105B9C006461726B6E657373006C6576656C203234
:105BAC00363A2062756E6B6572006C6576656C209A
:105BBC0032373A20616E74692D63687269737400B0
:105BCC006C6576656C2032383A2074686520736594
:105BDC0077657273006C6576656C2032393A206F8C
:105BEC00647973736579206F66206E6F6973657362
:105BFC00006C6576656C2033303A207468652067DC
:105C0C00617465776179206F662068656C6C006CD7
:105C1C006576656C2033313A206379626572646510
:105C2C006E006C6576656C2033323A20676F2032DB
:105C3C00206974006C6576656C20313A2073797339
:105C4C0074656D20636F6E74726F6C006C65766535
:105C5C006C20323A2068756D616E20626271006C46
:105C6C006576656C20333A20706F77657220636FB0
:105C7C006E74726F6C006C6576656C20343A2077AC
:105C8C006F726D686F6C65006C6576656C20353A6B
:105C9C002068616E676572006C6576656C20363ABB
:105CAC00206F70656E20736561736F6E006C657626
:105CBC00656C20373A20707269736F6E006C657674
:105CCC00656C20383A206D6574616C006C65766586
:105CDC006C20393A207374726F6E67686F6C640055
:105CEC006C6576656C2031303A20726564656D7038
:105CFC0074696F6E006C6576656C2031313A207377
:105D0C00746F7261676520666163696C6974790090
:105D1C006C6576656C2031323A2063726174657201
:105D2C00006C6576656C2031333A206E756B61675B
:105D3C00652070726F63657373696E67006C65764E
:105D4C00656C2031343A20737465656C20776F7202
:105D5C006B73006C6576656C2031353A2064656137
:105D6C0064207A6F6E65006C6576656C2031363A0E
:105D7C002064656570657374207265616368657312
:105D8C00006C6576656C2031373A2070726F6365F4
:105D9C007373696E672061726561006C6576656C02
:105DAC002031383A206D696C6C006C6576656C201E
:105DBC0031393A207368697070696E672F72657338
:105DCC007061776E696E67006C6576656C20323039
:105DDC003A2063656E7472616C2070726F636573C8
:105DEC0073696E67006C6576656C2032313A2061A0
:105DFC00646D696E697374726174696F6E2063652A
:105E0C006E746572006C6576656C2032323A20686F
:105E1C00616269746174006C6576656C2032333A2A
:105E2C00206C756E6172206D696E696E6720707280
:105E3C006F6A656374006C6576656C2032343A2049
:105E4C00717561727279006C6576656C2032353AC9
:105E5C00206261726F6E27732064656E006C6576CC
:105E6C00656C2032363A2062616C6C697374797897
:105E7C00006C6576656C2032373A206D6F756E74E8
:105E8C00207061696E006C6576656C2032383A2042
:105E9C006865636B006C6576656C2032393A2072EC
:105EAC00697665722073747978006C6576656C2000
:105EBC0033303A206C6173742063616C6C006C65D8
:105ECC0076656C2033313A2070686172616F6800BE
:105EDC006C6576656C2033323A206361726962625C
:105EEC0065616E0045314D313A2048616E676172D3
:105EFC000045314D323A204E75636C65617220500D
:105F0C006C616E740045314D333A20546F78696E74
:105F1C0020526566696E6572790045314D343A20C0
:105F2C00436F6D6D616E6420436F6E74726F6C00A5
:105F3C0045314D353A2050686F626F73204C616269
:105F4C00004E45574C4556454C0045314D363A2090
:105F5C0043656E7472616C2050726F636573736904
:105F6C006E670045314D373A20436F6D707574651F
:105F7C00722053746174696F6E0045314D383A204C
:105F8C0050686F626F7320416E6F6D616C79004564
:105F9C00314D393A204D696C6974617279204261D6
:105FAC0073650045324D313A204465696D6F73203D
:105FBC00416E6F6D616C790045324D323A20436F02
:105FCC006E7461696E6D656E742041726561004519
:105FDC00324D333A20526566696E657279004532EE
:105FEC004D343A204465696D6F73204C61620045F5
:105FFC00324D353A20436F6D6D616E642043656E92
:10600C007465720045324D363A2048616C6C7320D1
:10601C006F66207468652044616D6E65640045325E
:10602C004D373A20537061776E696E6720566174F4
:10603C00730045324D383A20546F776572206F6685
:10604C0020426162656C0045324D393A20466F72D0
:10605C007472657373206F66204D797374657279F1
:10606C000045334D313A2048656C6C204B656570AA
:10607C000045334D323A20536C6F756768206F665C
:10608C0020446573706169720045334D333A20507A
:10609C00616E64656D6F6E69756D0045334D343A94
:1060AC0020486F757365206F66205061696E0045DE
:1060BC00334D353A20556E686F6C792043617468A6
:1060CC00656472616C0045334D363A204D742E2058
:1060DC004572656275730045334D373A204C696DD6
:1060EC00626F0045334D383A204469730045334D97
:1060FC00393A2057617272656E730045344D313AEE
:10610C002048656C6C2042656E656174680045348E
:10611C004D323A2050657266656374204861747222
:10612C0065640045344D333A2053657665722054CE
:10613C006865205769636B65640045344D343A20BB
:10614C00556E72756C79204576696C0045344D3509
:10615C003A20546865792057696C6C2052657065DB
:10616C006E740045344D363A20416761696E737424
:10617C002054686565205769636B65646C790045CC
:10618C00344D373A20416E642048656C6C20466F64
:10619C006C6C6F7765640045344D383A20556E74DD
:1061AC006F2054686520437275656C0045344D3919
:1061BC003A204665617200477265656E3A20004967
:1061CC006E6469676F3A200042726F776E3A2000F6
:1061DC005265643A20004E6F0049276D207265614C
:1061EC00647920746F206B69636B20627574742101
:1061FC000049276D204F4B2E0049276D206E6F7480
:10620C00206C6F6F6B696E6720746F6F20676F6F98
:10621C0064210048656C702100596F75207375639B
:10622C006B21004E6578742074696D652C20736346
:10623C00756D6261672E2E2E00436F6D652068654B
:10624C007265210049276C6C2074616B6520636159
:10625C007265206F662069742E00596573004D6558
:10626C00737361676573204F4646004D65737361A8
:10627C00676573204F4E00656D70747920736C6F79
:10628C00740054455354005F000A28707265737390
:10629C00207920746F207175697420746F20646F7D
:1062AC00732E2900746869732069732074686520E3
:1062BC007368617265776172652076657273696F58
:1062CC006E206F6620646F6F6D2E0A0A796F7520D1
:1062DC006E65656420746F206F72646572207468DB
:1062EC006520656E74697265207472696C6F67796C
:1062FC002E0A0A70726573732061206B65792E000B
:10630C0061726520796F75207375726520796F7570
:10631C002077616E7420746F20656E6420746865DC
:10632C002067616D653F0A0A70726573732079206E
:10633C006F72206E2E00796F752063616E2774204A
:10634C007361766520696620796F75206172656E60
:10635C00277420706C6179696E67210A0A70726506
:10636C0073732061206B65792E0061726520796FE3
:10637C007520737572653F207468697320736B693F
:10638C006C6C206C6576656C0A69736E277420657D
:10639C0076656E2072656D6F74656C7920666169C7
:1063AC00722E0A0A70726573732079206F72206ED8
:1063BC002E00717569636B73617665206F766572FB
:1063CC0020796F75722067616D65206E616D6564F3
:1063DC000A0A272573273F0A0A707265737320799E
:1063EC00206F72206E2E00796F7520686176656E55
:1063FC002774207069636B65642061207175696313
:10640C006B7361766520736C6F7420796574210AE7
:10641C000A70726573732061206B65792E00646F4E
:10642C0020796F752077616E7420746F2071756997
:10643C00636B6C6F6164207468652067616D6520A7
:10644C006E616D65640A0A272573273F0A0A70720C
:10645C006573732079206F72206E2E00596F752032
:10646C006E656564206120626C7565206B657920B2
:10647C00746F2061637469766174652074686973E4
:10648C00206F626A65637400596F75206E65656470
:10649C00206120726564206B657920746F206163C4
:1064AC007469766174652074686973206F626A65BB
:1064BC00637400596F75206E656564206120796581
:1064CC006C6C6F77206B657920746F2061637469D5
:1064DC00766174652074686973206F626A65637491
:1064EC0000596F75206E656564206120626C75655E
:1064FC00206B657920746F206F70656E20746869ED
:10650C007320646F6F7200596F75206E656564201F
:10651C00612079656C6C6F77206B657920746F20C6
:10652C006F70656E207468697320646F6F720059A8
:10653C006F75206E656564206120726564206B65E3
:10654C007920746F206F70656E2074686973206495
:10655C006F6F720045565F566572746963616C4467
:10656C006F6F723A20547269656420746F20636C8B
:10657C006F736520736F6D657468696E67207468DE
:10658C006174207761736E2774206120646F6F7261
:10659C002E00596F7520676F7420746865206368CE
:1065AC0061696E67756E2100596F7520676F742075
:1065BC0074686520424647393030302120204F68BE
:1065CC002C207965732E00596F7520676F742074B9
:1065DC0068652073757065722073686F7467756E6B
:1065EC002100596F7520676F74207468652073687B
:1065FC006F7467756E2100596F7520676F74207406
:10660C00686520706C61736D612067756E2100592F
:10661C006F7520676F742074686520726F636B658B
:10662C0074206C61756E636865722100412063682B
:10663C0061696E73617721202046696E6420736FE7
:10664C006D65206D65617421005069636B65642014
:10665C007570207468652061726D6F722E005069C0
:10666C00636B656420757020746865204D65676187
:10667C0041726D6F7221005069636B656420757097
:10668C002061206865616C746820626F6E75732E72
:10669C00005069636B656420757020616E206172B7
:1066AC006D6F7220626F6E75732E0053757065720C
:1066BC0063686172676521004D6567615370686539
:1066CC00726521005069636B6564207570206120D0
:1066DC00626C7565206B6579636172642E0050691C
:1066EC00636B656420757020612079656C6C6F77C5
:1066FC00206B6579636172642E005069636B65640D
:10670C00207570206120726564206B6579636172FD
:10671C00642E005069636B65642075702061206283
:10672C006C756520736B756C6C206B65792E0050E5
:10673C0069636B656420757020612079656C6C6F82
:10674C007720736B756C6C206B65792E00506963C8
:10675C006B656420757020612072656420736B75A5
:10676C006C6C206B65792E005069636B65642075C9
:10677C00702061207374696D7061636B2E005069B9
:10678C00636B65642075702061206D6564696B694D
:10679C0074207468617420796F75205245414C4C9B
:1067AC0059206E65656421005069636B65642075C2
:1067BC00702061206D6564696B69742E00496E767A
:1067CC00756C6E65726162696C69747921004265E1
:1067DC00727365726B21005061727469616C20492F
:1067EC006E7669736962696C697479005261646967
:1067FC006174696F6E20536869656C64696E67209B
:10680C005375697400436F6D7075746572204172B5
:10681C006561204D6170004C6967687420416D7032
:10682C006C696669636174696F6E205669736F7207
:10683C00005069636B6564207570206120636C691E
:10684C00702E005069636B65642075702061206246
:10685C006F78206F662062756C6C6574732E0050B7
:10686C0069636B6564207570206120726F636B6562
:10687C00742E005069636B65642075702061206212
:10688C006F78206F6620726F636B6574732E005087
:10689C0069636B656420757020616E20656E65722E
:1068AC0067792063656C6C2E005069636B6564209E
:1068BC00757020616E20656E657267792063656CFA
:1068CC006C207061636B2E005069636B656420757E
:1068DC007020342073686F7467756E207368656CF4
:1068EC006C732E005069636B656420757020612099
:1068FC00626F78206F662073686F7467756E207393
:10690C0068656C6C732E005069636B6564207570E0
:10691C002061206261636B7061636B2066756C6CC7
:10692C00206F6620616D6D6F21005370656368691F
:10693C00744F76657272756E3A205761726E696E1D
:10694C00673A20756E61626C6520746F20656D7599
:10695C006C617465616E206F76657272756E2077EE
:10696C0068657265206E756D737065636869743DDA
:10697C0025690A006D6170302569006D61702569AB
:10698C000045565F446F446F6E75743A206C696EA7
:10699C006564656620686164206E6F207365636F43
:1069AC006E6420736964656465662120556E657834
:1069BC00706563746564206265686176696F7220C6
:1069CC006D6179206F6363757220696E2056616EFC
:1069DC00696C6C6120446F6F6D2E200045565F44CE
:1069EC006F446F6E75743A205741524E494E473A78
:1069FC0020656D756C6174696E672062756666657D
:106A0C0072206F76657272756E2064756520746F76
:106A1C00204E554C4C206261636B20736563746F20
:106A2C00722E20556E65787065637465642062659E
:106A3C00686176696F72206D6179206F636375721E
:106A4C0020696E2056616E696C6C6120446F6F6DAD
:106A5C002E00544558545552453100465F5354410D
:106A6C00525400465F454E4400535F5354415254B8
:106A7C0000535F454E4400505F5354415254004301
:106A8C004F4C4F524D415000645F25730044656775
:106A9C007265656C6573736E657373204D6F646599
:106AAC00204F6E004465677265656C6573736E6527
:106ABC007373204D6F6465204F666600416D6D6F7A
:106ACC0020286E6F206B657973292041646465649E
:106ADC00005665727920486170707920416D6D6F38
:106AEC00204164646564004D75736963204368617B
:106AFC006E676500494D504F535349424C452053E6
:106B0C00454C454354494F4E004E6F20436C6970C1
:106B1C0070696E67204D6F6465204F4E004E6F207C
:106B2C00436C697070696E67204D6F6465204F46C9
:106B3C004600506F7765722D757020546F67676CC7
:106B4C00656400696E56756C6E2C205374722C2023
:106B5C00496E7669736F2C205261642C20416C6CE9
:106B6C006D61702C206F72204C6974652D616D7095
:106B7C00002E2E2E20646F65736E27742073756340
:106B8C006B202D20474D00616E673D307825783B9A
:106B9C00782C793D28307825782C30782578290088
:106BAC004368616E67696E67204C6576656C2E2E46
:106BBC002E0069646D79706F73006964636C65761F
:106BCC0000696463686F70706572730069646265F4
:106BDC00686F6C64760069646265686F6C647300DE
:106BEC0069646265686F6C64690069646265686F8A
:106BFC006C64720069646265686F6C6461006964DE
:106C0C006265686F6C646C0069646265686F6C6463
:106C1C00006964636C697000696473706973706F88
:106C2C00706400696466610069646B666100696424
:106C3C006471640069646D75730057494D4150254A
:106C4C006400436F756C64206E6F7420706C6163AC
:106C5C0065207061746368206F6E206C6576656C5E
:106C6C00202564004C45440048454C5031004845B3
:106C7C004C5000646F75626C65207265736574208E
:106C8C002D3E20424F4F5453454C0000D229021048
:106C9C00010200004C2902105429021003020000CA
:106CAC0061290210812902100202000089290210B8
:106CBC00A429021000030000CF330210F2290210A5
:106CCC0000000000AD290210BC29021001020000D6
:106CDC00C7290210CE29021001020000DC29021083
:106CEC00EE29021000030000FC290210002001070D
:106CFC000A0B5B5D4043787B7E7F790204050708B5
:106D0C000A0B0C0E0F10121314151718191A1B1D41
:106D1C001E1F2021222425262728292A2C2D2E2F00
:106D2C003031323334363738393A3B3C3D3E3F40D4
:106D3C0041424345464748494A4B4C4D4E4F5051B2
:106D4C0052535455565758595A5B5C5D5E5F60619F
:106D5C0062636465666768696A6B6C6D6E6F70718F
:106D6C0072737475767778797A7B7C7D7E7F80817F
:106D7C008182838485868788898A8B8C8D8E8F907F
:106D8C00919293949495969798999A9B9C9D9E9F7B
:106D9C00A0A1A2A3A3A4A5A6A7A8A9AAABACADAE7B
:106DAC00AFAFB0B1B2B3B4B5B6B7B8B9BABABBBC81
:106DBC00BDBEBFC0C1C2C3C4C4C5C6C7C8C9CACB87
:106DCC00CCCDCDCECFD0D1D2D3D4D5D6D6D7D8D991
:106DDC00DADBDCDDDEDEDFE0E1E2E3E4E5E6E6E79C
:106DEC00E8E9EAEBECEDEDEEEFF0F1F2F3F4F5F5AA
:106DFC00F6F7F8F9FAFBFCFCFDFEFF0407090B0D96
:106E0C000F11131516181A1B1D1E202123242627BB
:106E1C00282A2B2D2E2F30323334363738393B3C41
:106E2C003D3E3F41424344454648494A4B4C4D4EFA
:106E3C004F5052535455565758595A5B5C5D5E5FD0
:106E4C006061626465666768696A6B6C6D6E6F70B1
:106E5C00717272737475767778797A7B7C7D7E7FAC
:106E6C0080818283848585868788898A8B8C8D8EA8
:106E7C008F9090919293949596979899999A9B9CB0
:106E8C009D9E9FA0A0A1A2A3A4A5A6A6A7A8A9AABF
:106E9C00ABACACADAEAFB0B1B2B2B3B4B5B6B7B7D4
:106EAC00B8B9BABBBCBCBDBEBFC0C1C1C2C3C4C5EE
:106EBC00C5C6C7C8C9C9CACBCCCDCECECFD0D1D20E
:106ECC00D2D3D4D5D5D6D7D8D9D9DADBDCDDDDDE33
:106EDC00DFE0E0E1E2E3E4E4E5E6E7E7E8E9EAEB5A
:106EEC00EBECEDEEEEEFF0F1F1F2F3F4F4F5F6F786
:106EFC00F7F8F9FAFBFBFCFDFEFEFF080C1013166D
:106F0C00181B1D1F22242628292B2D2F31323435F6
:106F1C0037393A3C3D3F404143444647484A4B4C45
:106F2C004D4F50515254555657585A5B5C5D5E5FED
:106F3C006062636465666768696A6B6C6D6E6F70BE
:106F4C007172737475767778797A7B7C7D7E7F80AD
:106F5C00818283848586878788898A8B8C8D8E8FA6
:106F6C008F90919293949596969798999A9B9B9CB7
:106F7C009D9E9FA0A0A1A2A3A4A5A5A6A7A8A9A9D0
:106F8C00AAABACADADAEAFB0B0B1B2B3B4B4B5B6F4
:106F9C00B7B7B8B9BABABBBCBDBDBEBFC0C0C1C221
:106FAC00C3C3C4C5C5C6C7C8C8C9CACACBCCCDCD56
:106FBC00CECFCFD0D1D2D2D3D4D4D5D6D6D7D8D891
:106FCC00D9DADBDBDCDDDDDEDFDFE0E1E1E2E3E3D0
:106FDC00E4E5E5E6E7E7E8E9E9EAEBEBECEDEDEE15
:106FEC00EEEFF0F0F1F2F2F3F4F4F5F6F6F7F7F861
:106FFC00F9F9FAFBFBFCFDFDFEFEFF10171C20242B
:10700C00272A2D30323537393C3E404244454749DA
:10701C004B4C4E505153545657595A5C5D5E6061FF
:10702C006264656667696A6B6C6D6E70717273749D
:10703C0075767778797A7B7C7D7E8080818283847B
:10704C0085868788898A8B8C8D8E8F8F9091929371
:10705C00949596969798999A9B9B9C9D9E9F9FA082
:10706C00A1A2A3A3A4A5A6A6A7A8A9A9AAABACACA8
:10707C00ADAEAFAFB0B1B1B2B3B4B4B5B6B6B7B8DC
:10708C00B8B9BABBBBBCBDBDBEBFBFC0C1C1C2C31A
:10709C00C3C4C4C5C6C6C7C8C8C9CACACBCBCCCD65
:1070AC00CDCECFCFD0D0D1D2D2D3D3D4D5D5D6D6B6
:1070BC00D7D8D8D9D9DADBDBDCDCDDDDDEDFDFE00D
:1070CC00E0E1E1E2E3E3E4E4E5E5E6E6E7E8E8E96C
:1070DC00E9EAEAEBEBECECEDEDEEEFEFF0F0F1F1D1
:1070EC00F2F2F3F3F4F4F5F5F6F6F7F7F8F8F9F93C
:1070FC00FAFAFBFBFCFCFDFEFEFFFF0000000000AB
:10710C00CC170500982F0A0063470F002E5F140060
:10711C00F9761900C28E1E008BA6230053BE2800E0
:10712C0019D62D00DEED3200A1053800631D3D009F
:10713C0023354200E04C47009C644C00557C5100C8
:10714C000B945600BFAB5B0070C360001EDB650088
:10715C00C8F26A00700A700013227500B4397A0004
:10716C0050517F00E96884007D8089000D988E0065
:10717C0098AF93001FC79800A1DE9D001EF6A200D9
:10718C00960DA8000925AD00773CB200DE53B70080
:10719C00416BBC009D82C100F399C60043B1CB008A
:1071AC008DC8D000D0DFD5000CF7DA00420EE0001D
:1071BC007025E500983CEA00B853EF00D16AF40062
:1071CC00E281F900EB98FE00ECAF0301E6C6080182
:1071DC00D6DD0D01BEF412019E0B180176221D01A5
:1071EC00443922010A502701C6662C01787D3101F1
:1071FC0020943601C0AA3B0156C14001E2D745019B
:10720C0062EE4A01DA045001461B5501A8315A01BD
:10721C0000485F014C5E64018C746901C28A6E0186
:10722C00ECA073010CB778011ECD7D0126E3820121
:10723C0020F98701100F8D01F2249201C83A9701B1
:10724C0090509C014E66A101FC7BA6019E91AB0166
:10725C0034A7B001BCBCB50134D2BA01A0E7BF0160
:10726C00FEFCC4014E12CA019027CF01C43CD401CC
:10727C00E851D901FE66DE01047CE301FC90E801D3
:10728C00E6A5ED01BEBAF20188CFF70142E4FC019C
:10729C00ECF80102880D070210220C028C36110248
:1072AC00F44A16024C5F1B0294732002CC87250211
:1072BC00F49B2A0208B02F020CC43402FCD739020A
:1072CC00DCEB3E02A8FF43026413490210274E0276
:1072DC00A83A53022C4E5802A0615D02007562025E
:1072EC004C886702849B6C02ACAE7102BCC1760206
:1072FC00BCD47B02A8E7800280FA8502440D8B0285
:10730C00F41F90028C32950214459A0284579F0206
:10731C00E469A402287CA9025C8EAE0278A0B302B8
:10732C0080B2B80274C4BD0250D6C20218E8C702BB
:10733C00C8F9CC02640BD202E81CD702542EDC0232
:10734C00AC3FE102EC50E6021462EB022473F00253
:10735C002084F5020495FA02CCA5FF0280B6040342
:10736C001CC70903A0D70E030CE8130360F818031D
:10737C0098081E03BC182303C4282803B4382D0313
:10738C008C48320348583703EC673C03747741034D
:10739C00E88646033C964B0378A550039CB45503F2
:1073AC00A4C35A0390D25F0364E164031CF0690325
:1073BC00B8FE6E033C0D7403A01B7903EC297E030D
:1073CC001C3883033046880328548D0300629203D3
:1073DC00C06F9703647D9C03EC8AA1035498A603A9
:1073EC00A0A5AB03D0B2B003E4BFB503DCCCBA03A9
:1073FC00B4D9BF036CE6C4030CF3C90388FFCE03F6
:10740C00EC0BD4032C18D9035424DE035830E303BB
:10741C00403CE8030848ED03B453F2033C5FF70328
:10742C00A86AFC03F875010420810604308C0B0457
:10743C0018971004E8A1150498AC1A0420B71F047F
:10744C0090C12404D8CB290400D62E0410E03304B8
:10745C00F8E93804C0F33D0468FD4204E80648042A
:10746C0050104D0490195204B0225704B02B5C04F8
:10747C0088346104403D6604D8456B04484E700462
:10748C0098567504C85E7A04D8667F04C06E84046E
:10749C0080768904207E8E04A0859304F88C980451
:1074AC0030949D04409BA20428A2A704F0A8AC042D
:1074BC0098AFB10418B6B60470BCBB04A8C2C00423
:1074CC00B8C8C504A0CECA0468D4CF0408DAD40462
:1074DC0080DFD904D0E4DE0400EAE30408EFE8041A
:1074EC00E8F3ED04A0F8F20438FDF704A801FD045C
:1074FC00E8050205080A0705000E0C05D811110550
:10750C008015160500191B05581C2005881F25051C
:10751C0098222A0578252F0530283405C02A3905EC
:10752C00282D3E05682F43058031480570334D05E5
:10753C0030355205C836570540385C058039610531
:10754C00A03A6605983B6B05603C7005003D7505DF
:10755C00703D7A05C03D7F05E03D8405D03D890531
:10756C00A03D8E05403D9305B03C9805F83B9D052C
:10757C00183BA205083AA705D038AC056837B10509
:10758C00D835B6051834BB052832C0051030C505F2
:10759C00D02DCA05602BCF05C028D405F825D905F8
:1075AC000023DE05D81FE305881CE8050819ED0546
:1075BC005815F2057811F705700DFC053809010610
:1075CC00D004060638000B0678FB0F0688F6140666
:1075DC0060F1190610EC1E0690E62306E8E028067A
:1075EC0008DB2D06F8D43206B8CE370650C83C0658
:1075FC00B0C14106E0BA4606E8B34B06B8AC50063B
:10760C0058A55506C89D5A0608965F06188E64063E
:10761C00F8856906A07D6E0620757306686C780681
:10762C0080637D06685A82061851870698478C0637
:10763C00F03D910608349606F8299B06B01FA0066B
:10764C003815A506880AAA06A8FFAE0698F4B30654
:10765C0050E9B806D8DDBD0628D2C20648C6C70612
:10766C0038BACC06F0ADD10670A1D606C094DB06B4
:10767C00D887E006C07AE506786DEA06F05FEF067B
:10768C003852F4065044F9063036FE06D827030764
:10769C0048190807880A0D0790FB110760EC1607BC
:1076AC0000DD1B0768CD200798BD250790AD2A0784
:1076BC00589D2F07E88C3407387C3907586B3E07E8
:1076CC00405A4307F848480770374D07B025520712
:1076DC00C013570790015C0730EF600798DC650713
:1076EC00C0C96A07B8B66F0770A37407F88F79071B
:1076FC00407C7E075068830730548807D03F8D0745
:10770C00382B92076816970758019C0718ECA007AE
:10771C0098D6A507E0C0AA07F0AAAF07C894B4078B
:10772C00607EB907C067BE07E850C307D839C807E1
:10773C008822CD07000BD20738F3D60738DBDB07DE
:10774C0000C3E00788AAE507D891EA07F078EF07AD
:10775C00C85FF4076046F907C82CFE07F01203084F
:10776C00D0F8070880DE0C08F0C3110820A9160811
:10777C00208E1B08D072200850572508903B2A08F1
:10778C00A01F2F0860033408F0E6380830CA3D0803
:10779C0040AD420810904708A0724C0800555108A3
:1077AC0010375608F0185B0880FA5F08E0DB6408B5
:1077BC0000BD6908E09D6E08807E7308E05E780865
:1077CC00003F7D08E01E820890FE8608F0DD8B08E5
:1077DC0010BD9008F09B9508A07A9A0800599F0854
:1077EC002037A4081015A908B0F2AD0810D0B208C3
:1077FC0040ADB708208ABC08C066C1082043C60843
:10780C00401FCB0820FBCF08C0D6D40820B2D90823
:10781C00408DDE082068E308B042E808101DED0832
:10782C0020F7F108F0D0F60880AAFB08D0830009F5
:10783C00E05C0509B0350A09300E0F0980E6130922
:10784C0080BE180940961D09C06D2209F044270915
:10785C00F01B2C09A0F2300910C93509309F3A09E8
:10786C0020753F09C04A44092020490940F54D09BB
:10787C0010CA5209B09E570900735C090047610990
:10788C00D01A660950EE6A0980C16F098094740998
:10789C0030677909A0397E09C00B8309A0DD8709FF
:1078AC0040AF8C09A0809109B051960970229B09B8
:1078BC0000F39F0940C3A4093093A909E062AE0903
:1078CC005032B3098001B80950D0BC09F09EC109EF
:1078DC00406DC609503BCB091009D00990D6D4098C
:1078EC00C0A3D909B070DE09503DE309B009E8091D
:1078FC00C0D5EC0990A1F109206DF6096038FB099F
:10790C005003000A00CE040A6098090A80620E0A2D
:10791C00502C130AE0F5170A20BF1C0A2088210AF4
:10792C00D050260A40192B0A50E12F0A30A9340AEC
:10793C00C070390A00383E0AF0FE420AA0C5470A58
:10794C00008C4C0A2052510AF017560A80DD5A0A54
:10795C00B0A25F0AA067640A502C690AB0F06D0AE5
:10796C00C0B4720A8078770A003C7C0A30FF800A27
:10797C0020C2850AB0848A0A00478F0A0009940A3B
:10798C00C0CA980A308C9D0A504DA20A200EA70A34
:10799C00B0CEAB0AF08EB00AE04EB50A800EBA0A31
:1079AC00E0CDBE0AE08CC30AA04BC80A100ACD0A6F
:1079BC0040C8D10A1086D60AA043DB0AE000E00AD0
:1079CC00D0BDE40A807AE90AD036EE0AE0F2F20A77
:1079DC0090AEF70A006AFC0A2025010B00E0050BAB
:1079EC00809A0A0BB0540F0BA00E140B40C8180B46
:1079FC0080811D0B803A220B30F3260B90AB2B0BA6
:107A0C00A063300B701B350BE0D2390B008A3E0B98
:107A1C00E040430B60F7470BA0AD4C0B8063510B60
:107A2C002019560B60CE5A0B60835F0B0038640B29
:107A3C0060EC680B70A06D0B2054720B9007770BE9
:107A4C00B0BA7B0B706D800BF01F850B10D2890BBD
:107A5C00F0838E0B7035930BA0E6970B90979C0BD5
:107A6C002048A10B60F8A50B50A8AA0BF057AF0B40
:107A7C004007B40B40B6B80BF064BD0B5013C20BEF
:107A8C0050C1C60B106FCB0B701CD00B80C9D40B24
:107A9C004076D90BB022DE0BD0CEE20BA07AE70BEE
:107AAC001026EC0B40D1F00B107CF50B9026FA0B4A
:107ABC00C0D0FE0B907A030C2024080C50CD0C0C7B
:107ACC003076110CC01E160CF0C61A0CE06E1F0C92
:107ADC007016240CB0BD280CA0642D0C300B320C8D
:107AEC0080B1360C70573B0C10FD3F0C50A2440C6F
:107AFC004047490CE0EB4D0C3090520C3034570C95
:107B0C00D0D75B0C207B600C101E650CC0C0690CC0
:107B1C0010636E0C0005730CB0A6770C00487C0C3F
:107B2C00F0E8800CA089850CF0298A0CE0C98E0C39
:107B3C009069930CE008980CE0A79C0C8046A10C73
:107B4C00D0E4A50CC082AA0C6020AF0CB0BDB30C65
:107B5C00B05AB80C50F7BC0C9093C10C802FC60CCB
:107B6C0020CBCA0C7066CF0C6001D40CF09BD80CE7
:107B7C003036DD0C20D0E10CB069E60CF002EB0CD9
:107B8C00D09BEF0C6034F40CA0CCF80C8064FD0C92
:107B9C0000FC010D3093060D102A0B0D90C00F0D3B
:107BAC00B056140D80EC180D00821D0D2017220DFF
:107BBC00F0AB260D60402B0D70D42F0D3068340DBA
:107BCC00A0FB380DB08E3D0D6021420DC0B3460DAB
:107BDC00D0454B0D70D74F0DD068540DC0F9580DD2
:107BEC00708A5D0DB01A620DA0AA660D403A6B0D3D
:107BFC0070C96F0D6058740DE0E6780D10757D0D31
:107C0C00F002820D7090860D901D8B0D50AA8F0D79
:107C1C00C036940DE0C2980DA04E9D0D00DAA10D5A
:107C2C000065A60DB0EFAA0D007AAF0D0004B40DDF
:107C3C00A08DB80DE016BD0DC09FC10D5028C60D0E
:107C4C0090B0CA0D6038CF0DE0BFD30D0047D80DF2
:107C5C00D0CDDC0D3054E10D50DAE50D0060EA0DAD
:107C6C0060E5EE0D606AF30D00EFF70D4073FC0D4F
:107C7C0030F7000EC07A050E00FE090ED0800E0EF5
:107C8C005003130E7085170E40071C0EA088200E93
:107C9C00B009250E608A290EB00A2E0EB08A320E5B
:107CAC00500A370E90893B0E7008400EF086440E39
:107CBC002005490EF0824D0E6000520E707D560E5E
:107CCC0030FA5A0E80765F0E80F2630E206E680ECC
:107CDC0060E96C0E4064710ED0DE750E00597A0EA0
:107CEC00C0D27E0E304C830E50C5870E003E8C0EDB
:107CFC0050B6900E502E950EE0A5990E201D9E0E9E
:107D0C000094A20E800AA70EA080AB0E70F6AF0EE8
:107D1C00D06BB40EE0E0B80E8055BD0ED0C9C10ECC
:107D2C00C03DC60E50B1CA0E8024CF0E5097D30E54
:107D3C00C009D80ED07BDC0E90EDE00EE05EE50EB7
:107D4C00E0CFE90E7040EE0EB0B0F20E8020F70ED0
:107D5C000090FB0E20FFFF0EE06D040F40DC080FBF
:107D6C00304A0D0FD0B7110F1025160FF0911A0FC6
:107D7C0070FE1E0F906A230F50D6270FB0412C0FA8
:107D8C00B0AC300F6017350FA081390F80EB3D0F71
:107D9C000055420F20BE460FE0264B0F408F4F0F71
:107DAC0040F7530FE05E580F20C65C0F002D610F9B
:107DBC008093650FA0F9690F505F6E0FB0C4720FFE
:107DCC00B029770F508E7B0F80F27F0F6056840F97
:107DDC00D0B9880FF01C8D0FA07F910F00E2950F8A
:107DEC00F0439A0F80A59E0FB006A30F8067A70FD4
:107DFC00F0C7AB0F0028B00FB087B40F00E7B80F77
:107E0C00E045BD0F70A4C10F9002C60F5060CA0FA1
:107E1C00B0BDCE0FB01AD30F5077D70F90D3DB0F66
:107E2C00702FE00FE08AE40F00E6E80FB040ED0F92
:107E3C00009BF10FF0F4F50F804EFA0FB0A7FE0F78
:107E4C0080000310E0580710E0B00B1080081010F1
:107E5C00C05F1410A0B61810200D1D104063211027
:107E6C00E0B82510400E2A1020632E10C0B7321037
:107E7C00E00B3710A05F3B1000B33F10000644101E
:107E8C00A0584810E0AA4C10C0FC5010404E5510A1
:107E9C00409F591000F05D10404062102090661019
:107EAC00A0DF6A10C02E6F10807D7310E0CB7710AE
:107EBC00C0197C106067801080B484106001891038
:107ECC00C04D8D10C099911060E59510A0309A109E
:107EDC00607B9E10E0C5A210E00FA710A059AB105C
:107EEC00E0A2AF10C0EBB3104034B810607CBC10F3
:107EFC0000C4C010600BC5104052C910E098CD10E2
:107F0C0000DFD110C024D610006ADA1000AFDE10EA
:107F1C00A0F3E210C037E710807BEB10E0BEEF104F
:107F2C00E001F4108044F810C086FC1080C80011E9
:107F3C00000A0511004B0911A08B0D11E0CB11119A
:107F4C00A00B1611204B1A11208A1E11E0C8221109
:107F5C002007271100452B1160822F1180BF331190
:107F6C0020FC371160383C1160744011C0AF4411D3
:107F7C00E0EA4811A0254D11E05F5111C09955114F
:107F8C0040D35911600C5E1120456211607D661161
:107F9C0040B56A11E0EC6E1100247311A05A7711F0
:107FAC0000917B11E0C67F1160FC83118031881138
:107FBC0040668C11A09A901180CE941100029911F8
:107FCC0020359D11E067A111409AA51120CCA91173
:107FDC00C0FDAD11E02EB211A05FB611E08FBA1149
:107FEC00E0BFBE1160EFC211801EC711404DCB1116
:107FFC00807BCF1180A9D31100D7D7112004DC11BD
:10800C00E030E011205DE4112089E811A0B4EC11FE
:10801C00C0DFF011800AF511C034F911C05EFD11FA
:10802C004088011260B1051200DA091260020E12CA
:10803C00402A1212C0511612E0781A12809F1E129A
:10804C00E0C52212C0EB261220112B1240362F1243
:10805C00005B3312407F371220A33B1280C63F12C5
:10806C00A0E94312400C4812802E4C126050501262
:10807C00E0715412E092581280B35C12C0D36012BB
:10808C00A0F364120013691200326D12A050711229
:10809C00E06E7512A08C791200AA7D1200C78112B5
:1080AC00A0E38512E0FF8912A01B8E1200379212FA
:1080BC0000529612806C9A12A0869E1260A0A21298
:1080CC00C0B9A612C0D2AA1240EBAE126003B31212
:1080DC00201BB7126032BB124049BF12C05FC312E3
:1080EC00E075C712808BCB12E0A0CF12C0B5D312B3
:1080FC0020CAD71240DEDB12E0F1DF122005E412B9
:10810C000018E812602AEC12603CF012004EF412D7
:10811C00405FF8120070FC12608000136090041332
:10812C0000A0081320AF0C13E0BD101340CC1413A7
:10813C0020DA1813A0E71C13C0F4201380012513B8
:10814C00E00D2913C0192D13402531134030351380
:10815C00003B391340453D13204F411380584513C4
:10816C0080614913206A4D1360725113207A5513A4
:10817C00A0815913A0885D13208F6113409565135E
:10818C00209B691360A06D1360A57113E0A9751392
:10819C0000AE7913C0B17D1300B58113E0B7851320
:1081AC0060BA891360BC8D1320BE911360BF951308
:1081BC0020C09913A0C09D13A0C0A11340C0A5134B
:1081CC0060BFA91340BEAD13A0BCB11380BAB513E8
:1081DC0020B8B91340B5BD1300B2C11340AEC513DE
:1081EC0020AAC913A0A5CD13C0A0D113609BD51391
:1081FC00C095D913808FDD130089E1130082E5133C
:10820C00A07AE913E072ED13A06AF1130062F51382
:10821C000059F913804FFD13C0450114603B051440
:10822C00C0300914A0250D14201A1114400E151479
:10823C00E001191440F51C1400E8201480DA241411
:10824C0080CC281420BE2C1460AF301420A0341421
:10825C008090381480803C1400704014205F4414CB
:10826C00E04D4814403C4C14202A5014A0175414D0
:10827C00C004581460F15B14A0DD5F1480C9631452
:10828C00E0B46714E09F6B14808A6F14C07473148D
:10829C00805E7714E0477B14E0307F146019831400
:1082AC008001871440E98A1480D08E1460B7921430
:1082BC00E09D961400849A14A0699E14E04EA214BA
:1082CC00A033A6142018AA1420FCAD14A0DFB114FE
:1082DC00E0C2B514A0A5B9140088BD14E069C1149E
:1082EC00604BC514802CC914400DCD1480EDD014F6
:1082FC0060CDD414C0ACD814E08BDC14806AE014CC
:10830C00C048E4148026E814E003EC14E0E0EF1419
:10831C0060BDF314A099F7144075FB14A050FF1422
:10832C00802B03150006071520E00A15C0B90E15A1
:10833C0000931215E06B161540441A15601C1E159F
:10834C00E0F3211520CB2515E0A1291540782D153A
:10835C00204E3115C0233515E0F8381580CD3C156D
:10836C00E0A14015C075441520494815401C4C151A
:10837C00E0EE4F1520C15315E092571560645B1564
:10838C0040355F15E005631500D66615C0A56A1566
:10839C0020756E150044721580127615A0E07915C3
:1083AC0040AE7D15807B811560488515E0148915DC
:1083BC00E0E08C1580AC9015A07794158042981550
:1083CC00E00C9C15C0D69F1560A0A3158069A7155D
:1083DC002032AB1580FAAE1560C2B215E089B61525
:1083EC00E050BA158017BE15C0DDC115A0A3C51588
:1083FC000069C915002ECD15A0F2D015C0B6D41544
:10840C00807AD815E03DDC15C000E01540C3E315BB
:10841C006085E7152047EB156008EF1540C9F2158C
:10842C00C089F615C049FA156009FE15A0C80116D9
:10843C0060870516C0450916C0030D1640C11016FD
:10844C00607E1416203B181680F71B1660B31F169F
:10845C00E06E2316002A2716A0E42A16E09E2E169C
:10846C00C05832162012361620CB3916C0833D1652
:10847C00003C4116C0F3441620AB481620624C1643
:10848C00A0185016C0CE531680845716C0395B16F0
:10849C00A0EE5E1620A3621640576616E00A6A1616
:1084AC0020BE6D16007171166023751660D5781696
:1084BC0000877C1620388016E0E8831640998716D2
:1084CC0040498B16C0F88E16E0A79216A056961649
:1084DC00E0049A16C0B29D164060A116400DA51678
:1084EC0000BAA8162066AC160012B01660BDB31602
:1084FC006068B7160013BB1640BDBE160067C216E7
:10850C006010C61640B9C916C061CD16E009D11667
:10851C00A0B1D416E058D816E0FFDB1640A6DF1643
:10852C00604CE31600F2E6164097EA16203CEE1675
:10853C0080E0F1168084F5162028F91660CBFC1625
:10854C00206E00178010041760B2071700540B1729
:10855C0020F50E17E09512172036161700D61917AE
:10856C0080751D17A014211740B3241780512817AC
:10857C0060EF2B17E08C2F17E029331780C63617C6
:10858C00C0623A1780FE3D17E0994117E034451759
:10859C0080CF4817A0694C1760035017C09C531725
:1085AC00A035571720CE5A1740665E1700FE61178C
:1085BC0040956517202C6917A0C26C17C05870170E
:1085CC0060EE7317A083771780187B17E0AC7E17CB
:1085DC00E040821780D48517C067891780FA8C1702
:1085EC00E08C9017E01E941780B09717A0419B1752
:1085FC0060D29E17C062A217A0F2A5172082A917FD
:10860C004011AD1700A0B017402EB41740BCB717DF
:10861C00C049BB17C0D6BE178063C217C0EFC517C1
:10862C00807BC9170007CD170092D017A01CD41758
:10863C00E0A6D717C030DB1720BADE172043E217AD
:10864C00C0CBE517E053E917C0DBEC172063F0173C
:10865C0000EAF317A070F717C0F6FA17807CFE1724
:10866C00E0010218C0860518400B0918608F0C1821
:10867C00201310188096131860191718E09B1A18FD
:10868C00001E1E18A09F2118E0202518C0A1281834
:10869C0040222C1840A22F180022331840A1361863
:1086AC0000203A18809E3D18801C4118209A4418CE
:1086BC006017481840944B18A0104F18A08C5218F3
:1086CC00400856186083591840FE5C18A078601852
:1086DC00A0F26318206C671860E56A18205E6E18AB
:1086EC0080D67118804E751800C67818203D7C18FD
:1086FC00E0B37F18402A831840A08618C0158A184A
:10870C00E08A8D18A0FF9018E0739418E0E7971892
:10871C00605B9B1880CE9E184041A21880B3A518B0
:10872C006025A918E096AC180008B018C078B318EA
:10873C0000E9B618E058BA1860C8BD188037C118DF
:10874C0040A6C4188014C8186082CB18E0EFCE186D
:10875C00005DD218A0C9D518E035D918C0A1DC1815
:10876C00400DE0186078E31800E3E618404DEA1875
:10877C0020B7ED18A020F118A089F41860F2F718B2
:10878C00A05AFB1880C2FE18E029021900910519A5
:10879C00A0F70819E05D0C19C0C30F194029131973
:1087AC00408E1619E0F2191940571D1900BB2019FB
:1087BC00801E2419A081271940E42A1980462E19FD
:1087CC0060A83119E0093519E06A381980CB3B19DA
:1087DC00E02B3F19A08B421920EB4519404A49194F
:1087EC00E0A84C19200750190065531980C256197E
:1087FC00A01F5A19407C5D1980D860196034641927
:10880C00E08F671900EB6A19A0456E1900A0711969
:10881C00E0F974196053781980AC7B1920057F1925
:10882C00805D821960B58519E00C891900648C197A
:10883C00C0BA8F19001193190067961980BC991949
:10884C00A0119D196066A019C0BAA319A00EA71992
:10885C004062AA1960B5AD192008B119805AB41933
:10886C0060ACB71900FEBA19204FBE1900A0C1198F
:10887C0060F0C4196040C819E08FCB1920DFCE1905
:10888C00002ED219607CD51960CAD8190018DC19D1
:10889C004065DF1900B2E21980FEE519804AE9193A
:1088AC004096EC1980E1EF19602CF319C076F6199B
:1088BC00E0C0F919800AFD19E053001AC09C031A94
:1088CC0040E5061A602D0A1A20750D1A60BC101AA4
:1088DC006003141AE049171A00901A1AC0D51D1A11
:1088EC00201B211A2060241AC0A4271AE0E82A1A97
:1088FC00C02C2E1A2070311A20B3341AC0F5371A36
:10890C0000383B1AE0793E1A40BB411A60FC441A0D
:10891C00003D481A407D4B1A40BD4E1AC0FC511AFE
:10892C00C03B551A807A581AE0B85B1AC0F65E1A2A
:10893C006034621A8071651A40AE681AA0EA6B1A2C
:10894C00A0266F1A4062721A809D751A40D8781A48
:10895C00C0127C1AC04C7F1A6086821AC0BF851A5E
:10896C00A0F8881A20318C1A20698F1AE0A0921A6C
:10897C0040D8951A200F991AC0459C1AE07B9F1A73
:10898C00A0B1A21A00E7A51A201CA91AA050AC1A73
:10899C00E084AF1AC0B8B21A40ECB51A401FB91A2D
:1089AC000052BC1A4084BF1A20B6C21AC0E7C51ABE
:1089BC00E018C91AA049CC1A007ACF1AE0A9D21A29
:1089CC0080D9D51AC008D91AA037DC1A0066DF1A6C
:1089DC000094E21AC0C1E51A00EFE81AE01BEC1A89
:1089EC006048EF1A8074F21A40A0F51AA0CBF81A5E
:1089FC00A0F6FB1A4021FF1A804B021B4075051B89
:108A0C00C09E081BC0C70B1B80F00E1BC018121B8E
:108A1C00A040151B4068181B608F1B1B20B61E1B2B
:108A2C0080DC211B8002251B2028281B604D2B1B62
:108A3C0020722E1BA096311BC0BA341B60DE371B74
:108A4C00C0013B1BC0243E1B4047411B6069441BBB
:108A5C00408B471BA0AC4A1BA0CD4D1B60EE501B9E
:108A6C00A00E541B802E571B004E5A1B206D5D1BF5
:108A7C00E08B601B40AA631B40C8661BE0E5691BCA
:108A8C0020036D1B0020701B803C731B8058761BD1
:108A9C004074791BA08F7C1BA0AA7F1B20C5821B56
:108AAC0060DF851B40F9881BA0128C1BC02B8F1B11
:108ABC006044921BC05C951BA074981B408C9B1B44
:108ACC0060A39E1B20BAA11BA0D0A41BA0E6A71BD1
:108ADC0060FCAA1BA011AE1B8026B11B203BB41B53
:108AEC00404FB71B0063BA1B8076BD1B8089C01B2F
:108AFC00209CC31B60AEC61B60C0C91BE0D1CC1B45
:108B0C0000E3CF1BE0F3D21B4004D61B4014D91B4F
:108B1C00E023DC1B4033DF1B2042E21BA050E51B93
:108B2C00C05EE81BA06CEB1B007AEE1B0087F11BF0
:108B3C00C093F41B00A0F71BE0ABFA1B80B7FD1B26
:108B4C00A0C2001C60CD031CE0D7061CE0E1091C90
:108B5C00A0EB0C1CE0F40F1CE0FD121C6006161CB4
:108B6C00A00E191C60161C1CE01D1F1CE024221CEE
:108B7C00A02B251C0032281CE0372B1C803D2E1C02
:108B8C00C042311CA047341C004C371C20503A1CEE
:108B9C00E0533D1C4057401C405A431CE05C461CB3
:108BAC00205F491C00614C1C80624F1CA063521C4E
:108BBC008064551CE064581CE0645B1CA0645E1C63
:108BCC00E063611CC062641C6061671C805F6A1C8E
:108BDC00605D6D1CE05A701CE057731CA054761C31
:108BEC000051791C004D7C1CA0487F1CE043821C6A
:108BFC00C03E851C4039881C60338B1C402D8E1C5C
:108C0C00A026911CC01F941C6018971CC0109A1CA5
:108C1C00A0089D1C4000A01C80F7A21C60EEA51CA7
:108C2C00C0E4A81CE0DAAB1CC0D0AE1C20C6B11C42
:108C3C0020BBB41CC0AFB71C20A4BA1C0098BD1C30
:108C4C00A08BC01CC07EC31CA071C61C2064C91C98
:108C5C004056CC1C0048CF1C6039D21C602AD51C55
:108C6C00201BD81C600BDB1C60FBDD1CE0EAE01C4D
:108C7C0020DAE31C00C9E61C80B7E91CA0A5EC1C9B
:108C8C006093EF1CC080F21CC06DF51C805AF81C60
:108C9C00C046FB1CC032FE1C601E011D8009041D59
:108CAC0060F4061D00DF091D20C90C1DE0B20F1D6C
:108CBC00409C121D6085151D206E181D80561B1DB5
:108CCC00603E1E1D2026211D600D241D40F4261D16
:108CDC00C0DA291D00C12C1DE0A62F1D408C321DB1
:108CEC006071351D2056381DA03A3B1DA01E3E1D3F
:108CFC006002411DA0E5431DA0C8461D40AB491DA7
:108D0C00808D4C1D606F4F1DE050521D2032551D43
:108D1C00E012581D60F35A1D80D35D1D40B3601DD9
:108D2C00A092631DC071661D6050691DC02E6C1D24
:108D3C00C00C6F1D60EA711DA0C7741D80A4771D47
:108D4C0020817A1D405D7D1D2039801DA014831D5E
:108D5C00C0EF851D80CA881D00A58B1D007F8E1D50
:108D6C00C058911D2032941D200B971DE0E3991DD6
:108D7C0020BC9C1D20949F1DC06BA21D0043A51DF3
:108D8C00E019A81D60F0AA1DA0C6AD1D609CB01D09
:108D9C00E071B31D0047B61DE01BB91D40F0BB1DB3
:108DAC0060C4BE1D2098C11D806BC41D803EC71DB4
:108DBC002011CA1D80E3CC1D80B5CF1D2087D21D8C
:108DCC006058D51D4029D81DE0F9DA1D20CADD1DDB
:108DDC00009AE01D8069E31DA038E61D8007E91D9F
:108DEC0000D6EB1D20A4EE1DE071F11D403FF41DDB
:108DFC00600CF71D20D9F91D80A5FC1D8071FF1D8D
:108E0C00403D021EA008051EA0D3071E409E0A1E50
:108E1C0080680D1E8032101E20FC121E60C5151EAF
:108E2C00408E181EE0561B1E001F1E1EE0E6201E64
:108E3C0080AE231EA075261E803C291E00032C1E0E
:108E4C0020C92E1EE08E311E6054341E8019371E30
:108E5C0040DE391EA0A23C1EC0663F1E802A421E68
:108E6C00E0ED441EE0B0471EA0734A1E00364D1EB6
:108E7C0000F84F1EA0B9521E007B551E003C581E18
:108E8C00A0FC5A1EE0BC5D1EE07C601E803C631E94
:108E9C00C0FB651EA0BA681E40796B1E80376E1E23
:108EAC0060F5701E00B3731E2070761E002D791EA7
:108EBC00A0E97B1EC0A57E1EA061811E201D841E04
:108ECC0040D8861E2093891EA04D8C1EC0078F1E75
:108EDC00A0C1911E007B941E4034971E00ED991E7C
:108EEC0060A59C1E805D9F1E6015A21EC0CCA41E9A
:108EFC00E083A71EA03AAA1E00F1AC1E20A7AF1E4D
:108F0C00E05CB21E4012B51E60C7B71E207CBA1EB4
:108F1C008030BD1E80E4BF1E4098C21EA04BC51EF3
:108F2C00A0FEC71E60B1CA1EC063CD1EC015D01EE8
:108F3C0080C7D21EE078D51EE029D81E80DADA1E52
:108F4C00E08ADD1EE03AE01EA0EAE21E009AE51E71
:108F5C000049E81EA0F7EA1E00A6ED1E0054F01E04
:108F6C00A001F31E00AFF51E005CF81EC008FB1E2E
:108F7C0000B5FD1E0061001FC00C031F00B8051FCB
:108F8C000063081FC00D0B1F20B80D1F2062101F9F
:108F9C00C00B131F20B5151F205E181FC0061B1F0A
:108FAC0020AF1D1F2057201FE0FE221F20A6251FCB
:108FBC00404D281FE0F32A1F409A2D1F4040301FC0
:108FCC0000E6321F608B351F6030381F00D53A1F0A
:108FDC0060793D1F801D401F20C1421FA064451FAA
:108FEC00A007481F60AA4A1FC04C4D1FE0EE4F1F40
:108FFC008090521F0032551F00D3571FC0735A1F49
:10900C0040145D1F60B45F1F2054621F80F3641F07
:10901C00A092671F60316A1FE0CF6C1F006E6F1F3C
:10902C00E00B721F40A9741F8046771F40E3791F25
:10903C00C07F7C1F001C7F1FC0B7811F4053841F43
:10904C0080EE861F6089891FE0238C1F20BE8E1F37
:10905C000058911FA0F1931FE08A961FC023991FFF
:10906C0060BC9B1FA0549E1F80ECA01F2084A31FDC
:10907C00801BA61F80B2A81F2049AB1F60DFAD1F4D
:10908C006075B01F200BB31F80A0B51F8035B81FB3
:10909C0040CABA1FA05EBD1FA0F2BF1F6086C21FD0
:1090AC00E019C51FE0ACC71FC03FCA1F20D2CC1FA0
:1090BC004064CF1F20F6D11FA087D41FC018D71F24
:1090CC00A0A9D91F203ADC1F60CADE1F405AE11F3D
:1090DC00E0E9E31F2079E61F0008E91FA096EB1FCB
:1090EC00E024EE1FE0B2F01F8040F31FE0CDF51F2F
:1090FC00E05AF81FA0E7FA1F0074FD1F00000020C3
:10910C0019004B007D00AF00E2001401460178010C
:10911C00AB01DD010F0242027402A602D8020B035E
:10912C003D036F03A103D403060438046A049D04B1
:10913C00CF040105330566059805CA05FC052F0605
:10914C0061069306C506F8062A075C078E07C10759
:10915C00F307250857088A08BC08EE0820095309AC
:10916C008509B709E9091B0A4E0A800AB20AE40A02
:10917C00170B490B7B0BAD0BDF0B120C440C760C55
:10918C00A80CDB0C0D0D3F0D710DA30DD50D080EAC
:10919C003A0E6C0E9E0ED00E030F350F670F990F03
:1091AC00CB0FFD0F301062109410C610F8102A115E
:1091BC005D118F11C111F311251257128912BC12B6
:1091CC00EE12201352138413B613E8131A144D1411
:1091DC007F14B114E314151547157915AB15DD156E
:1091EC000F1641167416A616D8160A173C176E17CA
:1091FC00A017D2170418361868189A18CC18FE182D
:10920C00301962199419C619F8192A1A5C1A8E1A8F
:10921C00C01AF21A241B561B881BBA1BEC1B1E1CF3
:10922C00501C821CB41CE61C181D4A1D7C1DAE1D56
:10923C00E01D111E431E751EA71ED91E0B1F3D1FC0
:10924C006F1FA11FD31F0420362068209A20CC202A
:10925C00FE20302161219321C521F72129225A2298
:10926C008C22BE22F022222353238523B723E92309
:10927C001B244C247E24B024E22413254525772579
:10928C00A825DA250C263E266F26A126D3260427F0
:10929C00362768279927CB27FD272E286028922868
:1092AC00C328F528262958298A29BB29ED291E2AE5
:1092BC00502A822AB32AE52A162B482B792BAB2B62
:1092CC00DC2B0E2C3F2C712CA22CD42C052D372DE5
:1092DC00682D9A2DCB2DFD2D2E2E602E912EC22E6B
:1092EC00F42E252F572F882FBA2FEB2F1C304E30F2
:1092FC007F30B030E230133144317631A731D83180
:10930C000A323B326C329D32CF320033313362330E
:10931C009433C533F633273459348A34BB34EC34A4
:10932C001D354F358035B135E2351336443675363B
:10933C00A636D83609373A376B379C37CD37FE37D8
:10934C002F3860389138C238F3382439553986397A
:10935C00B739E839193A4A3A7B3AAC3ADD3A0E3B1E
:10936C003F3B6F3BA03BD13B023C333C643C953CC8
:10937C00C53CF63C273D583D893DBA3DEA3D1B3E78
:10938C004C3E7D3EAD3EDE3E0F3F3F3F703FA13F2A
:10939C00D23F0240334064409440C540F5402641E2
:1093AC0057418741B841E84119424A427A42AB429F
:1093BC00DB420C433C436D439D43CE43FE432F4461
:1093CC005F448F44C044F044214551458145B2452A
:1093DC00E245134643467346A446D44604473447F5
:1093EC0065479547C547F547264856488648B648C9
:1093FC00E748174947497749A749D749074A384A9F
:10940C00684A984AC84AF84A284B584B884BB84B7C
:10941C00E84B184C484C784CA84CD84C084D384D5F
:10942C00684D984DC84DF74D274E574E874EB74E49
:10943C00E74E164F464F764FA64FD64F0550355038
:10944C0065509550C450F450245153518351B3512D
:10945C00E251125241527152A152D05200532F5329
:10946C005F538E53BE53ED531D544C547C54AB542C
:10947C00DB540A55395569559855C855F755265634
:10948C0056568556B456E356135742577157A15743
:10949C00D057FF572E585D588C58BC58EB581A595A
:1094AC0049597859A759D659055A345A635A925A78
:1094BC00C15AF05A1F5B4E5B7D5BAC5BDB5B0A5C9D
:1094CC00395C685C975CC65CF45C235D525D815DC5
:1094DC00B05DDE5D0D5E3C5E6B5E995EC85EF75EF8
:1094EC00255F545F835FB15FE05F0F603D606C6030
:1094FC009A60C960F760266154618361B161E06173
:10950C000E623D626B629962C862F66225635363B8
:10951C008163B063DE630C643A6469649764C56408
:10952C00F364216550657E65AC65DA650866366660
:10953C0064669266C066EE661C674A677867A667C3
:10954C00D467026830685E688C68BA68E868166927
:10955C00436971699F69CD69FB69286A566A846A97
:10956C00B16ADF6A0D6B3A6B686B966BC36BF16B10
:10957C001E6C4C6C7A6CA76CD56C026D306D5D6D8D
:10958C008A6DB86DE56D136E406E6D6E9B6EC86E18
:10959C00F56E236F506F7D6FAA6FD86F05703270A8
:1095AC005F708C70BA70E770147141716E719B7141
:1095BC00C871F57122724F727C72A972D6720373E4
:1095CC0030735D738973B673E37310743D7469748F
:1095DC009674C374F0741C7549757675A275CF7545
:1095EC00FC75287655768176AE76DA760777337702
:1095FC0060778C77B977E57712783E786A789778C8
:10960C00C378EF781C7948797479A079CD79F97998
:10961C00257A517A7D7AAA7AD67A027B2E7B5A7B6E
:10962C00867BB27BDE7B0A7C367C627C8E7CBA7C51
:10963C00E67C117D3D7D697D957DC17DEC7D187E3F
:10964C00447E707E9B7EC77EF37E1E7F4A7F767F34
:10965C00A17FCD7FF87F24804F807B80A680D28035
:10966C00FD80298154817F81AB81D68101822D823D
:10967C0058828382AE82DA82058330835B83868351
:10968C00B183DC83078433845E848984B484DF846F
:10969C00098534855F858A85B585E0850B86368698
:1096AC0060868B86B686E1860B87368761878B87CB
:1096BC00B687E1870B88368860888B88B588E08808
:1096CC000A8935895F898A89B489DE89098A338A4E
:1096DC005D8A888AB28ADC8A068B318B5B8B858BA0
:1096EC00AF8BD98B038C2D8C578C818CAB8CD58C00
:1096FC00FF8C298D538D7D8DA78DD18DFB8D248E67
:10970C004E8E788EA28ECB8EF58E1F8F498F728FD8
:10971C009C8FC58FEF8F199042906C909590BF9055
:10972C00E89011913B9164918E91B791E0910A92DE
:10973C0033925C928592AF92D89201932A93539371
:10974C007C93A593CE93F7932094499472949B9415
:10975C00C494ED9416953F9568959095B995E295BE
:10976C000B9633965C968596AD96D696FF96279774
:10977C0050977897A197C997F2971A9843986B9836
:10978C009398BC98E4980C9935995D998599AD9905
:10979C00D699FE99269A4E9A769A9E9AC69AEE9ADF
:1097AC00169B3E9B669B8E9BB69BDE9B069C2E9CC3
:1097BC00559C7D9CA59CCD9CF49C1C9D449D6C9DB6
:1097CC00939DBB9DE29D0A9E319E599E809EA89EB4
:1097DC00CF9EF79E1E9F459F6D9F949FBB9FE39FBF
:1097EC000AA031A058A07FA0A7A0CEA0F5A01CA1D4
:1097FC0043A16AA191A1B8A1DFA106A22DA254A2F6
:10980C007BA2A1A2C8A2EFA216A33CA363A38AA326
:10981C00B0A3D7A3FEA324A44BA471A498A4BEA464
:10982C00E5A40BA532A558A57EA5A5A5CBA5F1A5AC
:10983C0018A63EA664A68AA6B0A6D7A6FDA623A700
:10984C0049A76FA795A7BBA7E1A707A82DA853A861
:10985C0078A89EA8C4A8EAA810A935A95BA981A9D3
:10986C00A6A9CCA9F2A917AA3DAA62AA88AAADAA50
:10987C00D3AAF8AA1EAB43AB68AB8EABB3ABD8ABD9
:10988C00FDAB23AC48AC6DAC92ACB7ACDCAC01AD71
:10989C0026AD4BAD70AD95ADBAADDFAD04AE29AE16
:1098AC004EAE73AE97AEBCAEE1AE06AF2AAF4FAFC5
:1098BC0073AF98AFBDAFE1AF06B02AB04FB073B085
:1098CC0097B0BCB0E0B004B129B14DB171B196B153
:1098DC00BAB1DEB102B226B24AB26EB292B2B6B22E
:1098EC00DAB2FEB222B346B36AB38EB3B2B3D5B317
:1098FC00F9B31DB441B464B488B4ACB4CFB4F3B40C
:10990C0016B53AB55DB581B5A4B5C8B5EBB50EB60F
:10991C0032B655B678B69BB6BFB6E2B605B728B721
:10992C004BB76EB791B7B4B7D7B7FAB71DB840B845
:10993C0063B886B8A9B8CCB8EEB811B934B956B971
:10994C0079B99CB9BEB9E1B903BA26BA48BA6BBAAF
:10995C008DBAB0BAD2BAF4BA17BB39BB5BBB7EBBFB
:10996C00A0BBC2BBE4BB06BC28BC4ABC6DBC8FBC54
:10997C00B1BCD2BCF4BC16BD38BD5ABD7CBD9EBDBD
:10998C00BFBDE1BD03BE24BE46BE68BE89BEABBE34
:10999C00CCBEEEBE0FBF31BF52BF74BF95BFB6BFBA
:1099AC00D8BFF9BF1AC03BC05CC07EC09FC0C0C04E
:1099BC00E1C002C123C144C165C186C1A7C1C8C1F0
:1099CC00E8C109C22AC24BC26BC28CC2ADC2CDC2A5
:1099DC00EEC20FC32FC350C370C391C3B1C3D1C365
:1099EC00F2C312C432C453C473C493C4B3C4D3C437
:1099FC00F4C414C534C554C574C594C5B4C5D4C514
:109A0C00F3C513C633C653C673C692C6B2C6D2C606
:109A1C00F1C611C731C750C770C78FC7AFC7CEC704
:109A2C00EEC70DC82CC84CC86BC88AC8A9C8C9C811
:109A3C00E8C807C926C945C964C983C9A2C9C1C92F
:109A4C00E0C9FFC91ECA3DCA5BCA7ACA99CAB8CA5C
:109A5C00D6CAF5CA14CB32CB51CB6FCB8ECBACCB99
:109A6C00CBCBE9CB07CC26CC44CC62CC81CC9FCCE5
:109A7C00BDCCDBCCF9CC17CD36CD54CD72CD90CD41
:109A8C00ADCDCBCDE9CD07CE25CE43CE60CE7ECEAF
:109A9C009CCEBACED7CEF5CE12CF30CF4DCF6BCF2A
:109AAC0088CFA6CFC3CFE0CFFECF1BD038D056D0B7
:109ABC0073D090D0ADD0CAD0E7D004D121D13ED153
:109ACC005BD178D195D1B2D1CFD1EBD108D225D2FF
:109ADC0042D25ED27BD297D2B4D2D1D2EDD20AD3BB
:109AEC0026D342D35FD37BD397D3B4D3D0D3ECD389
:109AFC0008D424D441D45DD479D495D4B1D4CDD464
:109B0C00E9D405D520D53CD558D574D590D5ABD551
:109B1C00C7D5E3D5FED51AD635D651D66CD688D650
:109B2C00A3D6BED6DAD6F5D610D72CD747D762D760
:109B3C007DD798D7B3D7CED7EAD704D81FD83AD881
:109B4C0055D870D88BD8A6D8C1D8DBD8F6D811D9AF
:109B5C002BD946D960D97BD995D9B0D9CAD9E5D9F1
:109B6C00FFD919DA34DA4EDA68DA82DA9DDAB7DA42
:109B7C00D1DAEBDA05DB1FDB39DB53DB6DDB87DBA3
:109B8C00A1DBBADBD4DBEEDB08DC21DC3BDC54DC18
:109B9C006EDC88DCA1DCBBDCD4DCEDDC07DD20DD9D
:109BAC0039DD53DD6CDD85DD9EDDB8DDD1DDEADD33
:109BBC0003DE1CDE35DE4EDE67DE7FDE98DEB1DED8
:109BCC00CADEE3DEFBDE14DF2DDF45DF5EDF76DF92
:109BDC008FDFA7DFC0DFD8DFF1DF09E021E03AE05B
:109BEC0052E06AE082E09AE0B2E0CAE0E2E0FAE039
:109BFC0012E12AE142E15AE172E18AE1A2E1B9E122
:109C0C00D1E1E9E100E218E22FE247E25EE276E21E
:109C1C008DE2A5E2BCE2D3E2EBE202E319E330E32E
:109C2C0047E35FE376E38DE3A4E3BBE3D2E3E9E34D
:109C3C00FFE316E42DE444E45BE471E488E49FE480
:109C4C00B5E4CCE4E2E4F9E40FE526E53CE552E5C5
:109C5C0069E57FE595E5ABE5C2E5D8E5EEE504E61B
:109C6C001AE630E646E65CE672E688E69EE6B3E681
:109C7C00C9E6DFE6F5E60AE720E736E74BE761E7FA
:109C8C0076E78CE7A1E7B6E7CCE7E1E7F6E70CE887
:109C9C0021E836E84BE860E875E88AE89FE8B4E824
:109CAC00C9E8DEE8F3E808E91DE931E946E95BE9D2
:109CBC006FE984E999E9ADE9C2E9D6E9EBE9FFE995
:109CCC0013EA28EA3CEA50EA64EA79EA8DEAA1EA66
:109CDC00B5EAC9EADDEAF1EA05EB19EB2DEB41EB4C
:109CEC0054EB68EB7CEB90EBA3EBB7EBCBEBDEEB45
:109CFC00F2EB05EC19EC2CEC3FEC53EC66EC79EC4C
:109D0C008CECA0ECB3ECC6ECD9ECECECFFEC12ED6B
:109D1C0025ED38ED4BED5EED71ED83ED96EDA9ED96
:109D2C00BBEDCEEDE1EDF3ED06EE18EE2BEE3DEED8
:109D3C004FEE62EE74EE86EE99EEABEEBDEECFEE2C
:109D4C00E1EEF3EE05EF17EF29EF3BEF4DEF5FEF91
:109D5C0071EF82EF94EFA6EFB7EFC9EFDBEFECEF0B
:109D6C00FEEF0FF021F032F043F055F066F077F093
:109D7C0089F09AF0ABF0BCF0CDF0DEF0EFF000F132
:109D8C0011F122F133F144F154F165F176F187F1DF
:109D9C0097F1A8F1B8F1C9F1D9F1EAF1FAF10BF2A6
:109DAC001BF22BF23CF24CF25CF26CF27CF28CF279
:109DBC009CF2ADF2BDF2CCF2DCF2ECF2FCF20CF364
:109DCC001CF32BF33BF34BF35AF36AF379F389F35C
:109DDC0098F3A8F3B7F3C7F3D6F3E5F3F5F304F46C
:109DEC0013F422F431F440F44FF45EF46DF47CF48B
:109DFC008BF49AF4A9F4B8F4C6F4D5F4E4F4F2F4C0
:109E0C0001F50FF51EF52CF53BF549F558F566F502
:109E1C0074F582F591F59FF5ADF5BBF5C9F5D7F560
:109E2C00E5F5F3F501F60FF61DF62BF638F646F6CA
:109E3C0054F662F66FF67DF68AF698F6A5F6B3F64A
:109E4C00C0F6CEF6DBF6E8F6F5F603F710F71DF7DD
:109E5C002AF737F744F751F75EF76BF778F785F782
:109E6C0092F79EF7ABF7B8F7C5F7D1F7DEF7EAF73D
:109E7C00F7F703F810F81CF828F835F841F84DF806
:109E8C005AF866F872F87EF88AF896F8A2F8AEF8E6
:109E9C00BAF8C6F8D2F8DDF8E9F8F5F801F90CF9DA
:109EAC0018F923F92FF93BF946F951F95DF968F9DD
:109EBC0073F97FF98AF995F9A0F9ABF9B7F9C2F9F9
:109ECC00CDF9D8F9E3F9EDF9F8F903FA0EFA19FA24
:109EDC0023FA2EFA39FA43FA4EFA58FA63FA6DFA63
:109EEC0078FA82FA8CFA97FAA1FAABFAB5FAC0FAB8
:109EFC00CAFAD4FADEFAE8FAF2FAFCFA05FB0FFB1E
:109F0C0019FB23FB2DFB36FB40FB4AFB53FB5DFB94
:109F1C0066FB70FB79FB83FB8CFB95FB9EFBA8FB24
:109F2C00B1FBBAFBC3FBCCFBD5FBDEFBE7FBF0FBC9
:109F3C00F9FB02FC0BFC14FC1CFC25FC2EFC36FC77
:109F4C003FFC48FC50FC59FC61FC69FC72FC7AFC3F
:109F5C0082FC8BFC93FC9BFCA3FCABFCB3FCBBFC1E
:109F6C00C3FCCBFCD3FCDBFCE3FCEBFCF2FCFAFC0F
:109F7C0002FD09FD11FD19FD20FD28FD2FFD36FD0B
:109F8C003EFD45FD4CFD54FD5BFD62FD69FD70FD24
:109F9C0077FD7FFD86FD8CFD93FD9AFDA1FDA8FD4F
:109FAC00AFFDB5FDBCFDC3FDC9FDD0FDD6FDDDFD8E
:109FBC00E3FDEAFDF0FDF7FDFDFD03FE09FE10FEDD
:109FCC0016FE1CFE22FE28FE2EFE34FE3AFE40FE3D
:109FDC0046FE4BFE51FE57FE5DFE62FE68FE6DFEB8
:109FEC0073FE78FE7EFE83FE89FE8EFE93FE99FE46
:109FFC009EFEA3FEA8FEADFEB2FEB7FEBCFEC1FEE9
:10A00C00C6FECBFED0FED5FEDAFEDEFEE3FEE8FE9B
:10A01C00ECFEF1FEF6FEFAFEFFFE03FF07FF0CFF5F
:10A02C0010FF14FF19FF1DFF21FF25FF29FF2DFF36
:10A03C0031FF35FF39FF3DFF41FF45FF48FF4CFF26
:10A04C0050FF53FF57FF5BFF5EFF62FF65FF69FF29
:10A05C006CFF6FFF73FF76FF79FF7CFF80FF83FF40
:10A06C0086FF89FF8CFF8FFF92FF95FF97FF9AFF6A
:10A07C009DFFA0FFA2FFA5FFA8FFAAFFADFFAFFFAA
:10A08C00B2FFB4FFB7FFB9FFBBFFBEFFC0FFC2FFFB
:10A09C00C4FFC6FFC8FFCAFFCCFFCEFFD0FFD2FF64
:10A0AC00D4FFD6FFD8FFD9FFDBFFDDFFDEFFE0FFDB
:10A0BC00E1FFE3FFE4FFE6FFE7FFE9FFEAFFEBFF69
:10A0CC00ECFFEEFFEFFFF0FFF1FFF2FFF3FFF4FF09
:10A0DC00F5FFF6FFF7FFF7FFF8FFF9FFFAFFFAFFBE
:10A0EC00FBFFFBFFFCFFFCFFFDFFFDFFFEFFFEFF88
:10A0FC00FEFFFFFFFFFFFFFFFFFFFFFFFFFFFFFF65
:10A10C00FFFFFFFFFFFFFFFFFFFFFFFFFFFFFEFF54
:10A11C00FEFFFEFFFDFFFDFFFCFFFCFFFBFFFBFF57
:10A12C00FAFFFAFFF9FFF8FFF7FFF7FFF6FFF5FF6D
:10A13C00F4FFF3FFF2FFF1FFF0FFEFFFEEFFECFF98
:10A14C00EBFFEAFFE9FFE7FFE6FFE4FFE3FFE1FFD8
:10A15C00E0FFDEFFDDFFDBFFD9FFD8FFD6FFD4FF2A
:10A16C00D2FFD0FFCEFFCCFFCAFFC8FFC6FFC4FF93
:10A17C00C2FFC0FFBEFFBBFFB9FFB7FFB4FFB2FF0A
:10A18C00AFFFADFFAAFFA8FFA5FFA2FFA0FF9DFF99
:10A19C009AFF97FF95FF92FF8FFF8CFF89FF86FF39
:10A1AC0083FF80FF7CFF79FF76FF73FF6FFF6CFFEF
:10A1BC0069FF65FF62FF5EFF5BFF57FF53FF50FFB8
:10A1CC004CFF48FF45FF41FF3DFF39FF35FF31FF95
:10A1DC002DFF29FF25FF21FF1DFF19FF14FF10FF85
:10A1EC000CFF07FF03FFFFFEFAFEF6FEF1FEECFE8E
:10A1FC00E8FEE3FEDEFEDAFED5FED0FECBFEC6FEAA
:10A20C00C1FEBCFEB7FEB2FEADFEA8FEA3FE9EFED6
:10A21C0099FE93FE8EFE89FE83FE7EFE78FE73FE13
:10A22C006DFE68FE62FE5DFE57FE51FE4BFE46FE65
:10A23C0040FE3AFE34FE2EFE28FE22FE1CFE16FECA
:10A24C0010FE09FE03FEFDFDF7FDF0FDEAFDE3FD4A
:10A25C00DDFDD6FDD0FDC9FDC3FDBCFDB5FDAFFDDB
:10A26C00A8FDA1FD9AFD93FD8CFD86FD7FFD77FD7C
:10A27C0070FD69FD62FD5BFD54FD4CFD45FD3EFD31
:10A28C0036FD2FFD28FD20FD19FD11FD09FD02FDF8
:10A29C00FAFCF2FCEBFCE3FCDBFCD3FCCBFCC3FCDC
:10A2AC00BBFCB3FCABFCA3FC9BFC93FC8BFC82FCCB
:10A2BC007AFC72FC69FC61FC58FC50FC48FC3FFCCD
:10A2CC0036FC2EFC25FC1CFC14FC0BFC02FCF9FBE4
:10A2DC00F0FBE7FBDEFBD5FBCCFBC3FBBAFBB1FB16
:10A2EC00A8FB9EFB95FB8CFB83FB79FB70FB66FB51
:10A2FC005DFB53FB4AFB40FB36FB2DFB23FB19FBA1
:10A30C000FFB05FBFCFAF2FAE8FADEFAD4FACAFA09
:10A31C00C0FAB5FAABFAA1FA97FA8CFA82FA78FA83
:10A32C006DFA63FA58FA4EFA43FA39FA2EFA23FA0E
:10A33C0019FA0EFA03FAF8F9EDF9E3F9D8F9CDF9AF
:10A34C00C2F9B7F9ABF9A0F995F98AF97FF973F964
:10A35C0068F95DF951F946F93BF92FF923F918F928
:10A36C000CF901F9F5F8E9F8DDF8D2F8C6F8BAF805
:10A37C00AEF8A2F896F88AF87EF872F866F85AF8F1
:10A38C004DF841F835F828F81CF810F803F8F7F7F1
:10A39C00EAF7DEF7D1F7C5F7B8F7ABF79EF792F708
:10A3AC0085F778F76BF75EF751F744F737F72AF72D
:10A3BC001DF710F703F7F5F6E8F6DBF6CEF6C0F668
:10A3CC00B3F6A5F698F68AF67DF66FF662F654F6B5
:10A3DC0046F638F62BF61DF60FF601F6F3F5E5F515
:10A3EC00D7F5C9F5BBF5ADF59FF591F582F574F58B
:10A3FC0066F558F549F53BF52CF51EF50FF501F50D
:10A40C00F2F4E4F4D5F4C6F4B8F4A9F49AF48BF4A9
:10A41C007CF46DF45EF44FF440F431F422F413F454
:10A42C0004F4F5F3E5F3D6F3C7F3B7F3A8F398F315
:10A43C0089F379F36AF35AF34BF33BF32BF31CF3E5
:10A44C000CF3FCF2ECF2DCF2CCF2BDF2ADF29CF2CD
:10A45C008CF27CF26CF25CF24CF23CF22BF21BF2C2
:10A46C000BF2FAF1EAF1D9F1C9F1B8F1A8F197F1CF
:10A47C0087F176F165F154F144F133F122F111F1E8
:10A48C0000F1EFF0DEF0CDF0BCF0ABF09AF089F01B
:10A49C0077F066F055F043F032F021F00FF0FEEF5C
:10A4AC00ECEFDBEFC9EFB7EFA6EF94EF82EF71EFB4
:10A4BC005FEF4DEF3BEF29EF17EF05EFF3EEE1EE1A
:10A4CC00CFEEBDEEABEE99EE86EE74EE62EE4FEE95
:10A4DC003DEE2BEE18EE06EEF3EDE1EDCEEDBBED21
:10A4EC00A9ED96ED83ED71ED5EED4BED38ED25EDBF
:10A4FC0012EDFFECECECD9ECC6ECB3ECA0EC8CEC74
:10A50C0079EC66EC53EC3FEC2CEC19EC05ECF2EB33
:10A51C00DEEBCBEBB7EBA3EB90EB7CEB68EB54EB0C
:10A52C0041EB2DEB19EB05EBF1EADDEAC9EAB5EAF3
:10A53C00A1EA8DEA79EA64EA50EA3CEA28EA13EAED
:10A54C00FFE9EBE9D6E9C2E9ADE999E984E96FE9FC
:10A55C005BE946E931E91DE908E9F3E8DEE8C9E819
:10A56C00B4E89FE88AE875E860E84BE836E821E84B
:10A57C000CE8F6E7E1E7CCE7B6E7A1E78CE776E78E
:10A58C0061E74BE736E720E70AE7F5E6DFE6C9E6E1
:10A59C00B3E69EE688E672E65CE646E630E61AE648
:10A5AC0004E6EEE5D8E5C2E5ABE595E57FE569E5C2
:10A5BC0052E53CE526E50FE5F9E4E2E4CCE4B5E44C
:10A5CC009FE488E471E45BE444E42DE416E4FFE3E7
:10A5DC00E9E3D2E3BBE3A4E38DE376E35FE347E394
:10A5EC0030E319E302E3EBE2D3E2BCE2A5E28DE255
:10A5FC0076E25EE247E22FE218E200E2E9E1D1E125
:10A60C00B9E1A2E18AE172E15AE142E12AE112E107
:10A61C00FAE0E2E0CAE0B2E09AE082E06AE052E0FE
:10A62C003AE021E009E0F1DFD8DFC0DFA7DF8FDF00
:10A63C0076DF5EDF45DF2DDF14DFFBDEE3DECADE17
:10A64C00B1DE98DE7FDE67DE4EDE35DE1CDE03DE3D
:10A65C00EADDD1DDB8DD9EDD85DD6CDD53DD39DD78
:10A66C0020DD07DDEDDCD4DCBBDCA1DC88DC6EDCC2
:10A67C0054DC3BDC21DC08DCEEDBD4DBBADBA1DB1D
:10A68C0087DB6DDB53DB39DB1FDB05DBEBDAD1DA88
:10A69C00B7DA9DDA82DA68DA4EDA34DA19DAFFD907
:10A6AC00E5D9CAD9B0D995D97BD960D946D92BD996
:10A6BC0011D9F6D8DBD8C1D8A6D88BD870D855D834
:10A6CC003AD81FD804D8EAD7CED7B3D798D77DD7E6
:10A6DC0062D747D72CD710D7F5D6DAD6BED6A3D6A5
:10A6EC0088D66CD651D635D61AD6FED5E3D5C7D575
:10A6FC00ABD590D574D558D53CD520D505D5E9D456
:10A70C00CDD4B1D495D479D45DD441D424D408D447
:10A71C00ECD3D0D3B4D397D37BD35FD342D326D34C
:10A72C000AD3EDD2D1D2B4D297D27BD25ED242D25E
:10A73C0025D208D2EBD1CFD1B2D195D178D15BD182
:10A74C003ED121D104D1E7D0CAD0ADD090D073D0B6
:10A75C0056D038D01BD0FECFE0CFC3CFA6CF88CFFA
:10A76C006BCF4DCF30CF12CFF5CED7CEBACE9CCE4D
:10A77C007ECE60CE43CE25CE07CEE9CDCBCDADCDB2
:10A78C0090CD72CD54CD36CD17CDF9CCDBCCBDCC24
:10A79C009FCC81CC62CC44CC26CC07CCE9CBCBCBA8
:10A7AC00ACCB8ECB6FCB51CB32CB14CBF5CAD6CA3C
:10A7BC00B8CA99CA7ACA5BCA3DCA1ECAFFC9E0C9DF
:10A7CC00C1C9A2C983C964C945C926C907C9E8C892
:10A7DC00C9C8A9C88AC86BC84CC82CC80DC8EEC754
:10A7EC00CEC7AFC78FC770C750C731C711C7F1C627
:10A7FC00D2C6B2C692C673C653C633C613C6F3C509
:10A80C00D4C5B4C594C574C554C534C514C5F4C4F5
:10A81C00D3C4B3C493C473C453C432C412C4F2C3F8
:10A82C00D1C3B1C391C370C350C32FC30FC3EEC206
:10A83C00CDC2ADC28CC26BC24BC22AC209C2E8C126
:10A84C00C8C1A7C186C165C144C123C102C1E1C051
:10A85C00C0C09FC07EC05CC03BC01AC0F9BFD8BF8F
:10A86C00B6BF95BF74BF52BF31BF0FBFEEBECCBEDB
:10A87C00ABBE89BE68BE46BE24BE03BEE1BDBFBD35
:10A88C009EBD7CBD5ABD38BD16BDF4BCD2BCB0BC9F
:10A89C008FBC6DBC4ABC28BC06BCE4BBC2BBA0BB15
:10A8AC007EBB5BBB39BB17BBF4BAD2BAB0BA8DBA9C
:10A8BC006BBA48BA26BA03BAE1B9BEB99CB979B930
:10A8CC0056B934B911B9EEB8CCB8A9B886B863B8D2
:10A8DC0040B81DB8FAB7D7B7B4B791B76EB74BB786
:10A8EC0028B705B7E2B6BFB69BB678B655B632B642
:10A8FC000EB6EBB5C8B5A4B581B55DB53AB516B510
:10A90C00F3B4CFB4ACB488B464B441B41DB4F9B3EB
:10A91C00D5B3B2B38EB36AB346B322B3FEB2DAB2D6
:10A92C00B6B292B26EB24AB226B202B2DEB1BAB1CD
:10A93C0096B171B14DB129B104B1E0B0BCB097B0D2
:10A94C0073B04FB02AB006B0E1AFBDAF98AF73AFE4
:10A95C004FAF2AAF06AFE1AEBCAE97AE73AE4EAE04
:10A96C0029AE04AEDFADBAAD95AD70AD4BAD26AD35
:10A97C0001ADDCACB7AC92AC6DAC48AC23ACFDAB70
:10A98C00D8ABB3AB8EAB68AB43AB1EABF8AAD3AAB8
:10A99C00ADAA88AA62AA3DAA17AAF2A9CCA9A6A90F
:10A9AC0081A95BA935A910A9EAA8C4A89EA878A872
:10A9BC0053A82DA807A8E1A7BBA795A76FA749A7E0
:10A9CC0023A7FDA6D7A6B0A68AA664A63EA618A65F
:10A9DC00F1A5CBA5A5A57EA558A532A50BA5E5A4EB
:10A9EC00BEA498A471A44BA424A4FEA3D7A3B0A383
:10A9FC008AA363A33CA316A3EFA2C8A2A1A27BA225
:10AA0C0054A22DA206A2DFA1B8A191A16AA143A1D3
:10AA1C001CA1F5A0CEA0A7A080A058A031A00AA090
:10AA2C00E39FBB9F949F6D9F459F1E9FF79ECF9E5C
:10AA3C00A89E809E599E319E0A9EE29DBB9D939D31
:10AA4C006C9D449D1C9DF49CCD9CA59C7D9C559C13
:10AA5C002E9C069CDE9BB69B8E9B669B3E9B169B00
:10AA6C00EE9AC69A9E9A769A4E9A269AFE99D699FC
:10AA7C00AD9985995D9935990C99E498BC98939802
:10AA8C006B9843981A98F297C997A1977897509713
:10AA9C002797FF96D696AD9685965C9633960B9631
:10AAAC00E295B995909568953F951695ED94C4945B
:10AABC009B94729449942094F793CE93A5937C9392
:10AACC0053932A930193D892AF9285925C923392CE
:10AADC000A92E091B7918E9164913B911191E8901B
:10AAEC00BF9095906C9042901990EF8FC58F9C8F72
:10AAFC00728F498F1F8FF58ECC8EA28E788E4E8ED4
:10AB0C00248EFB8DD18DA78D7D8D538D298DFF8C42
:10AB1C00D58CAB8C818C578C2D8C038CD98BAF8BBB
:10AB2C00858B5B8B318B068BDC8AB28A888A5D8A3B
:10AB3C00338A098ADE89B4898A895F8935890A89C9
:10AB4C00E088B5888B88608836880B88E187B68763
:10AB5C008B87618736870B87E186B6868B86608606
:10AB6C0036860B86E085B5858A855F8534850985B3
:10AB7C00DF84B48489845E8433840784DC83B1836A
:10AB8C0086835B8330830583DA82AE82838258822C
:10AB9C002D820182D681AB817F8154812981FD80F8
:10ABAC00D280A6807B804F802480F87FCD7FA17FD0
:10ABBC00767F4A7F1E7FF37EC77E9B7E707E447EAF
:10ABCC00187EEC7DC17D957D697D3D7D117DE67C9A
:10ABDC00BA7C8E7C627C367C0A7CDE7BB27B867B8C
:10ABEC005A7B2E7B027BD67AAA7A7D7A517A257A89
:10ABFC00F979CD79A079747948791C79EF78C37893
:10AC0C0097786A783E781278E577B9778C776077A1
:10AC1C0033770777DA76AE76817655762876FC75BB
:10AC2C00CF75A275767549751C75F074C3749674DE
:10AC3C0069743D741074E373B67389735D73307308
:10AC4C000373D672A9727C724F722272F571C8713D
:10AC5C009B716E7141711471E770BA708C705F707A
:10AC6C0032700570D86FAA6F7D6F506F236FF56EC1
:10AC7C00C86E9B6E6D6E406E136EE56DB86D8A6D11
:10AC8C005D6D306D026DD56CA76C7A6C4C6C1E6C66
:10AC9C00F16BC36B966B686B3A6B0D6BDF6AB16AC9
:10ACAC00846A566A286AFB69CD699F697169436930
:10ACBC001669E868BA688C685E6830680268D467A0
:10ACCC00A66778674A671C67EE66C066926664661C
:10ACDC0036660866DA65AC657E6550652165F36499
:10ACEC00C564976469643A640C64DE63B063816321
:10ACFC0053632563F662C86299626B623D620E62B1
:10AD0C00E061B161836154612661F760C9609A604A
:10AD1C006C603D600F60E05FB15F835F545F255FE7
:10AD2C00F75EC85E995E6B5E3C5E0D5EDE5DB05D8F
:10AD3C00815D525D235DF45CC65C975C685C395C3C
:10AD4C000A5CDB5BAC5B7D5B4E5B1F5BF05AC15AF4
:10AD5C00925A635A345A055AD659A75978594959AF
:10AD6C001A59EB58BC588C585D582E58FF57D05771
:10AD7C00A157715742571357E356B456855656563A
:10AD8C002656F755C8559855695539550A55DB540B
:10AD9C00AB547C544C541D54ED53BE538E535F53E3
:10ADAC002F530053D052A152715241521252E251C0
:10ADBC00B351835153512451F450C45095506550A4
:10ADCC0035500550D64FA64F764F464F164FE74E8F
:10ADDC00B74E874E574E274EF74DC84D984D684D80
:10ADEC00384D084DD84CA84C784C484C184CE84B76
:10ADFC00B84B884B584B284BF84AC84A984A684A73
:10AE0C00384A074AD749A749774947491749E74874
:10AE1C00B648864856482648F547C547954765477E
:10AE2C0034470447D446A446734643461346E2458A
:10AE3C00B245814551452145F044C0448F445F449F
:10AE4C002F44FE43CE439D436D433C430C43DB42B6
:10AE5C00AB427A424A421942E841B84187415741D4
:10AE6C002641F540C5409440644033400240D23FF7
:10AE7C00A13F703F3F3F0F3FDE3EAD3E7D3E4C3E1F
:10AE8C001B3EEA3DBA3D893D583D273DF63CC53C4D
:10AE9C00953C643C333C023CD13BA03B6F3B3F3B7D
:10AEAC000E3BDD3AAC3A7B3A4A3A193AE839B739B3
:10AEBC00863955392439F338C238913860382F38EF
:10AECC00FE37CD379C376B373A370937D836A6362D
:10AEDC00753644361336E235B13580354E351D3571
:10AEEC00EC34BB348A3459342734F633C5339433B9
:10AEFC00623331330033CF329D326C323B320A3203
:10AF0C00D831A731763144311331E230B0307F3053
:10AF1C004E301C30EB2FBA2F882F572F252FF42EA5
:10AF2C00C22E912E602E2E2EFD2DCB2D9A2D682DFE
:10AF3C00372D052DD42CA22C712C3F2C0E2CDC2B58
:10AF4C00AB2B792B482B162BE52AB32A822A502AB5
:10AF5C001E2AED29BB298A2958292629F528C32818
:10AF6C00922860282E28FD27CB279927682736277B
:10AF7C000427D326A1266F263E260C26DA25A825E3
:10AF8C00772545251325E224B0247E244C241B244C
:10AF9C00E923B723852353232223F022BE228C22BC
:10AFAC005A222922F721C521932161213021FE202B
:10AFBC00CC209A20682036200420D31FA11F6F1F9D
:10AFCC003D1F0B1FD91EA71E751E431E111EE01D13
:10AFDC00AE1D7C1D4A1D181DE61CB41C821C501C89
:10AFEC001E1CEC1BBA1B881B561B241BF21AC01A06
:10AFFC008E1A5C1A2A1AF819C61994196219301982
:10B00C00FE18CC189A18681836180418D217A017FE
:10B01C006E173C170A17D816A616741641160F167B
:10B02C00DD15AB15791547151515E314B1147F14FF
:10B03C004D141A14E813B613841352132013EE1282
:10B04C00BC12891257122512F311C1118F115D1107
:10B05C002A11F810C610941062103010FD0FCB0F8F
:10B06C00990F670F350F030FD00E9E0E6C0E3A0E14
:10B07C00080ED50DA30D710D3F0D0D0DDB0CA80C9D
:10B08C00760C440C120CDF0BAD0B7B0B490B170B26
:10B09C00E40AB20A800A4E0A1B0AE909B7098509B3
:10B0AC0053092009EE08BC088A0857082508F3073D
:10B0BC00C1078E075C072A07F806C50693066106CA
:10B0CC002F06FC05CA059805660533050105CF0456
:10B0DC009D046A0438040604D403A1036F033D03E2
:10B0EC000B03D802A602740242020F02DD01AB016F
:10B0FC00780146011401E200AF007D004B001900FD
:10B10C00E7FFB5FF83FF51FF1EFFECFEBAFE88FE82
:10B11C0055FE23FEF1FDBEFD8CFD5AFD28FDF5FC10
:10B12C00C3FC91FC5FFC2CFCFAFBC8FB96FB63FB9D
:10B13C0031FBFFFACDFA9AFA68FA36FA04FAD1F929
:10B14C009FF96DF93BF908F9D6F8A4F872F83FF8B5
:10B15C000DF8DBF7A9F776F744F712F7E0F6ADF642
:10B16C007BF649F617F6E4F5B2F580F54EF51CF5CD
:10B17C00E9F4B7F485F453F421F4EEF3BCF38AF359
:10B18C0058F325F3F3F2C1F28FF25DF22BF2F8F1E2
:10B19C00C6F194F162F130F1FDF0CBF099F067F06B
:10B1AC0035F003F0D0EF9EEF6CEF3AEF08EFD6EEF0
:10B1BC00A3EE71EE3FEE0DEEDBEDA9ED77ED44ED78
:10B1CC0012EDE0ECAEEC7CEC4AEC18ECE6EBB3EBFD
:10B1DC0081EB4FEB1DEBEBEAB9EA87EA55EA23EA80
:10B1EC00F1E9BFE98CE95AE928E9F6E8C4E892E804
:10B1FC0060E82EE8FCE7CAE798E766E734E702E781
:10B20C00D0E69EE66CE63AE608E6D6E5A4E572E5FD
:10B21C0040E50EE5DCE4AAE478E446E414E4E2E379
:10B22C00B0E37EE34CE31AE3E8E2B6E284E252E2F6
:10B23C0020E2EFE1BDE18BE159E127E1F5E0C3E06C
:10B24C0091E05FE02DE0FCDFCADF98DF66DF34DFE2
:10B25C0002DFD0DE9FDE6DDE3BDE09DED7DDA6DD54
:10B26C0074DD42DD10DDDEDCADDC7BDC49DC17DCC3
:10B27C00E5DBB4DB82DB50DB1EDBEDDABBDA89DA33
:10B28C0058DA26DAF4D9C2D991D95FD92DD9FCD89C
:10B29C00CAD898D867D835D803D8D2D7A0D76ED704
:10B2AC003DD70BD7DAD6A8D676D645D613D6E2D567
:10B2BC00B0D57ED54DD51BD5EAD4B8D487D455D4CA
:10B2CC0024D4F2D3C1D38FD35ED32CD3FBD2C9D227
:10B2DC0098D266D235D203D2D2D1A0D16FD13ED181
:10B2EC000CD1DBD0A9D078D046D015D0E4CFB2CFDA
:10B2FC0081CF50CF1ECFEDCEBCCE8ACE59CE28CE2C
:10B30C00F6CDC5CD94CD63CD31CD00CDCFCC9ECC7B
:10B31C006CCC3BCC0ACCD9CBA7CB76CB45CB14CBC6
:10B32C00E3CAB1CA80CA4FCA1ECAEDC9BCC98BC90F
:10B33C005AC928C9F7C8C6C895C864C833C802C852
:10B34C00D1C7A0C76FC73EC70DC7DCC6ABC67AC690
:10B35C0049C618C6E7C5B6C585C554C523C5F2C4CC
:10B36C00C1C491C460C42FC4FEC3CDC39CC36BC302
:10B37C003BC30AC3D9C2A8C277C246C216C2E5C132
:10B38C00B4C183C153C122C1F1C0C1C090C05FC060
:10B39C002EC0FEBFCDBF9CBF6CBF3BBF0BBFDABE88
:10B3AC00A9BE79BE48BE18BEE7BDB6BD86BD55BDAB
:10B3BC0025BDF4BCC4BC93BC63BC32BC02BCD1BBC9
:10B3CC00A1BB71BB40BB10BBDFBAAFBA7FBA4EBAE0
:10B3DC001EBAEDB9BDB98DB95CB92CB9FCB8CCB8F5
:10B3EC009BB86BB83BB80BB8DAB7AAB77AB74AB701
:10B3FC0019B7E9B6B9B689B659B629B6F9B5C8B50B
:10B40C0098B568B538B508B5D8B4A8B478B448B40C
:10B41C0018B4E8B3B8B388B358B328B3F8B2C8B209
:10B42C0098B268B238B209B2D9B1A9B179B149B1FF
:10B43C0019B1EAB0BAB08AB05AB02AB0FBAFCBAFF0
:10B44C009BAF6BAF3CAF0CAFDCAEADAE7DAE4DAEDB
:10B45C001EAEEEADBFAD8FAD5FAD30AD00ADD1ACBE
:10B46C00A1AC72AC42AC13ACE3ABB4AB84AB55AB9C
:10B47C0025ABF6AAC7AA97AA68AA38AA09AADAA974
:10B48C00AAA97BA94CA91DA9EDA8BEA88FA85FA845
:10B49C0030A801A8D2A7A3A774A744A715A7E6A60E
:10B4AC00B7A688A659A62AA6FBA5CCA59DA56EA5D0
:10B4BC003FA510A5E1A4B2A483A454A425A4F6A38B
:10B4CC00C7A398A369A33AA30CA3DDA2AEA27FA243
:10B4DC0050A222A2F3A1C4A195A167A138A109A1F0
:10B4EC00DBA0ACA07DA04FA020A0F19FC39F949F98
:10B4FC00669F379F099FDA9EAC9E7D9E4F9E209E35
:10B50C00F29DC39D959D679D389D0A9DDB9CAD9CCE
:10B51C007F9C509C229CF49BC69B979B699B3B9B5E
:10B52C000D9BDF9AB09A829A549A269AF899CA99E6
:10B53C009C996E9940991299E498B69888985A9863
:10B54C002C98FE97D097A297749746971897EA96DF
:10B55C00BD968F96619633960596D895AA957C954F
:10B56C004F952195F394C69498946A943D940F94B6
:10B57C00E293B493869359932B93FE92D092A39219
:10B58C00769248921B92ED91C0919391659138916E
:10B59C000B91DD90B090839056902890FB8FCE8FBE
:10B5AC00A18F748F468F198FEC8EBF8E928E658E05
:10B5BC00388E0B8EDE8DB18D848D578D2A8DFD8C42
:10B5CC00D08CA38C778C4A8C1D8CF08BC38B978B77
:10B5DC006A8B3D8B108BE48AB78A8A8A5E8A318AA1
:10B5EC00048AD889AB897F8952892689F988CD88C4
:10B5FC00A088748847881B88EE87C28796876987DE
:10B60C003D871187E486B8868C86608633860786EC
:10B61C00DB85AF85838556852A85FE84D284A684F6
:10B62C007A844E842284F683CA839E8372834683F3
:10B63C001A83EF82C38297826B823F821482E881E5
:10B64C00BC819081658139810D81E280B6808A80D0
:10B65C005F8033800880DC7FB17F857F5A7F2E7FAF
:10B66C00037FD77EAC7E817E557E2A7EFF7DD37D87
:10B67C00A87D7D7D527D267DFB7CD07CA57C7A7C53
:10B68C004F7C247CF97BCD7BA27B777B4C7B217B15
:10B69C00F77ACC7AA17A767A4B7A207AF579CA79CC
:10B6AC00A07975794A791F79F578CA789F78757879
:10B6BC004A781F78F577CA77A07775774B7720771C
:10B6CC00F676CB76A17676764C762276F775CD75B6
:10B6DC00A37578754E752475FA74CF74A5747B7444
:10B6EC0051742774FD73D373A9737F7355732B73C4
:10B6FC000173D772AD72837259722F720572DC713D
:10B70C00B27188715E7135710B71E170B7708E70AA
:10B71C0064703B701170E76FBE6F946F6B6F416F0D
:10B72C00186FEF6EC56E9C6E726E496E206EF66D64
:10B73C00CD6DA46D7B6D516D286DFF6CD66CAD6CB1
:10B74C00846C5B6C326C096CE06BB76B8E6B656BED
:10B75C003C6B136BEA6AC16A986A706A476A1E6A24
:10B76C00F569CD69A4697B6953692A690169D9684E
:10B77C00B06888685F6837680E68E667BD6795676C
:10B78C006D6744671C67F466CB66A3667B6653667D
:10B79C002A660266DA65B2658A6562653A65126583
:10B7AC00EA64C2649A6472644A642264FA63D2637F
:10B7BC00AB6383635B6333630C63E462BC6295626B
:10B7CC006D6245621E62F661CF61A761806158614E
:10B7DC0031610961E260BB6093606C6045601D6023
:10B7EC00F65FCF5FA85F815F595F325F0B5FE45EEE
:10B7FC00BD5E965E6F5E485E215EFA5DD35DAC5DAC
:10B80C00855D5F5D385D115DEA5CC45C9D5C765C5A
:10B81C00505C295C025CDC5BB55B8F5B685B425BFC
:10B82C001B5BF55ACE5AA85A825A5B5A355A0F5A94
:10B83C00E859C2599C597659505929590359DD5820
:10B84C00B75891586B5845581F58F957D357AD579F
:10B85C00885762573C571657F056CB56A5567F560D
:10B86C005A5634560E56E955C3559E557855535570
:10B87C002D550855E254BD54985472544D542854C7
:10B88C000354DD53B85393536E5349532453FF520F
:10B89C00DA52B55290526B5246522152FC51D7514A
:10B8AC00B2518D51695144511F51FA50D650B1507B
:10B8BC008D50685043501F50FA4FD64FB14F8D4F9B
:10B8CC00694F444F204FFC4ED74EB34E8F4E6A4EAD
:10B8DC00464E224EFE4DDA4DB64D924D6E4D4A4DB2
:10B8EC00264D024DDE4CBA4C964C724C4E4C2B4CA9
:10B8FC00074CE34BBF4B9C4B784B544B314B0D4B94
:10B90C00EA4AC64AA34A7F4A5C4A384A154AF2496F
:10B91C00CE49AB498849654941491E49FB48D8483D
:10B92C00B54892486F484C4829480648E347C047F9
:10B93C009D477A47574734471247EF46CC46AA46AD
:10B94C008746644642461F46FD45DA45B84595454F
:10B95C00734550452E450C45E944C744A5448244E3
:10B96C0060443E441C44FA43D843B6439443714369
:10B97C0050432E430C43EA42C842A64284426242E0
:10B98C0041421F42FD41DC41BA419841774155414A
:10B99C0034411241F140CF40AE408C406B404A40A4
:10B9AC0028400740E63FC53FA43F823F613F403FF0
:10B9BC001F3FFE3EDD3EBC3E9B3E7A3E593E383E2E
:10B9CC00183EF73DD63DB53D953D743D533D333D59
:10B9DC00123DF13CD13CB03C903C6F3C4F3C2F3C79
:10B9EC000E3CEE3BCE3BAD3B8D3B6D3B4D3B2D3B87
:10B9FC000C3BEC3ACC3AAC3A8C3A6C3A4C3A2C3A8A
:10BA0C000D3AED39CD39AD398D396E394E392E3976
:10BA1C000F39EF38CF38B038903871385138323858
:10BA2C001238F337D437B43795377637573737372B
:10BA3C001837F936DA36BB369C367D365E363F36ED
:10BA4C0020360136E235C335A535863567354835A0
:10BA5C002A350B35EC34CE34AF3491347234543443
:10BA6C0035341734F933DA33BC339E337F336133D7
:10BA7C00433325330733E932CA32AC328E3270325B
:10BA8C00533235321732F931DB31BD31A0318231CD
:10BA9C006431463129310B31EE30D030B330953032
:10BAAC0078305A303D3020300230E52FC82FAA2F85
:10BABC008D2F702F532F362F192FFC2EDF2EC22EC9
:10BACC00A52E882E6B2E4E2E312E152EF82DDB2DFD
:10BADC00BE2DA22D852D692D4C2D2F2D132DF62C21
:10BAEC00DA2CBE2CA12C852C692C4C2C302C142C33
:10BAFC00F82BDC2BBF2BA32B872B6B2B4F2B332B38
:10BB0C00172BFB2AE02AC42AA82A8C2A702A552A29
:10BB1C00392A1D2A022AE629CB29AF29942978290A
:10BB2C005D29422926290B29F028D428B9289E28DA
:10BB3C00832868284D2832281628FC27E127C62799
:10BB4C00AB27902775275A273F2725270A27EF264B
:10BB5C00D526BA26A02685266B26502636261B26E9
:10BB6C000126E725CC25B22598257E256325492578
:10BB7C002F251525FB24E124C724AD2493247924F7
:10BB8C005F2446242C241224F823DF23C523AC2362
:10BB9C00922378235F2345232C231323F922E022BD
:10BBAC00C722AD2294227B22622248222F22162207
:10BBBC00FD21E421CB21B2219921812168214F2142
:10BBCC0036211D210521EC20D320BB20A2208A2068
:10BBDC0071205920402028200F20F71FDF1FC61F7F
:10BBEC00AE1F961F7E1F661F4E1F361F1E1F061F81
:10BBFC00EE1ED61EBE1EA61E8E1E761E5E1E471E78
:10BC0C002F1E171E001EE81DD11DB91DA21D8A1D59
:10BC1C00731D5B1D441D2D1D151DFE1CE71CD01C2A
:10BC2C00B91CA11C8A1C731C5C1C451C2E1C171CEB
:10BC3C00011CEA1BD31BBC1BA51B8F1B781B611B98
:10BC4C004B1B341B1E1B071BF11ADA1AC41AAE1A33
:10BC5C00971A811A6B1A551A3E1A281A121AFC19BD
:10BC6C00E619D019BA19A4198E19781962194D1937
:10BC7C00371921190B19F618E018CA18B5189F189E
:10BC8C008A1874185F184A1834181F180A18F417F1
:10BC9C00DF17CA17B517A0178B17761761174C1734
:10BCAC00371722170D17F816E316CF16BA16A51666
:10BCBC0091167C16671653163E162A161516011683
:10BCCC00ED15D815C415B0159C15871573155F1592
:10BCDC004B15371523150F15FB14E714D314BF148C
:10BCEC00AC149814841470145D1449143514221473
:10BCFC000E14FB13E713D413C113AD139A1387134C
:10BD0C00741360134D133A13271314130113EE120B
:10BD1C00DB12C812B512A2128F127D126A125712C0
:10BD2C00451232121F120D12FA11E811D511C3115E
:10BD3C00B1119E118C117A116711551143113111EA
:10BD4C001F110D11FB10E910D710C510B310A11065
:10BD5C008F107E106C105A104910371025101410CB
:10BD6C000210F10FDF0FCE0FBD0FAB0F9A0F890F23
:10BD7C00770F660F550F440F330F220F110F000F63
:10BD8C00EF0EDE0ECD0EBC0EAC0E9B0E8A0E790E97
:10BD9C00690E580E480E370E270E160E060EF50DB0
:10BDAC00E50DD50DC40DB40DA40D940D840D740DBD
:10BDBC00640D530D430D340D240D140D040DF40CB2
:10BDCC00E40CD50CC50CB50CA60C960C870C770C9A
:10BDDC00680C580C490C390C2A0C1B0C0B0CFC0B6A
:10BDEC00ED0BDE0BCF0BC00BB10BA20B930B840B2B
:10BDFC00750B660B570B480B3A0B2B0B1C0B0E0BD6
:10BE0C00FF0AF10AE20AD40AC50AB70AA80A9A0A72
:10BE1C008C0A7E0A6F0A610A530A450A370A290AF4
:10BE2C001B0A0D0AFF09F109E309D509C809BA096A
:10BE3C00AC099E0991098309760968095B094D09CA
:10BE4C0040093209250918090B09FD08F008E30817
:10BE5C00D608C908BC08AF08A208950888087B0852
:10BE6C006E086208550848083B082F082208160877
:10BE7C000908FD07F007E407D807CB07BF07B3078E
:10BE8C00A6079A078E07820776076A075E0752078E
:10BE9C0046073A072E07230717070B07FF06F4067A
:10BEAC00E806DD06D106C506BA06AF06A306980657
:10BEBC008D06810676066B066006550649063E061B
:10BECC00330628061D0613060806FD05F205E705D0
:10BEDC00DD05D205C705BD05B205A8059D05930571
:10BEEC0088057E05740569055F0555054B054005FC
:10BEFC0036052C05220518050E050405FB04F10476
:10BF0C00E704DD04D304CA04C004B604AD04A304DE
:10BF1C009A04900487047D0474046B04620458042E
:10BF2C004F0446043D0434042B0422041904100469
:10BF3C000704FE03F503EC03E403DB03D203CA039B
:10BF4C00C103B803B003A7039F0397038E038603B3
:10BF5C007E0375036D0365035D0355034D034503B4
:10BF6C003D0335032D0325031D0315030E030603A3
:10BF7C00FE02F702EF02E702E002D802D102CA0287
:10BF8C00C202BB02B402AC02A5029E02970290024E
:10BF9C00890281027A0274026D0266025F02580203
:10BFAC0051024B0244023D02370230022A022302A4
:10BFBC001D021602100209020302FD01F701F00135
:10BFCC00EA01E401DE01D801D201CC01C601C001B5
:10BFDC00BA01B501AF01A901A3019E01980193011A
:10BFEC008D01880182017D01770172016D0167016C
:10BFFC0062015D01580153014E01490144013F01A9
:10C00C003A01350130012B01260122011D011801D5
:10C01C0014010F010A0106010101FD00F900F400F1
:10C02C00F000EC00E700E300DF00DB00D700D300FA
:10C03C00CF00CB00C700C300BF00BB00B800B400EA
:10C04C00B000AD00A900A500A2009E009B009700C7
:10C05C00940091008D008A008700840080007D0090
:10C06C007A007700740071006E006B006900660046
:10C07C00630060005E005B005800560053005100E6
:10C08C004E004C00490047004500420040003E0075
:10C09C003C003A00380036003400320030002E00EC
:10C0AC002C002A0028002700250023002200200055
:10C0BC001F001D001C001A001900170016001500A7
:10C0CC0014001200110010000F000E000D000C00E7
:10C0DC000B000A0009000900080007000600060012
:10C0EC000500050004000400030003000200020028
:10C0FC00020001000100010001000100010001002B
:10C10C00010001000100010001000100010002001A
:10C11C0002000200030003000400040005000500F7
:10C12C000600060007000800090009000A000B00C1
:10C13C000C000D000E000F00100011001200140076
:10C14C0015001600170019001A001C001D001F0016
:10C15C002000220023002500270028002A002C00A4
:10C16C002E00300032003400360038003A003C001B
:10C17C003E00400042004500470049004C004E0084
:10C18C0051005300560058005B005E0060006300D5
:10C19C00660069006B006E007100740077007A0015
:10C1AC007D008000840087008A008D00910094003F
:10C1BC0097009B009E00A200A500A900AD00B00056
:10C1CC00B400B800BB00BF00C300C700CB00CF0059
:10C1DC00D300D700DB00DF00E300E700EC00F00049
:10C1EC00F400F900FD00010106010A010F01140120
:10C1FC0018011D01220126012B01300135013A01E4
:10C20C003F01440149014E01530158015D01620196
:10C21C0067016D01720177017D01820188018D0139
:10C22C00930198019E01A301A901AF01B501BA01C7
:10C23C00C001C601CC01D201D801DE01E401EA0142
:10C24C00F001F701FD0103020902100216021D02A2
:10C25C0023022A02300237023D0244024B025102F1
:10C26C0058025F0266026D0274027A028102890230
:10C27C00900297029E02A502AC02B402BB02C2025B
:10C28C00CA02D102D802E002E702EF02F702FE0274
:10C29C0006030E0315031D0325032D0335033D0370
:10C2AC0045034D0355035D0365036D0375037E0361
:10C2BC0086038E0397039F03A703B003B803C10340
:10C2CC00CA03D203DB03E403EC03F503FE03070408
:10C2DC001004190422042B0434043D0446044F04B6
:10C2EC00580462046B0474047D04870490049A045B
:10C2FC00A304AD04B604C004CA04D304DD04E704EB
:10C30C00F104FB0404050E05180522052C05360561
:10C31C0040054B0555055F05690574057E058805C7
:10C32C0093059D05A805B205BD05C705D205DD051C
:10C33C00E705F205FD05080613061D06280633065B
:10C34C003E064906550660066B06760681068D0686
:10C35C009806A306AF06BA06C506D106DD06E806A2
:10C36C00F406FF060B07170723072E073A074607A5
:10C37C0052075E076A07760782078E079A07A60799
:10C38C00B307BF07CB07D807E407F007FD07090879
:10C39C00160822082F083B084808550862086E0842
:10C3AC007B0888089508A208AF08BC08C908D608FD
:10C3BC00E308F008FD080B091809250932094009A2
:10C3CC004D095B0968097609830991099E09AC0935
:10C3DC00BA09C809D509E309F109FF090D0A1B0AB5
:10C3EC00290A370A450A530A610A6F0A7E0A8C0A1F
:10C3FC009A0AA80AB70AC50AD40AE20AF10AFF0A7D
:10C40C000E0B1C0B2B0B3A0B480B570B660B750BBF
:10C41C00840B930BA20BB10BC00BCF0BDE0BED0BF4
:10C42C00FC0B0B0C1B0C2A0C390C490C580C680C13
:10C43C00770C870C960CA60CB50CC50CD50CE40C23
:10C44C00F40C040D140D240D340D430D530D640D1B
:10C45C00740D840D940DA40DB40DC40DD50DE50D06
:10C46C00F50D060E160E270E370E480E580E690ED9
:10C47C00790E8A0E9B0EAC0EBC0ECD0EDE0EEF0EA0
:10C48C00000F110F220F330F440F550F660F770F4C
:10C49C00890F9A0FAB0FBD0FCE0FDF0FF10F0210EC
:10C4AC0014102510371049105A106C107E108F1074
:10C4BC00A110B310C510D710E910FB100D111F11EE
:10C4CC0031114311551167117A118C119E11B11153
:10C4DC00C311D511E811FA110D121F1232124512A7
:10C4EC0057126A127D128F12A212B512C812DB12E9
:10C4FC00EE120113141327133A134D136013741314
:10C50C0087139A13AD13C113D413E713FB130E1433
:10C51C002214351449145D14701484149814AC143A
:10C52C00BF14D314E714FB140F15231537154B1533
:10C53C005F15731587159C15B015C415D815ED1519
:10C54C00011615162A163E16531667167C169116EA
:10C55C00A516BA16CF16E316F8160D1722173717AD
:10C56C004C17611776178B17A017B517CA17DF175B
:10C57C00F4170A181F1834184A185F1874188A18F8
:10C58C009F18B518CB18E018F6180B192119371984
:10C59C004D19621978198E19A419BA19D019E619FE
:10C5AC00FC19121A281A3E1A551A6B1A811A971A64
:10C5BC00AE1AC41ADA1AF11A071B1E1B341B4B1BBA
:10C5CC00611B781B8F1BA51BBC1BD31BEA1B011CFF
:10C5DC00171C2E1C451C5C1C731C8A1CA11CB91C32
:10C5EC00D01CE71CFE1C151D2D1D441D5B1D731D51
:10C5FC008A1DA21DB91DD11DE81D001E171E2F1E60
:10C60C00471E5E1E761E8E1EA61EBE1ED61EEE1E5D
:10C61C00061F1E1F361F4E1F661F7E1F961FAE1F46
:10C62C00C61FDF1FF71F0F20282040205920712024
:10C63C008A20A220BB20D320EC2005211D213621ED
:10C64C004F21682181219921B221CB21E421FD21A7
:10C65C0016222F22482262227B229422AD22C7224C
:10C66C00E022F92213232C2345235F2378239223E2
:10C67C00AC23C523DF23F82312242C2446245F2467
:10C68C0079249324AD24C724E124FB2415252F25DC
:10C69C00492563257E259825B225CC25E72501263D
:10C6AC001B26362650266B268526A026BA26D5268E
:10C6BC00EF260A2725273F275A2775279027AB27D0
:10C6CC00C627E127FC27162832284D2868288328FE
:10C6DC009E28B928D428F0280B29262942295D291F
:10C6EC0078299429AF29CB29E629022A1D2A392A2F
:10C6FC00552A702A8C2AA82AC42AE02AFB2A172B2E
:10C70C00332B4F2B6B2B872BA32BBF2BDC2BF82B1B
:10C71C00142C302C4C2C692C852CA12CBE2CDA2CF6
:10C72C00F62C132D2F2D4C2D692D852DA22DBE2DC4
:10C73C00DB2DF82D152E312E4E2E6B2E882EA52E80
:10C74C00C22EDF2EFC2E192F362F532F702F8D2F2C
:10C75C00AA2FC82FE52F023020303D305A307830C8
:10C76C009530B330D030EE300B3129314631643155
:10C77C008231A031BD31DB31F931173235325332D0
:10C78C0070328E32AC32CA32E9320733253343333E
:10C79C0061337F339E33BC33DA33F933173435349A
:10C7AC00543472349134AF34CE34EC340B352A35E6
:10C7BC00483567358635A535C335E2350136203623
:10C7CC003F365E367D369C36BB36DA36F936183750
:10C7DC003737573776379537B437D437F33712386E
:10C7EC003238513871389038B038CF38EF380F397B
:10C7FC002E394E396E398D39AD39CD39ED390D3A79
:10C80C002C3A4C3A6C3A8C3AAC3ACC3AEC3A0C3B6B
:10C81C002D3B4D3B6D3B8D3BAD3BCE3BEE3B0E3C48
:10C82C002F3C4F3C6F3C903CB03CD13CF13C123D1A
:10C83C00333D533D743D953DB53DD63DF73D183EDA
:10C84C00383E593E7A3E9B3EBC3EDD3EFE3E1F3F8F
:10C85C00403F613F823FA43FC53FE63F0740284031
:10C86C004A406B408C40AE40CF40F14012413441C5
:10C87C00554177419841BA41DC41FD411F4241424B
:10C88C0062428442A642C842EA420C432E434F43C2
:10C89C0071439343B643D843FA431C443E4460442B
:10C8AC008244A544C744E9440C452E455045734584
:10C8BC009545B845DA45FD451F46424664468746D0
:10C8CC00AA46CC46EF461247354757477A479D470D
:10C8DC00C047E347064829484C486F489248B5483A
:10C8EC00D848FB481E49414965498849AB49CE495E
:10C8FC00F249154A384A5C4A7F4AA34AC64AEA4A70
:10C90C000D4B314B554B784B9C4BBF4BE34B074C72
:10C91C002B4C4E4C724C964CBA4CDE4C024D264D68
:10C92C004A4D6E4D924DB64DDA4DFE4D224E464E51
:10C93C006A4E8F4EB34ED74EFC4E204F444F694F2C
:10C94C008D4FB14FD64FFA4F1F50435068508D50FA
:10C95C00B150D650FA501F51445169518D51B251BA
:10C96C00D751FC51215246526B529052B552DA5269
:10C97C00FF52245349536E539353B853DD5303540E
:10C98C0028544D5472549854BD54E25408552D55A6
:10C99C00535578559E55C355E9550E5634565A562F
:10C9AC007F56A556CB56F05616573C5762578857AC
:10C9BC00AD57D357F9571F5845586B589158B7581E
:10C9CC00DD5803592959505976599C59C259E8597F
:10C9DC000F5A355A5B5A825AA85ACE5AF55A1B5BD3
:10C9EC00425B685B8F5BB55BDC5B025C295C505C1B
:10C9FC00765C9D5CC45CEA5C115D385D5F5D855D59
:10CA0C00AC5DD35DFA5D215E485E6F5E965EBD5E89
:10CA1C00E45E0B5F325F595F815FA85FCF5FF65FAB
:10CA2C001D6045606C609360BB60E26009613161C0
:10CA3C0058618061A761CF61F6611E6245626D62CB
:10CA4C009562BC62E4620C6333635B638363AB63C8
:10CA5C00D263FA6322644A6472649A64C264EA64BC
:10CA6C0012653A6562658A65B265DA6502662A66A0
:10CA7C0053667B66A366CB66F4661C6744676D677A
:10CA8C009567BD67E6670E6837685F688868B06849
:10CA9C00D96801692A6953697B69A469CD69F5690B
:10CAAC001E6A476A706A986AC16AEA6A136B3C6BC1
:10CABC00656B8E6BB76BE06B096C326C5B6C846C6A
:10CACC00AD6CD66CFF6C286D526D7B6DA46DCD6D0D
:10CADC00F66D206E496E726E9C6EC56EEF6E186FA1
:10CAEC00416F6B6F946FBE6FE76F11703B7064702A
:10CAFC008E70B770E1700B7134715E718871B271A8
:10CB0C00DC7105722F7259728372AD72D772017318
:10CB1C002B7355737F73A973D373FD73277451747F
:10CB2C007B74A574CF74FA7424754E757875A375DF
:10CB3C00CD75F77522764C767676A176CB76F67631
:10CB4C0020774B777577A077CA77F5771F784A7877
:10CB5C0075789F78CA78F5781F794A797579A079B4
:10CB6C00CA79F579207A4B7A767AA17ACC7AF77AE7
:10CB7C00217B4C7B777BA27BCD7BF97B247C4F7C10
:10CB8C007A7CA57CD07CFB7C267D527D7D7DA87D2E
:10CB9C00D37DFF7D2A7E557E817EAC7ED77E037F42
:10CBAC002E7F5A7F857FB17FDC7F088033805F804A
:10CBBC008A80B680E2800D81398165819081BC814B
:10CBCC00E88114823F826B829782C382EF821A8340
:10CBDC00468372839E83CA83F68322844E847A842E
:10CBEC00A684D284FE842A8556858385AF85DB8511
:10CBFC000786338660868C86B886E48611873D87E7
:10CC0C0069879687C287EE871B8847887488A088B7
:10CC1C00CD88F988268952897F89AB89D889048A7D
:10CC2C00318A5E8A8A8AB78AE48A108B3D8B6A8B3A
:10CC3C00978BC38BF08B1D8C4A8C778CA38CD08CF0
:10CC4C00FD8C2A8D578D848DB18DDE8D0B8E388E9B
:10CC5C00658E928EBF8EEC8E198F468F748FA18F3E
:10CC6C00CE8FFB8F289056908390B090DD900B91D7
:10CC7C00389165919391C091ED911B924892769267
:10CC8C00A392D092FE922B9359938693B493E293F2
:10CC9C000F943D946A949894C694F39421954F956F
:10CCAC007C95AA95D8950596339661968F96BD96E8
:10CCBC00EA96189746977497A297D097FE972C9858
:10CCCC005A988898B698E498129940996E999C99BC
:10CCDC00CA99F899269A549A829AB09ADF9A0D9B1F
:10CCEC003B9B699B979BC69BF49B229C509C7F9C77
:10CCFC00AD9CDB9C0A9D389D679D959DC39DF29DC7
:10CD0C00209E4F9E7D9EAC9EDA9E099F379F669F0C
:10CD1C00949FC39FF19F20A04FA07DA0ACA0DBA04F
:10CD2C0009A138A167A195A1C4A1F3A122A250A287
:10CD3C007FA2AEA2DDA20CA33AA369A398A3C7A3BA
:10CD4C00F6A325A454A483A4B2A4E1A410A53FA5E2
:10CD5C006EA59DA5CCA5FBA52AA659A688A6B7A607
:10CD6C00E6A615A744A774A7A3A7D2A701A830A825
:10CD7C0060A88FA8BEA8EDA81DA94CA97BA9AAA93B
:10CD8C00DAA909AA38AA68AA97AAC7AAF6AA25AB4B
:10CD9C0055AB84ABB4ABE3AB13AC42AC72ACA1AC53
:10CDAC00D1AC00AD30AD5FAD8FADBFADEEAD1EAE55
:10CDBC004DAE7DAEADAEDCAE0CAF3CAF6BAF9BAF52
:10CDCC00CBAFFBAF2AB05AB08AB0BAB0EAB019B147
:10CDDC0049B179B1A9B1D9B109B238B268B298B236
:10CDEC00C8B2F8B228B358B388B3B8B3E8B318B420
:10CDFC0048B478B4A8B4D8B408B538B568B598B503
:10CE0C00C8B5F9B529B659B689B6B9B6E9B619B7E0
:10CE1C004AB77AB7AAB7DAB70BB83BB86BB89BB8B6
:10CE2C00CCB8FCB82CB95CB98DB9BDB9EDB91EBA8A
:10CE3C004EBA7FBAAFBADFBA10BB40BB71BBA1BB55
:10CE4C00D1BB02BC32BC63BC93BCC4BCF4BC25BD1E
:10CE5C0055BD86BDB6BDE7BD18BE48BE79BEA9BEE0
:10CE6C00DABE0BBF3BBF6CBF9CBFCDBFFEBF2EC09D
:10CE7C005FC090C0C1C0F1C022C153C183C1B4C155
:10CE8C00E5C116C246C277C2A8C2D9C20AC33BC307
:10CE9C006BC39CC3CDC3FEC32FC460C491C4C1C4B7
:10CEAC00F2C423C554C585C5B6C5E7C518C649C661
:10CEBC007AC6ABC6DCC60DC73EC76FC7A0C7D1C705
:10CECC0002C833C864C895C8C6C8F7C828C95AC9A7
:10CEDC008BC9BCC9EDC91ECA4FCA80CAB1CAE3CA44
:10CEEC0014CB45CB76CBA7CBD9CB0ACC3BCC6CCCDB
:10CEFC009ECCCFCC00CD31CD63CD94CDC5CDF6CD70
:10CF0C0028CE59CE8ACEBCCEEDCE1ECF50CF81CFFF
:10CF1C00B2CFE4CF15D047D078D0A9D0DBD00CD18C
:10CF2C003ED16FD1A0D1D2D103D235D266D298D214
:10CF3C00C9D2FBD22CD35ED38FD3C1D3F2D324D49A
:10CF4C0055D487D4B8D4EAD41BD54DD57ED5B0D51D
:10CF5C00E2D513D645D676D6A8D6DAD60BD73DD79A
:10CF6C006ED7A0D7D2D703D835D867D898D8CAD817
:10CF7C00FCD82DD95FD991D9C2D9F4D926DA58DA8F
:10CF8C0089DABBDAEDDA1EDB50DB82DBB4DBE5DB06
:10CF9C0017DC49DC7BDCADDCDEDC10DD42DD74DD76
:10CFAC00A6DDD7DD09DE3BDE6DDE9FDED0DE02DFE7
:10CFBC0034DF66DF98DFCADFFCDF2DE05FE091E055
:10CFCC00C3E0F5E027E159E18BE1BDE1EFE120E2BF
:10CFDC0052E284E2B6E2E8E21AE34CE37EE3B0E329
:10CFEC00E2E314E446E478E4AAE4DCE40EE540E58C
:10CFFC0072E5A4E5D6E508E63AE66CE69EE6D0E6F0
:10D00C0002E734E766E798E7CAE7FCE72EE860E852
:10D01C0092E8C4E8F6E828E95AE98DE9BFE9F1E9B4
:10D02C0023EA55EA87EAB9EAEBEA1DEB4FEB81EB11
:10D03C00B3EBE6EB18EC4AEC7CECAEECE0EC12ED6E
:10D04C0044ED77EDA9EDDBED0DEE3FEE71EEA3EEC9
:10D05C00D6EE08EF3AEF6CEF9EEFD0EF03F035F021
:10D06C0067F099F0CBF0FDF030F162F194F1C6F17C
:10D07C00F8F12BF25DF28FF2C1F2F3F225F358F3D3
:10D08C008AF3BCF3EEF321F453F485F4B7F4E9F42A
:10D09C001CF54EF580F5B2F5E4F517F649F67BF67E
:10D0AC00ADF6E0F612F744F776F7A9F7DBF70DF8D3
:10D0BC003FF872F8A4F8D6F808F93BF96DF99FF926
:10D0CC00D1F904FA36FA68FA9AFACDFAFFFA31FB7A
:10D0DC0063FB96FBC8FBFAFB2CFC5FFC91FCC3FCCE
:10D0EC00F5FC28FD5AFD8CFDBEFDF1FD23FE55FE21
:10D0FC0088FEBAFEECFE1EFF51FF83FFB5FFE7FF73
:10D10C0019004B007D00AF00E200140146017801CC
:10D11C00AB01DD010F0242027402A602D8020B031E
:10D12C003D036F03A103D403060438046A049D0471
:10D13C00CF040105330566059805CA05FC052F06C5
:10D14C0061069306C506F8062A075C078E07C10719
:10D15C00F307250857088A08BC08EE08200953096C
:10D16C008509B709E9091B0A4E0A800AB20AE40AC2
:10D17C00170B490B7B0BAD0BDF0B120C440C760C15
:10D18C00A80CDB0C0D0D3F0D710DA30DD60D080E6B
:10D19C003A0E6C0E9E0ED00E030F350F670F990FC3
:10D1AC00CB0FFD0F301062109410C610F8102A111E
:10D1BC005D118F11C111F311251257128912BC1276
:10D1CC00EE12201352138413B613E8131A144D14D1
:10D1DC007F14B114E314151547157915AB15DD152E
:10D1EC000F1641167316A616D8160A173C176E178B
:10D1FC00A017D2170418361868189A18CC18FE18ED
:10D20C00301962199419C619F8192A1A5C1A8E1A4F
:10D21C00C01AF21A241B561B881BBA1BEC1B1E1CB3
:10D22C00501C821CB41CE61C181D4A1D7C1DAE1D16
:10D23C00E01D111E431E751EA71ED91E0B1F3D1F80
:10D24C006F1FA11FD31F0420362068209A20CC20EA
:10D25C00FE20302161219321C521F72129225A2258
:10D26C008C22BE22F022222353238523B723E923C9
:10D27C001B244C247E24B024E22413254525772539
:10D28C00A825DA250C263E266F26A126D3260427B0
:10D29C00362768279927CB27FD272E286028922828
:10D2AC00C328F528262958298A29BB29ED291E2AA5
:10D2BC00502A822AB32AE52A162B482B792BAB2B22
:10D2CC00DC2B0E2C3F2C712CA22CD42C052D372DA5
:10D2DC00682D9A2DCB2DFD2D2E2E602E912EC22E2B
:10D2EC00F42E252F572F882FBA2FEB2F1C304E30B2
:10D2FC007F30B030E230133144317631A731D83140
:10D30C000A323B326C329D32CF32003331336233CE
:10D31C009433C533F633273459348A34BB34EC3464
:10D32C001D354F358035B135E235133644367536FB
:10D33C00A636D83609373A376B379C37CD37FE3798
:10D34C002F3860389138C238F3382439553986393A
:10D35C00B739E839193A4A3A7B3AAC3ADD3A0E3BDE
:10D36C003F3B6F3BA03BD13B023C333C643C953C88
:10D37C00C53CF63C273D583D893DBA3DEA3D1B3E38
:10D38C004C3E7D3EAD3EDE3E0F3F3F3F703FA13FEA
:10D39C00D23F0240334064409440C540F5402641A2
:10D3AC0057418741B841E84119424A427A42AB425F
:10D3BC00DB420C433C436D439D43CE43FE432F4421
:10D3CC005F448F44C044F044214551458145B245EA
:10D3DC00E245134643467346A446D44604473447B5
:10D3EC0065479547C547F547264856488648B64889
:10D3FC00E748174947497749A749D749074A384A5F
:10D40C00684A984AC84AF84A284B584B884BB84B3C
:10D41C00E84B184C484C784CA84CD84C084D384D1F
:10D42C00684D984DC84DF74D274E574E874EB74E09
:10D43C00E74E164F464F764FA64FD64F05503550F8
:10D44C0065509550C450F450245153518351B351ED
:10D45C00E251125241527152A152D05200532F53E9
:10D46C005F538E53BE53ED531D544C547C54AB54EC
:10D47C00DB540A55395569559855C855F7552656F4
:10D48C0056568556B456E356135742577157A05704
:10D49C00D057FF572E585D588C58BC58EB581A591A
:10D4AC0049597859A759D659055A345A635A925A38
:10D4BC00C15AF05A1F5B4E5B7D5BAC5BDB5B0A5C5D
:10D4CC00395C685C975CC65CF45C235D525D815D85
:10D4DC00B05DDE5D0D5E3C5E6B5E995EC85EF75EB8
:10D4EC00255F545F835FB15FE05F0F603D606C60F0
:10D4FC009A60C960F760266154618361B161E06133
:10D50C000E623D626B629962C862F6622563536378
:10D51C008163B063DE630C643A6469649764C564C8
:10D52C00F364216550657E65AC65DA650866366620
:10D53C0064669266C066EE661C674A677867A66783
:10D54C00D467026830685E688C68BA68E8681669E7
:10D55C00436971699F69CD69FB69286A566A846A57
:10D56C00B16ADF6A0D6B3A6B686B966BC36BF16BD0
:10D57C001E6C4C6C7A6CA76CD56C026D306D5D6D4D
:10D58C008A6DB86DE56D136E406E6D6E9B6EC86ED8
:10D59C00F56E236F506F7D6FAA6FD86F0570327068
:10D5AC005F708C70BA70E770147141716E719B7101
:10D5BC00C871F57122724F727C72A972D6720373A4
:10D5CC0030735D738973B673E37310743D7469744F
:10D5DC009674C374F0741C7549757675A275CF7505
:10D5EC00FC75287655768176AE76DB7607773477C0
:10D5FC0060778C77B977E57712783E786A78977888
:10D60C00C378EF781C7948797479A079CD79F97958
:10D61C00257A517A7D7AAA7AD67A027B2E7B5A7B2E
:10D62C00867BB27BDE7B0A7C367C627C8E7CBA7C11
:10D63C00E67C117D3D7D697D957DC17DEC7D187EFF
:10D64C00447E707E9B7EC77EF37E1E7F4A7F767FF4
:10D65C00A17FCD7FF87F24804F807B80A680D280F5
:10D66C00FD80298154817F81AB81D68101822D82FD
:10D67C0058828382AE82DA82058330835B83868311
:10D68C00B183DC83078433845E848984B484DF842F
:10D69C00098534855F858A85B585E0850B86368658
:10D6AC0060868B86B686E1860B87368761878B878B
:10D6BC00B687E1870B88368860888B88B588E088C8
:10D6CC000A8935895F898A89B489DE89098A338A0E
:10D6DC005D8A888AB28ADC8A068B318B5B8B858B60
:10D6EC00AF8BD98B038C2D8C578C818CAB8CD58CC0
:10D6FC00FF8C298D538D7D8DA78DD18DFB8D248E27
:10D70C004E8E788EA28ECC8EF58E1F8F498F728F97
:10D71C009C8FC58FEF8F199042906C909590BF9015
:10D72C00E89011913B9164918E91B791E0910A929E
:10D73C0033925C928592AF92D89201932A93539331
:10D74C007C93A593CE93F7932094499472949B94D5
:10D75C00C494ED9416953F9568959095B995E2957E
:10D76C000B9633965C968596AD96D696FF96279734
:10D77C0050977897A197C997F2971A9843986B98F6
:10D78C009398BC98E4980C9935995D998599AD99C5
:10D79C00D699FE99269A4E9A769A9E9AC69AEE9A9F
:10D7AC00169B3E9B669B8E9BB69BDE9B069C2E9C83
:10D7BC00559C7D9CA59CCD9CF49C1C9D449D6B9D77
:10D7CC00939DBB9DE29D0A9E319E599E809EA89E74
:10D7DC00CF9EF79E1E9F459F6D9F949FBB9FE39F7F
:10D7EC000AA031A058A07FA0A7A0CEA0F5A01CA194
:10D7FC0043A16AA191A1B8A1DFA106A22DA254A2B6
:10D80C007BA2A1A2C8A2EFA216A33CA363A38AA3E6
:10D81C00B0A3D7A3FEA324A44BA471A498A4BEA424
:10D82C00E5A40BA532A558A57EA5A5A5CBA5F1A56C
:10D83C0018A63EA664A68AA6B0A6D7A6FDA623A7C0
:10D84C0049A76FA795A7BBA7E1A707A82DA853A821
:10D85C0078A89EA8C4A8EAA810A935A95BA981A993
:10D86C00A6A9CCA9F2A917AA3DAA62AA88AAADAA10
:10D87C00D3AAF8AA1EAB43AB68AB8EABB3ABD8AB99
:10D88C00FDAB23AC48AC6DAC92ACB7ACDCAC01AD31
:10D89C0026AD4BAD70AD95ADBAADDFAD04AE29AED6
:10D8AC004EAE73AE97AEBCAEE1AE06AF2AAF4FAF85
:10D8BC0073AF98AFBDAFE1AF06B02AB04FB073B045
:10D8CC0097B0BCB0E0B004B129B14DB171B196B113
:10D8DC00BAB1DEB102B226B24AB26EB292B2B6B2EE
:10D8EC00DAB2FEB222B346B36AB38EB3B2B3D5B3D7
:10D8FC00F9B31DB441B464B488B4ACB4CFB4F3B4CC
:10D90C0016B53AB55DB581B5A4B5C8B5EBB50EB6CF
:10D91C0032B655B678B69BB6BFB6E2B605B728B7E1
:10D92C004BB76EB791B7B4B7D7B7FAB71DB840B805
:10D93C0063B886B8A9B8CCB8EEB811B934B956B931
:10D94C0079B99CB9BEB9E1B903BA26BA48BA6BBA6F
:10D95C008DBAB0BAD2BAF5BA17BB39BB5BBB7EBBBA
:10D96C00A0BBC2BBE4BB06BC28BC4ABC6DBC8FBC14
:10D97C00B1BCD2BCF4BC16BD38BD5ABD7CBD9EBD7D
:10D98C00BFBDE1BD03BE24BE46BE68BE89BEABBEF4
:10D99C00CCBEEEBE0FBF31BF52BF74BF95BFB6BF7A
:10D9AC00D8BFF9BF1AC03BC05CC07EC09FC0C0C00E
:10D9BC00E1C002C123C144C165C186C1A7C1C8C1B0
:10D9CC00E8C109C22AC24BC26BC28CC2ADC2CDC265
:10D9DC00EEC20FC32FC350C370C390C3B1C3D1C326
:10D9EC00F2C312C432C453C473C493C4B3C4D3C4F7
:10D9FC00F4C414C534C554C574C594C5B4C5D4C5D4
:10DA0C00F3C513C633C653C673C692C6B2C6D2C6C6
:10DA1C00F1C611C731C750C770C78FC7AFC7CEC7C4
:10DA2C00EEC70DC82CC84CC86BC88AC8A9C8C9C8D1
:10DA3C00E8C807C926C945C964C983C9A2C9C1C9EF
:10DA4C00E0C9FFC91ECA3DCA5BCA7ACA99CAB8CA1C
:10DA5C00D6CAF5CA14CB32CB51CB6FCB8ECBACCB59
:10DA6C00CBCBE9CB07CC26CC44CC62CC81CC9FCCA5
:10DA7C00BDCCDBCCF9CC17CD36CD54CD72CD90CD01
:10DA8C00ADCDCBCDE9CD07CE25CE43CE60CE7ECE6F
:10DA9C009CCEBACED7CEF5CE12CF30CF4DCF6BCFEA
:10DAAC0088CFA6CFC3CFE0CFFECF1BD038D056D077
:10DABC0073D090D0ADD0CAD0E7D004D121D13ED113
:10DACC005BD178D195D1B2D1CFD1EBD108D225D2BF
:10DADC0042D25ED27BD298D2B4D2D1D2EDD20AD37A
:10DAEC0026D342D35FD37BD397D3B4D3D0D3ECD349
:10DAFC0008D425D441D45DD479D495D4B1D4CDD423
:10DB0C00E9D405D520D53CD558D574D590D5ABD511
:10DB1C00C7D5E3D5FED51AD635D651D66CD688D610
:10DB2C00A3D6BED6DAD6F5D610D72CD747D762D720
:10DB3C007DD798D7B3D7CED7EAD704D81FD83AD841
:10DB4C0055D870D88BD8A6D8C1D8DBD8F6D811D96F
:10DB5C002BD946D960D97BD995D9B0D9CAD9E5D9B1
:10DB6C00FFD919DA34DA4EDA68DA82DA9DDAB7DA02
:10DB7C00D1DAEBDA05DB1FDB39DB53DB6DDB87DB63
:10DB8C00A1DBBADBD4DBEEDB08DC21DC3BDC54DCD8
:10DB9C006EDC88DCA1DCBBDCD4DCEDDC07DD20DD5D
:10DBAC0039DD53DD6CDD85DD9EDDB8DDD1DDEADDF3
:10DBBC0003DE1CDE35DE4EDE67DE7FDE98DEB1DE98
:10DBCC00CADEE3DEFBDE14DF2DDF45DF5EDF76DF52
:10DBDC008FDFA7DFC0DFD8DFF1DF09E021E03AE01B
:10DBEC0052E06AE082E09AE0B2E0CAE0E2E0FAE0F9
:10DBFC0012E12AE142E15AE172E18AE1A2E1B9E1E2
:10DC0C00D1E1E9E100E218E22FE247E25EE276E2DE
:10DC1C008DE2A5E2BCE2D3E2EBE202E319E330E3EE
:10DC2C0047E35FE376E38DE3A4E3BBE3D2E3E9E30D
:10DC3C00FFE316E42DE444E45BE471E488E49FE440
:10DC4C00B5E4CCE4E2E4F9E40FE526E53CE552E585
:10DC5C0069E57FE595E5ABE5C2E5D8E5EEE504E6DB
:10DC6C001AE630E646E65CE672E688E69EE6B3E641
:10DC7C00C9E6DFE6F5E60AE720E736E74BE761E7BA
:10DC8C0076E78CE7A1E7B6E7CCE7E1E7F6E70CE847
:10DC9C0021E836E84BE860E875E88AE89FE8B4E8E4
:10DCAC00C9E8DEE8F3E808E91DE931E946E95BE992
:10DCBC006FE984E999E9ADE9C2E9D6E9EBE9FFE955
:10DCCC0013EA28EA3CEA50EA64EA79EA8DEAA1EA26
:10DCDC00B5EAC9EADDEAF1EA05EB19EB2DEB41EB0C
:10DCEC0054EB68EB7CEB90EBA3EBB7EBCBEBDEEB05
:10DCFC00F2EB05EC19EC2CEC3FEC53EC66EC79EC0C
:10DD0C008CECA0ECB3ECC6ECD9ECECECFFEC12ED2B
:10DD1C0025ED38ED4BED5EED71ED83ED96EDA9ED56
:10DD2C00BBEDCEEDE1EDF3ED06EE18EE2BEE3DEE98
:10DD3C004FEE62EE74EE86EE99EEABEEBDEECFEEEC
:10DD4C00E1EEF3EE05EF17EF29EF3BEF4DEF5FEF51
:10DD5C0071EF82EF94EFA6EFB7EFC9EFDBEFECEFCB
:10DD6C00FEEF0FF021F032F043F055F066F077F053
:10DD7C0089F09AF0ABF0BCF0CDF0DEF0EFF000F1F2
:10DD8C0011F122F133F144F154F165F176F187F19F
:10DD9C0097F1A8F1B8F1C9F1D9F1EAF1FAF10BF266
:10DDAC001BF22BF23CF24CF25CF26CF27CF28CF239
:10DDBC009CF2ADF2BDF2CCF2DCF2ECF2FCF20CF324
:10DDCC001CF32BF33BF34BF35AF36AF379F389F31C
:10DDDC0098F3A8F3B7F3C7F3D6F3E5F3F5F304F42C
:10DDEC0013F422F431F440F44FF45EF46DF47CF44B
:10DDFC008BF49AF4A9F4B8F4C6F4D5F4E4F4F2F480
:10DE0C0001F50FF51EF52CF53BF549F558F566F5C2
:10DE1C0074F582F591F59FF5ADF5BBF5C9F5D7F520
:10DE2C00E5F5F3F501F60FF61DF62BF638F646F68A
:10DE3C0054F662F66FF67DF68AF698F6A5F6B3F60A
:10DE4C00C0F6CEF6DBF6E8F6F5F603F710F71DF79D
:10DE5C002AF737F744F751F75EF76BF778F785F742
:10DE6C0092F79EF7ABF7B8F7C5F7D1F7DEF7EAF7FD
:10DE7C00F7F703F810F81CF828F835F841F84DF8C6
:10DE8C005AF866F872F87EF88AF896F8A2F8AEF8A6
:10DE9C00BAF8C6F8D2F8DDF8E9F8F5F801F90CF99A
:10DEAC0018F923F92FF93BF946F951F95DF968F99D
:10DEBC0073F97FF98AF995F9A0F9ABF9B7F9C2F9B9
:10DECC00CDF9D8F9E3F9EDF9F8F903FA0EFA19FAE4
:10DEDC0023FA2EFA39FA43FA4EFA58FA63FA6DFA23
:10DEEC0078FA82FA8CFA97FAA1FAABFAB5FAC0FA78
:10DEFC00CAFAD4FADEFAE8FAF2FAFCFA05FB0FFBDE
:10DF0C0019FB23FB2DFB36FB40FB4AFB53FB5DFB54
:10DF1C0066FB70FB79FB83FB8CFB95FB9EFBA8FBE4
:10DF2C00B1FBBAFBC3FBCCFBD5FBDEFBE7FBF0FB89
:10DF3C00F9FB02FC0BFC14FC1CFC25FC2EFC36FC37
:10DF4C003FFC48FC50FC58FC61FC69FC72FC7AFC00
:10DF5C0082FC8BFC93FC9BFCA3FCABFCB3FCBBFCDE
:10DF6C00C3FCCBFCD3FCDBFCE3FCEBFCF2FCFAFCCF
:10DF7C0002FD09FD11FD19FD20FD28FD2FFD36FDCB
:10DF8C003EFD45FD4CFD54FD5BFD62FD69FD70FDE4
:10DF9C0077FD7FFD86FD8CFD93FD9AFDA1FDA8FD0F
:10DFAC00AFFDB5FDBCFDC3FDC9FDD0FDD6FDDDFD4E
:10DFBC00E3FDEAFDF0FDF7FDFDFD03FE09FE10FE9D
:10DFCC0016FE1CFE22FE28FE2EFE34FE3AFE40FEFD
:10DFDC0046FE4BFE51FE57FE5DFE62FE68FE6DFE78
:10DFEC0073FE78FE7EFE83FE89FE8EFE93FE99FE06
:10DFFC009EFEA3FEA8FEADFEB2FEB7FEBCFEC1FEA9
:10E00C00C6FECBFED0FED5FEDAFEDEFEE3FEE8FE5B
:10E01C00ECFEF1FEF6FEFAFEFFFE03FF07FF0CFF1F
:10E02C0010FF14FF19FF1DFF21FF25FF29FF2DFFF6
:10E03C0031FF35FF39FF3DFF41FF45FF48FF4CFFE6
:10E04C0050FF53FF57FF5BFF5EFF62FF65FF69FFE9
:10E05C006CFF6FFF73FF76FF79FF7CFF80FF83FF00
:10E06C0086FF89FF8CFF8FFF92FF95FF97FF9AFF2A
:10E07C009DFFA0FFA2FFA5FFA8FFAAFFADFFAFFF6A
:10E08C00B2FFB4FFB7FFB9FFBBFFBEFFC0FFC2FFBB
:10E09C00C4FFC6FFC8FFCAFFCCFFCEFFD0FFD2FF24
:10E0AC00D4FFD6FFD8FFD9FFDBFFDDFFDEFFE0FF9B
:10E0BC00E1FFE3FFE4FFE6FFE7FFE9FFEAFFEBFF29
:10E0CC00ECFFEEFFEFFFF0FFF1FFF2FFF3FFF4FFC9
:10E0DC00F5FFF6FFF7FFF7FFF8FFF9FFFAFFFAFF7E
:10E0EC00FBFFFBFFFCFFFCFFFDFFFDFFFEFFFEFF48
:10E0FC00FEFFFFFFFFFFFFFFFFFFFFFFFFFFFFFF25
:10E10C00A01DD0F588C59AFCA878F6FD7C7B8BFE0B
:10E11C00FC43DEFE11F212FF916A37FF552952FFC4
:10E12C00199D66FF9BC276FFC9D483FF08A18EFFA1
:10E13C0001B397FFFE6C9FFF2916A6FF50E3ABFFC0
:10E14C0075FCB0FF7280B5FF7987B9FFC224BDFFA3
:10E15C00C767C0FF215DC3FF2A0FC6FF7A86C8FFC1
:10E16C0043CACAFF93E0CCFF92CECEFFA598D0FF56
:10E17C009342D2FFA2CFD3FFA942D5FF229ED6FF56
:10E18C003BE4D7FFDC16D9FFB837DAFF4E48DBFF8C
:10E19C00F649DCFFE13DDDFF2125DEFFAC00DFFFB2
:10E1AC0061D1DFFF0798E0FF5555E1FFF009E2FF71
:10E1BC006EB6E2FF575BE3FF2AF9E3FF5190E4FFF1
:10E1CC004421E5FF5CACE5FFF331E6FF5AB2E6FF14
:10E1DC00DE2DE7FFC4A4E7FF4E17E8FFB885E8FF84
:10E1EC0039F0E8FF0757E9FF52BAE9FF471AEAFF8F
:10E1FC001077EAFFD6D0EAFFBC27EBFFE77BEBFFFB
:10E20C0076CDEBFF881CECFF3969ECFFA6B3ECFF75
:10E21C00E6FBECFF1342EDFF4386EDFF8AC8EDFFF2
:10E22C00FF08EEFFB247EEFFB784EEFF1FC0EEFF14
:10E23C00FAF9EEFF5732EFFF4469EFFFD19EEFFF83
:10E24C0009D3EFFFFA05F0FFAE37F0FF3368F0FFAC
:10E25C009297F0FFD5C5F0FF07F3F0FF321FF1FFE7
:10E26C005D4AF1FF9174F1FFD79DF1FF36C6F1FFC6
:10E27C00B6EDF1FF5F14F2FF363AF2FF435FF2FFA7
:10E28C008B83F2FF16A7F2FFE7C9F2FF07ECF2FF50
:10E29C00780DF3FF412EF3FF664EF3FFED6DF3FFA8
:10E2AC00DA8CF3FF31ABF3FFF7C8F3FF2FE6F3FF84
:10E2BC00DD02F4FF061FF4FFAD3AF4FFD455F4FF72
:10E2CC008170F4FFB68AF4FF75A4F4FFC3BDF4FFAC
:10E2DC00A2D6F4FF15EFF4FF1E07F5FFC11EF5FFE4
:10E2EC000036F5FFDD4CF5FF5A63F5FF7B79F5FF42
:10E2FC00418FF5FFAFA4F5FFC6B9F5FF88CEF5FF4A
:10E30C00F8E2F5FF18F7F5FFE80AF6FF6C1EF6FFCA
:10E31C00A531F6FF9544F6FF3C57F6FF9D69F6FFD5
:10E32C00BA7BF6FF938DF6FF2B9FF6FF82B0F6FFBC
:10E33C009AC1F6FF75D2F6FF13E3F6FF77F3F6FFFB
:10E34C00A003F7FF9113F7FF4B23F7FFCE32F7FF34
:10E35C001B42F7FF3551F7FF1B60F7FFD06EF7FF3D
:10E36C00537DF7FFA68BF7FFC999F7FFBFA7F7FF00
:10E37C0086B5F7FF22C3F7FF91D0F7FFD6DDF7FF85
:10E38C00F0EAF7FFE2F7F7FFAA04F8FF4B11F8FFEA
:10E39C00C51DF8FF182AF8FF4636F8FF4F42F8FF64
:10E3AC00334EF8FFF359F8FF9165F8FF0C71F8FF45
:10E3BC00657CF8FF9D87F8FFB492F8FFAB9DF8FFE2
:10E3CC0082A8F8FF3AB3F8FFD4BDF8FF4FC8F8FFA6
:10E3DC00ADD2F8FFEEDCF8FF13E7F8FF1BF1F8FF06
:10E3EC0008FBF8FFD904F9FF900EF9FF2C18F9FF80
:10E3FC00AF21F9FF182BF9FF6734F9FF9E3DF9FFA8
:10E40C00BD46F9FFC44FF9FFB358F9FF8B61F9FF13
:10E41C004C6AF9FFF772F9FF8B7BF9FF0984F9FF5E
:10E42C00728CF9FFC694F9FF059DF9FF2FA5F9FF32
:10E43C0045ADF9FF48B5F9FF36BDF9FF11C5F9FF38
:10E44C00D9CCF9FF8ED4F9FF30DCF9FFC0E3F9FF2A
:10E45C003EEBF9FFAAF2F9FF05FAF9FF4E01FAFFBC
:10E46C008608FAFFAE0FFAFFC516FAFFCB1DFAFFAE
:10E47C00C124FAFFA82BFAFF7E32FAFF4539FAFFC6
:10E48C00FD3FFAFFA646FAFF404DFAFFCB53FAFFC9
:10E49C00475AFAFFB560FAFF1667FAFF686DFAFF84
:10E4AC00AC73FAFFE379FAFF0C80FAFF2886FAFFC7
:10E4BC00378CFAFF3992FAFF2F98FAFF189EFAFF61
:10E4CC00F4A3FAFFC4A9FAFF88AFFAFF40B5FAFF2C
:10E4DC00ECBAFAFF8CC0FAFF21C6FAFFAACBFAFFFE
:10E4EC0029D1FAFF9CD6FAFF04DCFAFF61E1FAFFAE
:10E4FC00B3E6FAFFFBEBFAFF38F1FAFF6BF6FAFF23
:10E50C0094FBFAFFB200FBFFC705FBFFD20AFBFF2F
:10E51C00D30FFBFFCA14FBFFB719FBFF9C1EFBFFBD
:10E52C007723FBFF4828FBFF112DFBFFD031FBFFAE
:10E53C008736FBFF343BFBFFD93FFBFF7644FBFFE9
:10E54C000949FBFF954DFBFF1852FBFF9356FBFF50
:10E55C00055BFBFF705FFBFFD263FBFF2D68FBFFCE
:10E56C00806CFBFFCB70FBFF0E75FBFF4A79FBFF4A
:10E57C007E7DFBFFAB81FBFFD185FBFFEF89FBFFB2
:10E58C00068EFBFF1692FBFF1F96FBFF219AFBFFEB
:10E59C001C9EFBFF10A2FBFFFEA5FBFFE4A9FBFFEB
:10E5AC00C5ADFBFF9EB1FBFF71B5FBFF3EB9FBFF99
:10E5BC0004BDFBFFC4C0FBFF7EC4FBFF32C8FBFFE6
:10E5CC00DFCBFBFF87CFFBFF28D3FBFFC4D6FBFFC2
:10E5DC005ADAFBFFE9DDFBFF73E1FBFFF8E4FBFF1D
:10E5EC0077E8FBFFF0EBFBFF63EFFBFFD1F2FBFFE8
:10E5FC003AF6FBFF9DF9FBFFFBFCFBFF5400FCFF15
:10E60C00A703FCFFF506FCFF3E0AFCFF820DFCFF96
:10E61C00C110FCFFFB13FCFF3017FCFF601AFCFF62
:10E62C008B1DFCFFB220FCFFD323FCFFF026FCFF6C
:10E63C00082AFCFF1C2DFCFF2B30FCFF3533FCFFA4
:10E64C003B36FCFF3C39FCFF393CFCFF323FFCFF06
:10E65C002642FCFF1645FCFF0148FCFFE94AFCFF83
:10E66C00CC4DFCFFAB50FCFF8553FCFF5C56FCFF14
:10E67C002E59FCFFFD5BFCFFC75EFCFF8E61FCFFAF
:10E68C005164FCFF0F67FCFFCA69FCFF816CFCFF47
:10E69C00346FFCFFE471FCFF9074FCFF3877FCFFD7
:10E6AC00DC79FCFF7D7CFCFF1A7FFCFFB381FCFF57
:10E6BC004984FCFFDB86FCFF6A89FCFFF68BFCFFC0
:10E6CC007E8EFCFF0291FCFF8393FCFF0196FCFF06
:10E6DC007C98FCFFF39AFCFF679DFCFFD79FFCFF27
:10E6EC0045A2FCFFAFA4FCFF16A7FCFF7AA9FCFF18
:10E6FC00DBABFCFF38AEFCFF93B0FCFFEBB2FCFFD6
:10E70C003FB5FCFF91B7FCFFDFB9FCFF2BBCFCFF56
:10E71C0073BEFCFFB9C0FCFFFCC2FCFF3CC5FCFF98
:10E72C0079C7FCFFB3C9FCFFEBCBFCFF20CEFCFF91
:10E73C0051D0FCFF81D2FCFFADD4FCFFD7D6FCFF3F
:10E74C00FED8FCFF23DBFCFF44DDFCFF64DFFCFF99
:10E75C0080E1FCFF9AE3FCFFB2E5FCFFC7E7FCFF9E
:10E76C00D9E9FCFFE9EBFCFFF6EDFCFF01F0FCFF47
:10E77C000AF2FCFF10F4FCFF13F6FCFF14F8FCFF8C
:10E78C0013FAFCFF10FCFCFF0AFEFCFF0200FDFF6D
:10E79C00F701FDFFEA03FDFFDB05FDFFCA07FDFFE7
:10E7AC00B609FDFFA10BFDFF890DFDFF6E0FFDFFEF
:10E7BC005211FDFF3313FDFF1315FDFFF016FDFF86
:10E7CC00CB18FDFFA31AFDFF7A1CFDFF4F1EFDFFAA
:10E7DC002220FDFFF221FDFFC123FDFF8D25FDFF52
:10E7EC005827FDFF2029FDFFE72AFDFFAB2CFDFF7D
:10E7FC006E2EFDFF2E30FDFFED31FDFFAA33FDFF28
:10E80C006535FDFF1E37FDFFD538FDFF8A3AFDFF4C
:10E81C003E3CFDFFEF3DFDFF9F3FFDFF4D41FDFFEA
:10E82C00F942FDFFA344FDFF4C46FDFFF247FDFFFF
:10E83C009749FDFF3B4BFDFFDC4CFDFF7C4EFDFF84
:10E84C001A50FDFFB651FDFF5153FDFFEA54FDFF79
:10E85C008156FDFF1758FDFFAB59FDFF3D5BFDFFDA
:10E86C00CE5CFDFF5D5EFDFFEB5FFDFF7761FDFFA5
:10E87C000163FDFF8A64FDFF1166FDFF9767FDFFD5
:10E88C001B69FDFF9D6AFDFF1E6CFDFF9E6DFDFF6C
:10E89C001C6FFDFF9870FDFF1372FDFF8D73FDFF64
:10E8AC000575FDFF7B76FDFFF077FDFF6479FDFFBD
:10E8BC00D67AFDFF477CFDFFB67DFDFF247FFDFF73
:10E8CC009180FDFFFC81FDFF6683FDFFCE84FDFF83
:10E8DC003586FDFF9B87FDFFFF88FDFF628AFDFFEC
:10E8EC00C48BFDFF248DFDFF838EFDFFE18FFDFFAB
:10E8FC003D91FDFF9992FDFFF293FDFF4B95FDFFBE
:10E90C00A296FDFFF897FDFF4D99FDFFA09AFDFF24
:10E91C00F29BFDFF439DFDFF939EFDFFE29FFDFFDC
:10E92C002FA1FDFF7BA2FDFFC6A3FDFF10A5FDFFE0
:10E93C0058A6FDFF9FA7FDFFE6A8FDFF2BAAFDFF34
:10E94C006EABFDFFB1ACFDFFF3ADFDFF33AFFDFFD3
:10E95C0072B0FDFFB0B1FDFFEDB2FDFF29B4FDFFBC
:10E96C0064B5FDFF9DB6FDFFD6B7FDFF0DB9FDFFEC
:10E97C0044BAFDFF79BBFDFFADBCFDFFE0BDFDFF63
:10E98C0013BFFDFF44C0FDFF74C1FDFFA2C2FDFF1C
:10E99C00D0C3FDFFFDC4FDFF29C6FDFF54C7FDFF1D
:10E9AC007EC8FDFFA6C9FDFFCECAFDFFF5CBFDFF5E
:10E9BC001BCDFDFF40CEFDFF63CFFDFF86D0FDFFDD
:10E9CC00A8D1FDFFC9D2FDFFE9D3FDFF08D5FDFF9E
:10E9DC0026D6FDFF43D7FDFF5FD8FDFF7AD9FDFF9B
:10E9EC0095DAFDFFAEDBFDFFC6DCFDFFDEDDFDFFD6
:10E9FC00F4DEFDFF0AE0FDFF1FE1FDFF33E2FDFF4A
:10EA0C0046E3FDFF58E4FDFF69E5FDFF79E6FDFFF8
:10EA1C0089E7FDFF97E8FDFFA5E9FDFFB2EAFDFFE1
:10EA2C00BEEBFDFFC9ECFDFFD3EDFDFFDDEEFDFF01
:10EA3C00E5EFFDFFEDF0FDFFF4F1FDFFFAF2FDFF58
:10EA4C00FFF3FDFF04F5FDFF07F6FDFF0AF7FDFFE1
:10EA5C000CF8FDFF0DF9FDFF0EFAFDFF0DFBFDFFA0
:10EA6C000CFCFDFF0AFDFDFF08FEFDFF04FFFDFF92
:10EA7C000000FEFFFB00FEFFF501FEFFEE02FEFFB5
:10EA8C00E703FEFFDF04FEFFD605FEFFCC06FEFF0C
:10EA9C00C207FEFFB708FEFFAB09FEFF9F0AFEFF91
:10EAAC00910BFEFF830CFEFF750DFEFF650EFEFF46
:10EABC00550FFEFF4410FEFF3311FEFF2012FEFF28
:10EACC000D13FEFFF913FEFFE514FEFFD015FEFF3C
:10EADC00BA16FEFFA417FEFF8D18FEFF7519FEFF78
:10EAEC005C1AFEFF431BFEFF291CFEFF0F1DFEFFE1
:10EAFC00F41DFEFFD81EFEFFBB1FFEFF9E20FEFF77
:10EB0C008021FEFF6222FEFF4323FEFF2324FEFF33
:10EB1C000325FEFFE225FEFFC026FEFF9E27FEFF1B
:10EB2C007B28FEFF5729FEFF332AFEFF0E2BFEFF2C
:10EB3C00E92BFEFFC32CFEFF9C2DFEFF752EFEFF66
:10EB4C004D2FFEFF2530FEFFFC30FEFFD231FEFFC5
:10EB5C00A832FEFF7D33FEFF5234FEFF2635FEFF4A
:10EB6C00FA35FEFFCC36FEFF9F37FEFF7138FEFFF5
:10EB7C004239FEFF123AFEFFE23AFEFFB23BFEFFC5
:10EB8C00813CFEFF4F3DFEFF1D3EFEFFEA3EFEFFB9
:10EB9C00B73FFEFF8340FEFF4E41FEFF1942FEFFD2
:10EBAC00E442FEFFAE43FEFF7744FEFF4045FEFF0E
:10EBBC000946FEFFD046FEFF9847FEFF5E48FEFF6B
:10EBCC002549FEFFEA49FEFFB04AFEFF744BFEFFEB
:10EBDC00384CFEFFFC4CFEFFBF4DFEFF824EFEFF8D
:10EBEC00444FFEFF0650FEFFC750FEFF8851FEFF4C
:10EBFC004852FEFF0753FEFFC653FEFF8554FEFF2F
:10EC0C004355FEFF0156FEFFBE56FEFF7B57FEFF2F
:10EC1C003758FEFFF358FEFFAE59FEFF695AFEFF50
:10EC2C00235BFEFFDD5BFEFF975CFEFF505DFEFF8E
:10EC3C00085EFEFFC05EFEFF785FFEFF2F60FEFFEA
:10EC4C00E660FEFF9C61FEFF5262FEFF0763FEFF63
:10EC5C00BC63FEFF7064FEFF2465FEFFD865FEFFFB
:10EC6C008B66FEFF3D67FEFFEF67FEFFA168FEFFB0
:10EC7C005369FEFF036AFEFFB46AFEFF646BFEFF7E
:10EC8C00146CFEFFC36CFEFF726DFEFF206EFEFF68
:10EC9C00CE6EFEFF7B6FFEFF2870FEFFD570FEFF71
:10ECAC008171FEFF2D72FEFFD972FEFF8473FEFF91
:10ECBC002E74FEFFD974FEFF8275FEFF2C76FEFFCC
:10ECCC00D576FEFF7E77FEFF2678FEFFCE78FEFF20
:10ECDC007579FEFF1C7AFEFFC37AFEFF697BFEFF8F
:10ECEC000F7CFEFFB47CFEFF5A7DFEFFFE7DFEFF17
:10ECFC00A37EFEFF477FFEFFEA7FFEFF8D80FEFFB7
:10ED0C003081FEFFD381FEFF7582FEFF1783FEFF6D
:10ED1C00B883FEFF5984FEFFFA84FEFF9A85FEFF3E
:10ED2C003A86FEFFD986FEFF7987FEFF1788FEFF25
:10ED3C00B688FEFF5489FEFFF289FEFF8F8AFEFF24
:10ED4C002C8BFEFFC98BFEFF658CFEFF018DFEFF39
:10ED5C009D8DFEFF388EFEFFD38EFEFF6E8FFEFF65
:10ED6C000890FEFFA290FEFF3C91FEFFD591FEFFA6
:10ED7C006E92FEFF0693FEFF9F93FEFF3794FEFFFD
:10ED8C00CE94FEFF6695FEFFFD95FEFF9396FEFF6B
:10ED9C002997FEFFBF97FEFF5598FEFFEA98FEFFEE
:10EDAC007F99FEFF149AFEFFA89AFEFF3C9BFEFF84
:10EDBC00D09BFEFF649CFEFFF79CFEFF8A9DFEFF2E
:10EDCC001C9EFEFFAE9EFEFF409FFEFFD29FFEFFED
:10EDDC0063A0FEFFF4A0FEFF84A1FEFF15A2FEFFC0
:10EDEC00A5A2FEFF34A3FEFFC4A3FEFF53A4FEFFA7
:10EDFC00E2A4FEFF70A5FEFFFFA5FEFF8DA6FEFFA1
:10EE0C001AA7FEFFA8A7FEFF35A8FEFFC1A8FEFFAC
:10EE1C004EA9FEFFDAA9FEFF66AAFEFFF2AAFEFFCC
:10EE2C007DABFEFF08ACFEFF93ACFEFF1DADFEFFFD
:10EE3C00A8ADFEFF31AEFEFFBBAEFEFF44AFFEFF42
:10EE4C00CEAFFEFF56B0FEFFDFB0FEFF67B1FEFF98
:10EE5C00EFB1FEFF77B2FEFFFEB2FEFF86B3FEFF00
:10EE6C000CB4FEFF93B4FEFF1AB5FEFFA0B5FEFF77
:10EE7C0025B6FEFFABB6FEFF30B7FEFFB5B7FEFF03
:10EE8C003AB8FEFFBFB8FEFF43B9FEFFC7B9FEFF9D
:10EE9C004BBAFEFFCEBAFEFF52BBFEFFD5BBFEFF48
:10EEAC0057BCFEFFDABCFEFF5CBDFEFFDEBDFEFF05
:10EEBC0060BEFEFFE1BEFEFF62BFFEFFE3BFFEFFD2
:10EECC0064C0FEFFE5C0FEFF65C1FEFFE5C1FEFFAD
:10EEDC0065C2FEFFE4C2FEFF63C3FEFFE3C3FEFF99
:10EEEC0061C4FEFFE0C4FEFF5EC5FEFFDCC5FEFF95
:10EEFC005AC6FEFFD8C6FEFF55C7FEFFD2C7FEFF9F
:10EF0C004FC8FEFFCCC8FEFF48C9FEFFC4C9FEFFB8
:10EF1C0040CAFEFFBCCAFEFF38CBFEFFB3CBFEFFE0
:10EF2C002ECCFEFFA9CCFEFF23CDFEFF9ECDFEFF17
:10EF3C0018CEFEFF92CEFEFF0CCFFEFF85CFFEFF5C
:10EF4C00FECFFEFF77D0FEFFF0D0FEFF69D1FEFFB3
:10EF5C00E1D1FEFF59D2FEFFD1D2FEFF49D3FEFF15
:10EF6C00C0D3FEFF38D4FEFFAFD4FEFF26D5FEFF84
:10EF7C009CD5FEFF13D6FEFF89D6FEFFFFD6FEFF03
:10EF8C0075D7FEFFEBD7FEFF60D8FEFFD5D8FEFF8E
:10EF9C004AD9FEFFBFD9FEFF33DAFEFFA8DAFEFF27
:10EFAC001CDBFEFF90DBFEFF04DCFEFF77DCFEFFCC
:10EFBC00EBDCFEFF5EDDFEFFD1DDFEFF44DEFEFF7F
:10EFCC00B6DEFEFF28DFFEFF9BDFFEFF0DE0FEFF3F
:10EFDC007EE0FEFFF0E0FEFF61E1FEFFD2E1FEFF0E
:10EFEC0043E2FEFFB4E2FEFF25E3FEFF95E3FEFFE6
:10EFFC0005E4FEFF75E4FEFFE5E4FEFF55E5FEFFCC
:10F00C00C4E5FEFF34E6FEFFA3E6FEFF12E7FEFFBB
:10F01C0080E7FEFFEFE7FEFF5DE8FEFFCBE8FEFFBB
:10F02C0039E9FEFFA7E9FEFF15EAFEFF82EAFEFFC3
:10F03C00EFEAFEFF5CEBFEFFC9EBFEFF36ECFEFFDA
:10F04C00A2ECFEFF0FEDFEFF7BEDFEFFE7EDFEFFFA
:10F05C0053EEFEFFBEEEFEFF2AEFFEFF95EFFEFF26
:10F06C0000F0FEFF6BF0FEFFD6F0FEFF40F1FEFF5E
:10F07C00ABF1FEFF15F2FEFF7FF2FEFFE9F2FEFFA1
:10F08C0053F3FEFFBCF3FEFF26F4FEFF8FF4FEFFEE
:10F09C00F8F4FEFF61F5FEFFC9F5FEFF32F6FEFF48
:10F0AC009AF6FEFF03F7FEFF6BF7FEFFD3F7FEFFAA
:10F0BC003AF8FEFFA2F8FEFF09F9FEFF70F9FEFF19
:10F0CC00D7F9FEFF3EFAFEFFA5FAFEFF0CFBFEFF92
:10F0DC0072FBFEFFD8FBFEFF3EFCFEFFA4FCFEFF16
:10F0EC000AFDFEFF70FDFEFFD5FDFEFF3BFEFEFFA1
:10F0FC00A0FEFEFF05FFFEFF6AFFFEFFCEFFFEFF38
:10F10C003300FFFF9700FFFFFB00FFFF5F01FFFFD6
:10F11C00C301FFFF2702FFFF8B02FFFFEE02FFFF81
:10F12C005103FFFFB503FFFF1804FFFF7B04FFFF34
:10F13C00DD04FFFF4005FFFFA205FFFF0406FFFFF4
:10F14C006706FFFFC906FFFF2A07FFFF8C07FFFFBB
:10F15C00EE07FFFF4F08FFFFB008FFFF1109FFFF8D
:10F16C007209FFFFD309FFFF340AFFFF940AFFFF68
:10F17C00F50AFFFF550BFFFFB50BFFFF150CFFFF4B
:10F18C00750CFFFFD50CFFFF340DFFFF940DFFFF37
:10F19C00F30DFFFF520EFFFFB10EFFFF100FFFFF2D
:10F1AC006F0FFFFFCD0FFFFF2C10FFFF8A10FFFF2B
:10F1BC00E810FFFF4611FFFFA411FFFF0212FFFF33
:10F1CC005F12FFFFBD12FFFF1A13FFFF7813FFFF43
:10F1DC00D513FFFF3214FFFF8F14FFFFEB14FFFF5B
:10F1EC004815FFFFA415FFFF0116FFFF5D16FFFF7B
:10F1FC00B916FFFF1517FFFF7117FFFFCC17FFFFA5
:10F20C002818FFFF8318FFFFDF18FFFF3A19FFFFD5
:10F21C009519FFFFF019FFFF4B1AFFFFA51AFFFF0F
:10F22C00001BFFFF5A1BFFFFB51BFFFF0F1CFFFF4F
:10F23C00691CFFFFC31CFFFF1D1DFFFF761DFFFF99
:10F24C00D01DFFFF291EFFFF831EFFFFDC1EFFFFEB
:10F25C00351FFFFF8E1FFFFFE71FFFFF3F20FFFF44
:10F26C009820FFFFF020FFFF4921FFFFA121FFFFA6
:10F27C00F921FFFF5122FFFFA922FFFF0123FFFF0E
:10F28C005923FFFFB023FFFF0824FFFF5F24FFFF7C
:10F29C00B624FFFF0D25FFFF6425FFFFBB25FFFFF5
:10F2AC001226FFFF6826FFFFBF26FFFF1527FFFF73
:10F2BC006C27FFFFC227FFFF1828FFFF6E28FFFFF8
:10F2CC00C428FFFF1929FFFF6F29FFFFC529FFFF86
:10F2DC001A2AFFFF6F2AFFFFC52AFFFF1A2BFFFF19
:10F2EC006F2BFFFFC32BFFFF182CFFFF6D2CFFFFB5
:10F2FC00C12CFFFF162DFFFF6A2DFFFFBE2DFFFF58
:10F30C00132EFFFF672EFFFFBA2EFFFF0E2FFFFFFE
:10F31C00622FFFFFB62FFFFF0930FFFF5C30FFFFAE
:10F32C00B030FFFF0331FFFF5631FFFFA931FFFF64
:10F33C00FC31FFFF4F32FFFFA132FFFFF432FFFF22
:10F34C004633FFFF9933FFFFEB33FFFF3D34FFFFE5
:10F35C008F34FFFFE134FFFF3335FFFF8535FFFFAF
:10F36C00D635FFFF2836FFFF7936FFFFCB36FFFF80
:10F37C001C37FFFF6D37FFFFBE37FFFF0F38FFFF56
:10F38C006038FFFFB138FFFF0239FFFF5239FFFF32
:10F39C00A339FFFFF339FFFF433AFFFF943AFFFF16
:10F3AC00E43AFFFF343BFFFF843BFFFFD33BFFFFFF
:10F3BC00233CFFFF733CFFFFC23CFFFF123DFFFFEE
:10F3CC00613DFFFFB03DFFFF003EFFFF4F3EFFFFE3
:10F3DC009E3EFFFFED3EFFFF3B3FFFFF8A3FFFFFDF
:10F3EC00D93FFFFF2740FFFF7640FFFFC440FFFFE0
:10F3FC001241FFFF6141FFFFAF41FFFFFD41FFFFE6
:10F40C004B42FFFF9842FFFFE642FFFF3443FFFFF2
:10F41C008143FFFFCF43FFFF1C44FFFF6A44FFFF04
:10F42C00B744FFFF0445FFFF5145FFFF9E45FFFF1B
:10F43C00EB45FFFF3846FFFF8446FFFFD146FFFF39
:10F44C001D47FFFF6A47FFFFB647FFFF0248FFFF5C
:10F45C004F48FFFF9B48FFFFE748FFFF3349FFFF83
:10F46C007F49FFFFCA49FFFF164AFFFF624AFFFFB1
:10F47C00AD4AFFFFF94AFFFF444BFFFF8F4BFFFFE5
:10F48C00DA4BFFFF264CFFFF714CFFFFBC4CFFFF1C
:10F49C00064DFFFF514DFFFF9C4DFFFFE74DFFFF5A
:10F4AC00314EFFFF7C4EFFFFC64EFFFF104FFFFF9C
:10F4BC005B4FFFFFA54FFFFFEF4FFFFF3950FFFFE3
:10F4CC008350FFFFCD50FFFF1651FFFF6051FFFF30
:10F4DC00AA51FFFFF351FFFF3D52FFFF8652FFFF82
:10F4EC00CF52FFFF1953FFFF6253FFFFAB53FFFFD8
:10F4FC00F453FFFF3D54FFFF8654FFFFCE54FFFF34
:10F50C001755FFFF6055FFFFA855FFFFF155FFFF93
:10F51C003956FFFF8256FFFFCA56FFFF1257FFFFF7
:10F52C005A57FFFFA257FFFFEA57FFFF3258FFFF62
:10F53C007A58FFFFC258FFFF0959FFFF5159FFFFCF
:10F54C009859FFFFE059FFFF275AFFFF6F5AFFFF43
:10F55C00B65AFFFFFD5AFFFF445BFFFF8B5BFFFFBB
:10F56C00D25BFFFF195CFFFF605CFFFFA75CFFFF36
:10F57C00ED5CFFFF345DFFFF7B5DFFFFC15DFFFFB7
:10F58C00075EFFFF4E5EFFFF945EFFFFDA5EFFFF3C
:10F59C00205FFFFF675FFFFFAD5FFFFFF35FFFFFC4
:10F5AC003860FFFF7E60FFFFC460FFFF0A61FFFF52
:10F5BC004F61FFFF9561FFFFDA61FFFF2062FFFFE4
:10F5CC006562FFFFAA62FFFFF062FFFF3563FFFF7A
:10F5DC007A63FFFFBF63FFFF0464FFFF4964FFFF13
:10F5EC008E64FFFFD264FFFF1765FFFF5C65FFFFB2
:10F5FC00A065FFFFE565FFFF2966FFFF6E66FFFF55
:10F60C00B266FFFFF666FFFF3A67FFFF7E67FFFFFC
:10F61C00C367FFFF0768FFFF4B68FFFF8E68FFFFA4
:10F62C00D268FFFF1669FFFF5A69FFFF9D69FFFF54
:10F63C00E169FFFF246AFFFF686AFFFFAB6AFFFF07
:10F64C00EF6AFFFF326BFFFF756BFFFFB86BFFFFBD
:10F65C00FB6BFFFF3E6CFFFF816CFFFFC46CFFFF79
:10F66C00076DFFFF4A6DFFFF8D6DFFFFCF6DFFFF35
:10F67C00126EFFFF556EFFFF976EFFFFDA6EFFFFF6
:10F68C001C6FFFFF5E6FFFFFA16FFFFFE36FFFFFBC
:10F69C002570FFFF6770FFFFA970FFFFEB70FFFF86
:10F6AC002D71FFFF6F71FFFFB171FFFFF371FFFF52
:10F6BC003472FFFF7672FFFFB872FFFFF972FFFF23
:10F6CC003B73FFFF7C73FFFFBD73FFFFFF73FFFFF7
:10F6DC004074FFFF8174FFFFC274FFFF0475FFFFCE
:10F6EC004575FFFF8675FFFFC775FFFF0776FFFFA8
:10F6FC004876FFFF8976FFFFCA76FFFF0A77FFFF88
:10F70C004B77FFFF8C77FFFFCC77FFFF0D78FFFF68
:10F71C004D78FFFF8D78FFFFCE78FFFF0E79FFFF4E
:10F72C004E79FFFF8E79FFFFCE79FFFF0F7AFFFF37
:10F73C004F7AFFFF8E7AFFFFCE7AFFFF0E7BFFFF23
:10F74C004E7BFFFF8E7BFFFFCD7BFFFF0D7CFFFF12
:10F75C004D7CFFFF8C7CFFFFCC7CFFFF0B7DFFFF04
:10F76C004B7DFFFF8A7DFFFFC97DFFFF087EFFFFFA
:10F77C00487EFFFF877EFFFFC67EFFFF057FFFFFF2
:10F78C00447FFFFF837FFFFFC27FFFFF0180FFFFEE
:10F79C003F80FFFF7E80FFFFBD80FFFFFC80FFFFEF
:10F7AC003A81FFFF7981FFFFB781FFFFF681FFFFF1
:10F7BC003482FFFF7382FFFFB182FFFFEF82FFFFF6
:10F7CC002D83FFFF6C83FFFFAA83FFFFE883FFFFFE
:10F7DC002684FFFF6484FFFFA284FFFFE084FFFF09
:10F7EC001E85FFFF5C85FFFF9985FFFFD785FFFF17
:10F7FC001586FFFF5286FFFF9086FFFFCE86FFFF28
:10F80C000B87FFFF4887FFFF8687FFFFC387FFFF3C
:10F81C000188FFFF3E88FFFF7B88FFFFB888FFFF52
:10F82C00F688FFFF3389FFFF7089FFFFAD89FFFF6B
:10F83C00EA89FFFF278AFFFF648AFFFFA08AFFFF88
:10F84C00DD8AFFFF1A8BFFFF578BFFFF938BFFFFA8
:10F85C00D08BFFFF0D8CFFFF498CFFFF868CFFFFC9
:10F86C00C28CFFFFFF8CFFFF3B8DFFFF778DFFFFEF
:10F87C00B48DFFFFF08DFFFF2C8EFFFF688EFFFF16
:10F88C00A48EFFFFE18EFFFF1D8FFFFF598FFFFF3F
:10F89C00958FFFFFD18FFFFF0C90FFFF4890FFFF6C
:10F8AC008490FFFFC090FFFFFC90FFFF3791FFFF9C
:10F8BC007391FFFFAF91FFFFEA91FFFF2692FFFFCD
:10F8CC006192FFFF9D92FFFFD892FFFF1493FFFF01
:10F8DC004F93FFFF8A93FFFFC593FFFF0194FFFF38
:10F8EC003C94FFFF7794FFFFB294FFFFED94FFFF72
:10F8FC002895FFFF6395FFFF9E95FFFFD995FFFFAE
:10F90C001496FFFF4F96FFFF8A96FFFFC496FFFFEA
:10F91C00FF96FFFF3A97FFFF7597FFFFAF97FFFF2B
:10F92C00EA97FFFF2498FFFF5F98FFFF9998FFFF6E
:10F93C00D498FFFF0E99FFFF4999FFFF8399FFFFB2
:10F94C00BD99FFFFF899FFFF329AFFFF6C9AFFFFFA
:10F95C00A69AFFFFE09AFFFF1A9BFFFF549BFFFF45
:10F96C008E9BFFFFC89BFFFF029CFFFF3C9CFFFF91
:10F97C00769CFFFFB09CFFFFEA9CFFFF249DFFFFDE
:10F98C005D9DFFFF979DFFFFD19DFFFF0A9EFFFF2F
:10F99C00449EFFFF7E9EFFFFB79EFFFFF19EFFFF81
:10F9AC002A9FFFFF649FFFFF9D9FFFFFD69FFFFFD6
:10F9BC0010A0FFFF49A0FFFF82A0FFFFBBA0FFFF2D
:10F9CC00F5A0FFFF2EA1FFFF67A1FFFFA0A1FFFF86
:10F9DC00D9A1FFFF12A2FFFF4BA2FFFF84A2FFFFE2
:10F9EC00BDA2FFFFF6A2FFFF2FA3FFFF68A3FFFF3F
:10F9FC00A1A3FFFFD9A3FFFF12A4FFFF4BA4FFFF9E
:10FA0C0084A4FFFFBCA4FFFFF5A4FFFF2EA5FFFFFE
:10FA1C0066A5FFFF9FA5FFFFD7A5FFFF10A6FFFF61
:10FA2C0048A6FFFF81A6FFFFB9A6FFFFF1A6FFFFC7
:10FA3C002AA7FFFF62A7FFFF9AA7FFFFD3A7FFFF2D
:10FA4C000BA8FFFF43A8FFFF7BA8FFFFB3A8FFFF96
:10FA5C00EBA8FFFF23A9FFFF5BA9FFFF93A9FFFF03
:10FA6C00CBA9FFFF03AAFFFF3BAAFFFF73AAFFFF6F
:10FA7C00ABAAFFFFE3AAFFFF1BABFFFF52ABFFFFDD
:10FA8C008AABFFFFC2ABFFFFFAABFFFF31ACFFFF4E
:10FA9C0069ACFFFFA1ACFFFFD8ACFFFF10ADFFFFBF
:10FAAC0047ADFFFF7FADFFFFB6ADFFFFEEADFFFF34
:10FABC0025AEFFFF5CAEFFFF94AEFFFFCBAEFFFFAA
:10FACC0002AFFFFF3AAFFFFF71AFFFFFA8AFFFFF21
:10FADC00DFAFFFFF17B0FFFF4EB0FFFF85B0FFFF9A
:10FAEC00BCB0FFFFF3B0FFFF2AB1FFFF61B1FFFF16
:10FAFC0098B1FFFFCFB1FFFF06B2FFFF3DB2FFFF92
:10FB0C0074B2FFFFABB2FFFFE2B2FFFF18B3FFFF0F
:10FB1C004FB3FFFF86B3FFFFBDB3FFFFF3B3FFFF90
:10FB2C002AB4FFFF61B4FFFF97B4FFFFCEB4FFFF11
:10FB3C0005B5FFFF3BB5FFFF72B5FFFFA8B5FFFF93
:10FB4C00DFB5FFFF15B6FFFF4CB6FFFF82B6FFFF18
:10FB5C00B8B6FFFFEFB6FFFF25B7FFFF5BB7FFFFA0
:10FB6C0092B7FFFFC8B7FFFFFEB7FFFF34B8FFFF28
:10FB7C006BB8FFFFA1B8FFFFD7B8FFFF0DB9FFFFB0
:10FB8C0043B9FFFF79B9FFFFAFB9FFFFE6B9FFFF3C
:10FB9C001CBAFFFF52BAFFFF88BAFFFFBDBAFFFFC6
:10FBAC00F3BAFFFF29BBFFFF5FBBFFFF95BBFFFF56
:10FBBC00CBBBFFFF01BCFFFF37BCFFFF6CBCFFFFE3
:10FBCC00A2BCFFFFD8BCFFFF0EBDFFFF43BDFFFF74
:10FBDC0079BDFFFFAFBDFFFFE4BDFFFF1ABEFFFF06
:10FBEC004FBEFFFF85BEFFFFBABEFFFFF0BEFFFF9B
:10FBFC0025BFFFFF5BBFFFFF90BFFFFFC6BFFFFF2F
:10FC0C00FBBFFFFF31C0FFFF66C0FFFF9BC0FFFFC4
:10FC1C00D1C0FFFF06C1FFFF3BC1FFFF71C1FFFF5A
:10FC2C00A6C1FFFFDBC1FFFF10C2FFFF46C2FFFFF3
:10FC3C007BC2FFFFB0C2FFFFE5C2FFFF1AC3FFFF8D
:10FC4C004FC3FFFF84C3FFFFB9C3FFFFEEC3FFFF2A
:10FC5C0023C4FFFF58C4FFFF8DC4FFFFC2C4FFFFC6
:10FC6C00F7C4FFFF2CC5FFFF61C5FFFF96C5FFFF63
:10FC7C00CBC5FFFF00C6FFFF35C6FFFF69C6FFFF00
:10FC8C009EC6FFFFD3C6FFFF08C7FFFF3DC7FFFFA0
:10FC9C0071C7FFFFA6C7FFFFDBC7FFFF0FC8FFFF42
:10FCAC0044C8FFFF79C8FFFFADC8FFFFE2C8FFFFE4
:10FCBC0017C9FFFF4BC9FFFF80C9FFFFB4C9FFFF86
:10FCCC00E9C9FFFF1DCAFFFF52CAFFFF86CAFFFF2B
:10FCDC00BBCAFFFFEFCAFFFF23CBFFFF58CBFFFFD1
:10FCEC008CCBFFFFC1CBFFFFF5CBFFFF29CCFFFF78
:10FCFC005ECCFFFF92CCFFFFC6CCFFFFFACCFFFF20
:10FD0C002FCDFFFF63CDFFFF97CDFFFFCBCDFFFFC7
:10FD1C0000CEFFFF34CEFFFF68CEFFFF9CCEFFFF6F
:10FD2C00D0CEFFFF04CFFFFF38CFFFFF6CCFFFFF1C
:10FD3C00A1CFFFFFD5CFFFFF09D0FFFF3DD0FFFFC5
:10FD4C0071D0FFFFA5D0FFFFD9D0FFFF0DD1FFFF72
:10FD5C0041D1FFFF74D1FFFFA8D1FFFFDCD1FFFF22
:10FD6C0010D2FFFF44D2FFFF78D2FFFFACD2FFFFCF
:10FD7C00E0D2FFFF13D3FFFF47D3FFFF7BD3FFFF7F
:10FD8C00AFD3FFFFE3D3FFFF16D4FFFF4AD4FFFF2F
:10FD9C007ED4FFFFB2D4FFFFE5D4FFFF19D5FFFFE0
:10FDAC004DD5FFFF80D5FFFFB4D5FFFFE7D5FFFF93
:10FDBC001BD6FFFF4FD6FFFF82D6FFFFB6D6FFFF45
:10FDCC00E9D6FFFF1DD7FFFF51D7FFFF84D7FFFFF9
:10FDDC00B8D7FFFFEBD7FFFF1FD8FFFF52D8FFFFAD
:10FDEC0086D8FFFFB9D8FFFFECD8FFFF20D9FFFF63
:10FDFC0053D9FFFF87D9FFFFBAD9FFFFEDD9FFFF1A
:10FE0C0021DAFFFF54DAFFFF88DAFFFFBBDAFFFFCE
:10FE1C00EEDAFFFF22DBFFFF55DBFFFF88DBFFFF86
:10FE2C00BBDBFFFFEFDBFFFF22DCFFFF55DCFFFF3F
:10FE3C0088DCFFFFBCDCFFFFEFDCFFFF22DDFFFFF8
:10FE4C0055DDFFFF88DDFFFFBCDDFFFFEFDDFFFFB2
:10FE5C0022DEFFFF55DEFFFF88DEFFFFBBDEFFFF6C
:10FE6C00EEDEFFFF22DFFFFF55DFFFFF88DFFFFF26
:10FE7C00BBDFFFFFEEDFFFFF21E0FFFF54E0FFFFE2
:10FE8C0087E0FFFFBAE0FFFFEDE0FFFF20E1FFFF9F
:10FE9C0053E1FFFF86E1FFFFB9E1FFFFECE1FFFF5C
:10FEAC001FE2FFFF52E2FFFF85E2FFFFB8E2FFFF18
:10FEBC00EBE2FFFF1DE3FFFF50E3FFFF83E3FFFFD8
:10FECC00B6E3FFFFE9E3FFFF1CE4FFFF4FE4FFFF96
:10FEDC0082E4FFFFB4E4FFFFE7E4FFFF1AE5FFFF56
:10FEEC004DE5FFFF80E5FFFFB3E5FFFFE5E5FFFF15
:10FEFC0018E6FFFF4BE6FFFF7EE6FFFFB0E6FFFFD5
:10FF0C00E3E6FFFF16E7FFFF49E7FFFF7BE7FFFF95
:10FF1C00AEE7FFFFE1E7FFFF14E8FFFF46E8FFFF56
:10FF2C0079E8FFFFACE8FFFFDEE8FFFF11E9FFFF18
:10FF3C0044E9FFFF76E9FFFFA9E9FFFFDCE9FFFFDA
:10FF4C000EEAFFFF41EAFFFF73EAFFFFA6EAFFFF9D
:10FF5C00D9EAFFFF0BEBFFFF3EEBFFFF70EBFFFF60
:10FF6C00A3EBFFFFD6EBFFFF08ECFFFF3BECFFFF23
:10FF7C006DECFFFFA0ECFFFFD2ECFFFF05EDFFFFE8
:10FF8C0038EDFFFF6AEDFFFF9DEDFFFFCFEDFFFFAB
:10FF9C0002EEFFFF34EEFFFF67EEFFFF99EEFFFF6F
:10FFAC00CCEEFFFFFEEEFFFF31EFFFFF63EFFFFF35
:10FFBC0096EFFFFFC8EFFFFFFBEFFFFF2DF0FFFFFA
:10FFCC005FF0FFFF92F0FFFFC4F0FFFFF7F0FFFFC1
:10FFDC0029F1FFFF5CF1FFFF8EF1FFFFC0F1FFFF86
:10FFEC00F3F1FFFF25F2FFFF58F2FFFF8AF2FFFF4C
:04FFFC00BDF2FFFF54
:020000041003E7
:10000000EFF2FFFF21F3FFFF54F3FFFF86F3FFFF43
:10001000B8F3FFFFEBF3FFFF1DF4FFFF50F4FFFF0A
:1000200082F4FFFFB4F4FFFFE7F4FFFF19F5FFFFD1
:100030004BF5FFFF7EF5FFFFB0F5FFFFE2F5FFFF99
:1000400015F6FFFF47F6FFFF79F6FFFFACF6FFFF5F
:10005000DEF6FFFF10F7FFFF43F7FFFF75F7FFFF27
:10006000A7F7FFFFDAF7FFFF0CF8FFFF3EF8FFFFEF
:1000700071F8FFFFA3F8FFFFD5F8FFFF08F9FFFFB6
:100080003AF9FFFF6CF9FFFF9FF9FFFFD1F9FFFF7E
:1000900003FAFFFF35FAFFFF68FAFFFF9AFAFFFF46
:1000A000CCFAFFFFFFFAFFFF31FBFFFF63FBFFFF0F
:1000B00095FBFFFFC8FBFFFFFAFBFFFF2CFCFFFFD8
:1000C0005FFCFFFF91FCFFFFC3FCFFFFF5FCFFFFA0
:1000D00028FDFFFF5AFDFFFF8CFDFFFFBEFDFFFF68
:1000E000F1FDFFFF23FEFFFF55FEFFFF88FEFFFF30
:1000F000BAFEFFFFECFEFFFF1EFFFFFF51FFFFFFF9
:1001000083FFFFFFB5FFFFFFE7FFFFFF19000000C0
:100110004B0000007D000000AF000000E200000086
:10012000140100004601000078010000AB0100004E
:10013000DD0100000F020000420200007402000016
:10014000A6020000D80200000B0300003D030000DF
:100150006F030000A1030000D403000006040000A8
:10016000380400006B0400009D040000CF04000070
:100170000105000034050000660500009805000038
:10018000CB050000FD0500002F0600006106000001
:1001900094060000C6060000F80600002B070000C9
:1001A0005D0700008F070000C2070000F407000091
:1001B00026080000590800008B080000BD08000058
:1001C000F00800002209000054090000870900001F
:1001D000B9090000EB0900001E0A0000500A0000E7
:1001E000820A0000B50A0000E70A0000190B0000AF
:1001F0004C0B00007E0B0000B00B0000E30B000076
:10020000150C0000480C00007A0C0000AC0C00003B
:10021000DF0C0000110D0000430D0000760D000002
:10022000A80D0000DB0D00000D0E0000400E0000C8
:10023000720E0000A40E0000D70E0000090F00008F
:100240003C0F00006E0F0000A10F0000D30F000054
:1002500005100000381000006A1000009D1000001A
:10026000CF100000021100003411000067110000DF
:1002700099110000CC110000FE11000031120000A5
:100280006312000096120000C8120000FB1200006A
:100290002E1300006013000093130000C51300002C
:1002A000F81300002A1400005D14000090140000F0
:1002B000C2140000F5140000271500005A150000B4
:1002C0008D150000BF150000F21500002416000077
:1002D000571600008A160000BC160000EF1600003A
:1002E000221700005417000087170000BA170000FB
:1002F000EC1700001F1800005218000085180000BD
:10030000B7180000EA1800001D190000501900007D
:1003100082190000B5190000E81900001B1A00003E
:100320004D1A0000801A0000B31A0000E61A0000FF
:10033000191B00004C1B00007E1B0000B11B0000BD
:10034000E41B0000171C00004A1C00007D1C00007C
:10035000B01C0000E31C0000151D0000481D00003B
:100360007B1D0000AE1D0000E11D0000141E0000FA
:10037000471E00007A1E0000AD1E0000E01E0000B7
:10038000131F0000461F0000791F0000AC1F000073
:10039000DF1F000012200000452000007820000030
:1003A000AB200000DE2000001221000045210000EB
:1003B00078210000AB210000DE21000011220000A6
:1003C0004422000078220000AB220000DE22000060
:1003D000112300004423000078230000AB23000019
:1003E000DE230000112400004524000078240000D2
:1003F000AB240000DE24000012250000452500008B
:1004000078250000AC250000DF2500001326000041
:100410004626000079260000AD260000E0260000F8
:1004200014270000472700007A270000AE270000AD
:10043000E127000015280000482800007C28000063
:10044000AF280000E3280000172900004A29000017
:100450007E290000B1290000E5290000192A0000CA
:100460004C2A0000802A0000B32A0000E72A00007E
:100470001B2B00004E2B0000822B0000B62B00002F
:10048000EA2B00001D2C0000512C0000852C0000E0
:10049000B92C0000ED2C0000202D0000542D000090
:1004A000882D0000BC2D0000F02D0000242E00003F
:1004B000582E00008C2E0000BF2E0000F32E0000EE
:1004C000272F00005B2F00008F2F0000C32F00009C
:1004D000F72F00002B3000005F3000009430000048
:1004E000C8300000FC3000003031000064310000F2
:1004F00098310000CC31000000320000353200009D
:10050000693200009D320000D13200000633000045
:100510003A3300006E330000A2330000D7330000EE
:100520000B3400003F34000074340000A834000095
:10053000DD34000011350000453500007A3500003B
:10054000AE350000E3350000173600004C360000E1
:1005500080360000B5360000E93600001E37000086
:100560005337000087370000BC370000F137000028
:10057000253800005A3800008F380000C3380000CA
:10058000F83800002D39000062390000973900006A
:10059000CB390000003A0000353A00006A3A00000A
:1005A0009F3A0000D43A0000093B00003E3B0000A7
:1005B000733B0000A83B0000DD3B0000123C000044
:1005C000473C00007C3C0000B13C0000E63C0000E1
:1005D0001B3D0000503D0000853D0000BA3D00007D
:1005E000F03D0000253E00005A3E00008F3E000016
:1005F000C53E0000FA3E00002F3F0000653F0000AE
:100600009A3F0000CF3F0000054000003A40000044
:1006100070400000A5400000DB40000010410000D9
:10062000464100007B410000B1410000E64100006E
:100630001C4200005142000087420000BD42000001
:10064000F2420000284300005E4300009443000093
:10065000C9430000FF430000354400006B44000024
:10066000A1440000D74400000D45000043450000B0
:1006700078450000AE450000E44500001A46000041
:100680005146000087460000BD460000F3460000CA
:10069000294700005F47000095470000CC47000055
:1006A00002480000384800006E480000A5480000DD
:1006B000DB48000011490000484900007E49000065
:1006C000B4490000EB490000214A0000584A0000EC
:1006D0008E4A0000C54A0000FB4A0000324B000071
:1006E000694B00009F4B0000D64B00000D4C0000F2
:1006F000434C00007A4C0000B14C0000E84C000074
:100700001E4D0000554D00008C4D0000C34D0000F3
:10071000FA4D0000314E0000684E00009F4E000070
:10072000D64E00000D4F0000444F00007B4F0000EC
:10073000B24F0000E94F0000215000005850000067
:100740008F500000C6500000FE50000035510000E0
:100750006C510000A4510000DB5100001252000057
:100760004A52000081520000B9520000F0520000CD
:10077000285300005F53000097530000CF53000040
:10078000065400003E54000076540000AE540000B1
:10079000E55400001D550000555500008D55000022
:1007A000C5550000FD550000355600006D5600008F
:1007B000A5560000DD560000155700004D570000FB
:1007C00085570000BD570000F55700002D58000068
:1007D000665800009E580000D65800000F590000CF
:1007E000475900007F590000B8590000F059000037
:1007F000295A0000615A00009A5A0000D25A00009B
:100800000B5B0000445B00007C5B0000B55B0000FC
:10081000EE5B0000275C00005F5C0000985C00005D
:10082000D15C00000A5D0000435D00007C5D0000BB
:10083000B55D0000EE5D0000275E0000605E000018
:10084000995E0000D25E00000B5F0000455F000073
:100850007E5F0000B75F0000F05F00002A600000CC
:10086000636000009C600000D66000000F61000023
:100870004961000082610000BC610000F661000077
:100880002F62000069620000A3620000DC620000C9
:1008900016630000506300008A630000C463000018
:1008A000FE6300003864000072640000AC64000065
:1008B000E6640000206500005A65000094650000B1
:1008C000CE65000008660000436600007D660000FB
:1008D000B7660000F26600002C6700006767000042
:1008E000A1670000DC670000166800005168000086
:1008F0008B680000C6680000016900003C690000C8
:1009000076690000B1690000EC690000276A000008
:10091000626A00009D6A0000D86A0000136B000044
:100920004E6B0000896B0000C46B0000FF6B000081
:100930003B6C0000766C0000B16C0000EC6C0000B9
:10094000286D0000636D00009F6D0000DA6D0000EF
:10095000166E0000516E00008D6E0000C96E000022
:10096000046F0000406F00007C6F0000B86F000053
:10097000F46F00002F7000006B700000A770000083
:10098000E37000001F7100005C71000098710000AE
:10099000D4710000107200004C72000089720000D7
:1009A000C5720000017300003E7300007A730000FE
:1009B000B7730000F3730000307400006D74000022
:1009C000A9740000E6740000237500006075000043
:1009D0009C750000D9750000167600005376000063
:1009E00090760000CD7600000A770000487700007E
:1009F00085770000C2770000FF7700003D78000097
:100A00007A780000B8780000F578000032790000AC
:100A100070790000AE790000EB790000297A0000BF
:100A2000677A0000A47A0000E27A0000207B0000D0
:100A30005E7B00009C7B0000DA7B0000187C0000DD
:100A4000567C0000947C0000D37C0000117D0000E7
:100A50004F7D00008D7D0000CC7D00000A7E0000EF
:100A6000497E0000877E0000C67E0000047F0000F3
:100A7000437F0000827F0000C17F0000FF7F0000F5
:100A80003E8000007D800000BC800000FB800000F4
:100A90003A81000079810000B8810000F8810000EF
:100AA0003782000076820000B5820000F5820000E7
:100AB0003483000074830000B3830000F3830000DC
:100AC0003384000072840000B2840000F2840000CD
:100AD0003285000072850000B1850000F1850000BC
:100AE0003286000072860000B2860000F2860000A6
:100AF0003287000073870000B3870000F38700008F
:100B00003488000074880000B5880000F688000072
:100B10003689000077890000B8890000F989000053
:100B2000398A00007A8A0000BB8A0000FC8A000033
:100B30003E8B00007F8B0000C08B0000018C00000A
:100B4000438C0000848C0000C58C0000078D0000E1
:100B5000488D00008A8D0000CC8D00000D8E0000B5
:100B60004F8E0000918E0000D38E0000158F000084
:100B7000578F0000998F0000DB8F00001D90000050
:100B80005F900000A2900000E49000002691000019
:100B900069910000AB910000EE91000031920000DD
:100BA00073920000B6920000F99200003C9300009E
:100BB0007F930000C2930000059400004894000059
:100BC0008B940000CE940000119500005595000014
:100BD00098950000DC9500001F96000063960000C9
:100BE000A6960000EA9600002E970000729700007B
:100BF000B5970000F99700003D980000829800002A
:100C0000C69800000A9900004E99000092990000D1
:100C1000D79900001B9A0000609A0000A49A000077
:100C2000E99A00002E9B0000729B0000B79B000019
:100C3000FC9B0000419C0000869C0000CB9C0000B7
:100C4000109D0000569D00009B9D0000E09D00004F
:100C5000269E00006B9E0000B19E0000F69E0000E4
:100C60003C9F0000829F0000C89F00000DA0000074
:100C700053A0000099A00000E0A0000026A1000001
:100C80006CA10000B2A10000F9A100003FA2000089
:100C900085A20000CCA2000013A3000059A300000D
:100CA000A0A30000E7A300002EA4000075A400008C
:100CB000BCA4000003A500004AA5000091A5000007
:100CC000D9A5000020A6000068A60000AFA600007D
:100CD000F7A600003EA7000086A70000CEA70000F0
:100CE00016A800005EA80000A6A80000EEA800005C
:100CF00036A900007EA90000C7A900000FAA0000C5
:100D000058AA0000A0AA0000E9AA000032AB000027
:100D10007AAB0000C3AB00000CAC000055AC000087
:100D20009EAC0000E7AC000031AD00007AAD0000E1
:100D3000C3AD00000DAE000056AE0000A0AE000036
:100D4000EAAE000033AF00007DAF0000C7AF000087
:100D500011B000005BB00000A5B00000F0B00000D2
:100D60003AB1000084B10000CFB1000019B2000018
:100D700064B20000AFB20000FAB2000044B3000059
:100D80008FB30000DAB3000026B4000071B4000095
:100D9000BCB4000007B5000053B500009EB50000CC
:100DA000EAB5000036B6000081B60000CDB60000FE
:100DB00019B7000065B70000B1B70000FEB700002A
:100DC0004AB8000096B80000E3B800002FB9000050
:100DD0007CB90000C8B9000015BA000062BA000072
:100DE000AFBA0000FCBA000049BB000096BB00008F
:100DF000E4BB000031BC00007FBC0000CCBC0000A4
:100E00001ABD000068BD0000B5BD000003BE0000B3
:100E100051BE00009FBE0000EEBE00003CBF0000BF
:100E20008ABF0000D9BF000027C0000076C00000C4
:100E3000C5C0000013C1000062C10000B1C10000C4
:100E400000C2000050C200009FC20000EEC20000BD
:100E50003EC300008DC30000DDC300002DC40000B0
:100E60007CC40000CCC400001CC500006CC50000A0
:100E7000BDC500000DC600005DC60000AEC6000086
:100E8000FEC600004FC70000A0C70000F1C7000069
:100E900042C8000093C80000E4C8000035C9000043
:100EA00087C90000D8C900002ACA00007BCA000018
:100EB000CDCA00001FCB000071CB0000C3CB0000E7
:100EC00015CC000067CC0000BACC00000CCD0000AF
:100ED0005FCD0000B1CD000004CE000057CE000071
:100EE000AACE0000FDCE000050CF0000A4CF00002D
:100EF000F7CF00004AD000009ED00000F2D00000E2
:100F000046D1000099D10000EDD1000042D200008E
:100F100096D20000EAD200003FD3000093D3000035
:100F2000E8D300003DD4000091D40000E6D40000D6
:100F30003BD5000091D50000E6D500003BD600006F
:100F400091D60000E7D600003CD7000092D7000001
:100F5000E8D700003ED8000094D80000EBD800008D
:100F600041D9000098D90000EED9000045DA000010
:100F70009CDA0000F3DA00004ADB0000A1DB00008D
:100F8000F8DB000050DC0000A7DC0000FFDC000004
:100F900057DD0000AFDD000007DE00005FDE00006F
:100FA000B7DE000010DF000068DF0000C1DF0000D6
:100FB00019E0000072E00000CBE0000024E1000036
:100FC0007DE10000D7E1000030E200008AE200008D
:100FD000E3E200003DE3000097E30000F1E30000DE
:100FE0004BE40000A6E4000000E500005BE5000023
:100FF000B5E5000010E600006BE60000C6E6000064
:1010000021E700007DE70000D8E7000034E8000099
:101010008FE80000EBE8000047E90000A3E90000CA
:10102000FFE900005CEA0000B8EA000015EB0000F0
:1010300071EB0000CEEB00002BEC000088EC000010
:10104000E6EC000043ED0000A1ED0000FEED000025
:101050005CEE0000BAEE000018EF000076EF000032
:10106000D4EF000033F0000091F00000F0F0000039
:101070004FF10000AEF100000DF200006CF2000034
:10108000CCF200002BF300008BF30000EBF3000028
:101090004BF40000ABF400000BF500006CF5000011
:1010A000CCF500002DF600008EF60000EFF60000F3
:1010B00050F70000B1F7000012F8000074F80000CB
:1010C000D6F8000037F9000099F90000FCF900009B
:1010D0005EFA0000C0FA000023FB000085FB000060
:1010E000E8FB00004BFC0000AFFC000012FD00001C
:1010F00075FD0000D9FD00003DFE0000A1FE0000CE
:1011000005FF000069FF0000CDFF00003200010074
:1011100096000100FB00010060010100C501010013
:101120002B02010090020100F60201005C030100A5
:10113000C2030100280401008E040100F404010030
:101140005B050100C20501002906010090060100AF
:10115000F70601005E070100C60701002D08010027
:1011600095080100FD08010066090100CE09010093
:10117000370A01009F0A0100080B0100710B0100F2
:10118000DA0B0100440C0100AD0C0100170D010049
:10119000810D0100EB0D0100550E0100C00E010094
:1011A0002A0F0100950F0100001001006B100100D3
:1011B000D610010042110100AD1101001912010009
:1011C00085120100F11201005E130100CA13010033
:1011D00037140100A4140100111501007E1501004F
:1011E000EB15010059160100C71601003517010063
:1011F000A31701001118010080180100EE1801006A
:101200005D190100CC1901003C1A0100AB1A010064
:101210001B1B01008B1B0100FB1B01006B1C010051
:10122000DB1C01004C1D0100BD1D01002E1E010034
:101230009F1E0100101F0100821F0100F31F01000B
:1012400065200100D82001004A210100BC210100D5
:101250002F220100A2220100152301008923010091
:10126000FC23010070240100E42401005825010042
:10127000CD25010041260100B62601002B270100E3
:10128000A0270100152801008B2801000129010079
:1012900077290100ED290100642A0100DA2A010002
:1012A000512B0100C82B0100402C0100B72C01007C
:1012B0002F2D0100A72D01001F2E0100972E0100E8
:1012C000102F0100892F0100023001007B30010046
:1012D000F43001006E310100E8310100623201009A
:1012E000DD32010057330100D23301004D340100DB
:1012F000C834010044350100C03501003C3601000E
:10130000B836010034370100B13701002E38010032
:10131000AB38010028390100A6390100243A010048
:10132000A23A0100203B01009F3B01001D3C01004F
:101330009D3C01001C3D01009B3D01001B3E010046
:101340009B3E01001B3F01009C3F01001D4001002E
:101350009E4001001F410100A04101002242010006
:10136000A442010026430100A94301002B440100CF
:10137000AE44010032450100B54501003946010087
:10138000BD46010041470100C64701004B4801002E
:10139000D048010055490100DB490100604A0100C5
:1013A000E64A01006D4B0100F44B01007A4C01004C
:1013B000024D0100894D0100114E0100994E0100BE
:1013C000214F0100AA4F010032500100BC50010022
:1013D00045510100CF51010058520100E352010074
:1013E0006D530100F8530100835401000E550100B4
:1013F0009A55010026560100B25601003F570100E0
:10140000CB57010058580100E658010073590100FC
:10141000015A0100905A01001E5B0100AD5B010002
:101420003C5C0100CC5C01005B5D0100EB5D0100F8
:101430007C5E01000C5F01009D5F01002E600100D9
:10144000C060010052610100E461010076620100A8
:10145000096301009C63010030640100C464010061
:1014600058650100EC650100816601001667010006
:10147000AB67010041680100D76801006D69010098
:10148000036A01009A6A0100326B0100C96B010016
:10149000616C0100FA6C0100926D01002B6E01007D
:1014A000C46E01005E6F0100F86F010092700100D0
:1014B0002D710100C871010063720100FF7201000B
:1014C0009B73010037740100D47401007175010031
:1014D0000E760100AC7601004A770100E977010041
:1014E0008778010027790100C6790100667A01003A
:1014F000067B0100A77B0100487C0100E97C01001C
:101500008B7D01002D7E0100D07E0100737F0100E4
:1015100016800100B98001005D8101000282010096
:10152000A68201004C830100F18301009784010031
:101530003D850100E48501008B86010032870100B2
:10154000DA870100828801002B890100D48901001B
:101550007E8A0100278B0100D28B01007C8C010068
:10156000278D0100D38D01007F8E01002B8F01009C
:10157000D88F01008590010032910100E0910100B7
:101580008E9201003D930100EC9301009C940100B8
:101590004C950100FD950100AD9601005F9701009B
:1015A00011980100C398010075990100289A010063
:1015B000DC9A0100909B0100449C0100F99C010011
:1015C000AE9D0100649E01001A9F0100D19F0100A1
:1015D00088A0010040A10100F8A10100B0A2010013
:1015E00069A3010023A40100DDA4010097A5010067
:1015F00052A601000DA70100C9A7010085A801009E
:1016000042A90100FFA90100BDAA01007BAB0100B6
:101610003AAC0100F9AC0100B8AD010078AE0100B0
:1016200039AF0100FAAF0100BCB001007EB101008A
:1016300041B2010004B30100C8B301008CB4010041
:1016400050B5010016B60100DBB60100A2B70100DB
:1016500068B8010030B90100F7B90100C0BA010053
:1016600089BB010052BC01001CBD0100E7BD0100A7
:10167000B2BE01007DBF010049C0010016C10100DA
:10168000E3C10100B1C201007FC301004EC40100EB
:101690001EC50100EEC50100BEC601008FC70100D6
:1016A00061C8010034C9010006CA0100DACA01009C
:1016B000AECB010083CC010058CD01002ECE01003D
:1016C00004CF0100DBCF0100B3D001008BD10100BA
:1016D00064D201003DD3010017D40100F2D401000F
:1016E000CDD50100A9D6010085D7010062D801003F
:1016F00040D901001EDA0100FDDA0100DDDB010046
:10170000BDDC01009EDD010080DE010062DF010022
:1017100045E0010028E101000CE20100F1E20100D6
:10172000D7E30100BDE40100A4E501008BE6010060
:1017300073E701005CE8010046E9010030EA0100BE
:101740001BEB010007EC0100F3EC0100E0ED0100F0
:10175000CDEE0100BCEF0100ABF001009BF10100F8
:101760008BF201007DF301006FF4010061F50100CF
:1017700055F6010049F701003EF8010034F9010077
:101780002AFA010021FB010019FC010012FD0100F1
:101790000BFE010005FF010000000200FC0002003A
:1017A000F8010200F6020200F4030200F304020052
:1017B000F2050200F3060200F4070200F608020038
:1017C000F9090200FC0A0200010C0200060D0200E9
:1017D0000C0E0200130F02001B1002002311020066
:1017E0002D12020037130200421402004E150200AF
:1017F0005B160200691702007718020087190200C1
:10180000971A0200A81B0200BA1C0200CD1D02009C
:10181000E11E0200F61F02000C210200222202003B
:101820003A230200522402006B25020086260200A1
:10183000A1270200BD280200DA290200F82A0200CE
:10184000172C0200372D0200582E02007A2F0200BA
:101850009D300200C0310200E53202000B3402006C
:10186000323502005A36020082370200AC380200DC
:10187000D7390200033B0200303C02005E3D02000B
:101880008C3E0200BC3F0200ED40020020420200FC
:101890005343020087440200BC450200F3460200A5
:1018A0002A480200634902009C4A0200D74B02000A
:1018B000134D0200504E02008E4F0200CD50020028
:1018C0000D5202004F53020092540200D5550200FF
:1018D0001A57020061580200A8590200F05A02008B
:1018E0003A5C0200855D0200D15E02001E600200CB
:1018F0006D610200BD6202000E64020060650200BC
:10190000B3660200086802005E690200B56A020060
:101910000E6C0200676D0200C36E02001F700200B1
:101920007D710200DC7202003C7402009E750200B0
:101930000177020065780200CB790200327B020059
:101940009A7C0200047E02006F7F0200DC800200AD
:101950004A820200B98302002A8502009C860200A6
:101960001088020085890200FB8A0200738C020045
:10197000ED8D0200688F0200E49002006292020086
:10198000E293020063950200E59602006998020066
:10199000EF990200769B0200FF9C0200899E0200E4
:1019A00015A00200A3A1020032A30200C3A40200FA
:1019B00055A60200E9A702007FA9020016AB0200AB
:1019C000AFAC02004AAE0200E6AF020084B10200F2
:1019D00024B30200C5B4020069B602000EB80200CA
:1019E000B4B902005DBB020007BD0200B3BE020035
:1019F00061C0020011C20200C2C3020076C502002B
:101A00002BC70200E2C802009BCA020056CC0200AB
:101A100013CE0200D2CF020092D1020055D30200B1
:101A200019D50200E0D60200A8D8020073DA02003D
:101A30003FDC02000EDE0200DEDF0200B1E1020048
:101A400086E302005DE5020035E7020010E90200CE
:101A5000EDEA0200CDEC0200AEEE020092F00200D0
:101A600077F202005FF402004AF6020036F8020044
:101A700025FA020016FC020009FE0200FEFF020029
:101A8000F6010300F0030300ED050300EC0703007B
:101A9000ED090300F00B0300F60D0300FF0F030038
:101AA0000A12030017140300271603003918030055
:101AB0004E1A0300661C0300801E03009C200300D6
:101AC000BC220300DD2403000227030029290300B0
:101AD000532B03007F2D0300AF2F0300E0310300E1
:101AE000153403004D36030087380300C43A030061
:101AF000043D0300473F03008D410300D54303002D
:101B0000214603006F480300C14A0300154D03003E
:101B10006D4F0300C851030025540300865603008F
:101B2000EA580300515B0300BB5D0300296003001A
:101B3000996203000D65030084670300FF690300D9
:101B40007D6C0300FE6E0300827103000A740300C3
:101B50009676030025790300B77B03004D7E0300D2
:101B6000E68003008383030024860300C888030003
:101B7000708B03001C8E0300CC9003007F93030046
:101B800036960300F1980300AF9B0300729E03009A
:101B900039A1030003A40300D2A60300A4A90300F3
:101BA0007BAC030055AF030034B2030017B503004C
:101BB000FFB70300EABA0300DABD0300CEC003009A
:101BC000C7C30300C4C60300C5C90300CBCC0300D0
:101BD000D5CF0300E4D20300F8D5030010D90300E9
:101BE0002DDC03004EDF030075E20300A0E50300D7
:101BF000D0E8030005EC03003FEF03007EF2030092
:101C0000C2F503000BF9030059FC0300ACFF03000D
:101C10000503040063060400C60904002F0D040038
:101C20009D1004001014040089170400081B040010
:101C30008D1E040017220400A62504003C29040080
:101C4000D82C04007930040021340400CE3704007D
:101C5000823B04003C3F0400FC420400C2460400F6
:101C60008F4A0400624E04003B5204001C560400DC
:101C7000025A0400F05D0400E4610400DF65040022
:101C8000E1690400EA6D0400FA71040011760400B1
:101C90002F7A0400557E040082820400B686040078
:101CA000F28A0400358F040080930400D397040067
:101CB0002E9C040090A00400FBA404006DA9040065
:101CC000E8AD04006BB20400F7B604008ABB040060
:101CD00027C00400CCC4040079C9040030CE04003D
:101CE000EFD20400B8D7040089DC040064E10400EA
:101CF00049E6040036EB04002DF004002EF5040044
:101D000039FA04004EFF04006C0405009509050033
:101D1000C80E0500051405004D1905009F1E05009D
:101D2000FC23050064290500D72E05005634050064
:101D3000DF390500743F050014450500C04A050061
:101D4000785005003C5605000C5C0500E861050074
:101D5000D1670500C76D0500C9730500D879050076
:101D6000F47F05001D860500548C0500989205003F
:101D7000EA9805004B9F0500B9A5050035AC0500A4
:101D8000C0B205005AB9050003C00500BBC6050076
:101D900082CD050058D405003FDB050035E2050083
:101DA0003BE9050052F005007AF70500B2FE050098
:101DB000FB050600560D0600C2140600401C060076
:101DC000D0230600722B060027330600EF3A0600E8
:101DD000CA420600B84A0600BB520600D15A0600A5
:101DE000FB6206003A6B06008E730600F77B060066
:101DF00075840600098D0600B4950600759E0600E0
:101E00004DA706003CB0060043B9060062C20600BA
:101E100099CB0600E8D4060051DE0600D4E70600A0
:101E200070F1060027FB0600F8040700E50E070026
:101E3000ED18070012230700532D0700B1370700E4
:101E40002C420700C64C07007E570700556207006A
:101E50004C6D0700637807009B830700F48E070032
:101E60006F9A07000DA60700CDB10700B1BD0700AE
:101E7000BAC90700E8D507003BE20700B5EE070046
:101E800056FB07001E080800101508002A2208004B
:101E90006F2F0800DE3C08007A4A0800415808000D
:101EA000376608005A740800AD82080030910800B7
:101EB000E59F0800CBAE0800E5BD080032CD080064
:101EC000B5DC08006FEC080060FC0800890C090014
:101ED000ED1C09008B2D0900663E09007E4F0900AC
:101EE000D56009006D7209004684090063960900F7
:101EF000C4A809006BBB09005BCE090094E109008E
:101F000018F50900E8080A00081D0A0078310A00DF
:101F10003A460A00515B0A00BF700A0085860A0033
:101F2000A69C0A0023B30A0000CA0A003FE10A0087
:101F3000E2F80A00EB100B005E290B003D420B009B
:101F40008B5B0B004A750B007F8F0B002CAA0B00DC
:101F500053C50B00FAE00B0023FD0B00D1190C0058
:101F600009370C00CF540C0026730C0013920C00A0
:101F70009AB10C00BFD10C0088F20C00F9130D00CF
:101F800019360D00EA580D00757C0D00BDA00D003E
:101F9000CAC50D00A1EB0D004A120E00CA390E0091
:101FA00029620E006F8B0E00A3B50E00CEE00E006E
:101FB000F90C0F002B3A0F006E680F00CD970F0041
:101FC00052C80F0006FA0F00F72C10002F61100006
:101FD000BC961000A9CD100006061100E13F1100CB
:101FE000497B11004EB8110001F71100763712003D
:101FF000BD791200EDBD12001A0413005A4C1300F3
:10200000C796130078E313008A3214001984140071
:1020100044D814002A2F1500F0881500B9E51500E2
:10202000AE451600F9A81600C70F1700487A17002A
:10203000B2E817003C5B180022D21800A64D190028
:102040000DCE1900A4531A00BCDE1A00AF6F1B009E
:10205000D6061C00A9A41C0092491D0010F61D0004
:10206000ABAA1E00F9671F009F2E200054FF20001E
:10207000DFDA21001FC222000AB62300B2B7240013
:1020800048C8250024E92600C51B2800DE61290078
:1020900057BD2A005E302C006DBD2D005B672F0000
:1020A0006E3131006D1F3300BD3535008679370044
:1020B000D6F03900DFA23C0039983F003EDB4200F9
:1020C000877846008E7F4A008B034F00B01C540077
:1020D000D7E9590002936000FF4C6800F85E710078
:1020E000372B7C00653D8900E7629900ABD6AD00D7
:1020F0006F95C800EF0DED0004BC210184847401CC
:1021000058870902783A650360E22F0A88B5A7006C
:102110004D1A0010351A0010371A00101021031044
:102120000080041000000000B22A02100600525085
:1021300053B4F4A1B92A02106C210310020000006C
:102140001922001069230010D52000109D270010CF
:1021500011210010C12000100522001025210010BF
:1021600005230010BD1C0010000000000203000148
:10217000030506080A0B0D0E101113141617191A71
:102180001B1D1E202122242527292B2D2F313234DF
:102190003637393B3C3D3F40424344454748494A36
:1021A0004B4C4D4F50515253545455565758595A01
:1021B0005B5C5C5D5E5F6060616263636465656615
:1021C00067676869696A6B6B6C6D6D6E6E6F707056
:1021D00071717272737374757576767777787879B2
:1021E000797A7A7B7B7B7C7C7D7D7E7E7F7F3301F1
:1021F000330134013401350136013601370137012D
:1022000038013801390139013A013B013B013C01F8
:102210003C013D013D013E013F013F0140014001C4
:10222000410142014201430143014401440145018E
:1022300046014601470147014801490149014A0158
:102240004A014B014C014C014D014D014E014F0122
:102250004F015001500151015201520153015301EC
:1022600054015501550156015701570158015801B4
:1022700059015A015A015B015B015C015D015D017D
:102280005E015F015F016001610161016201620144
:10229000630164016401650166016601670168010B
:1022A000680169016A016A016B016C016C016D01D1
:1022B0006E016E016F017001700171017201720196
:1022C000730174017401750176017601770178015B
:1022D000780179017A017A017B017C017C017D0121
:1022E0007E017E017F0180018101810182018301E4
:1022F00083018401850185018601870188018801A8
:1023000089018A018A018B018C018D018D018E0169
:102310008F018F019001910192019201930194012B
:1023200094019501960197019701980199019A01ED
:102330009A019B019C019D019D019E019F01A001AD
:10234000A001A101A201A301A301A401A501A6016D
:10235000A601A701A801A901A901AA01AB01AC012D
:10236000AD01AD01AE01AF01B001B001B101B201EB
:10237000B301B401B401B501B601B701B801B801A8
:10238000B901BA01BB01BC01BC01BD01BE01BF0165
:10239000C001C001C101C201C301C401C401C50122
:1023A000C601C701C801C901C901CA01CB01CC01DD
:1023B000CD01CE01CE01CF01D001D101D201D30197
:1023C000D301D401D501D601D701D801D801D90153
:1023D000DA01DB01DC01DD01DE01DE01DF01E0010C
:1023E000E101E201E301E401E501E501E601E701C4
:1023F000E801E901EA01EB01EC01ED01ED01EE017B
:10240000EF01F001F101F201F301F401F501F60130
:10241000F601F701F801F901FA01FB01FC01FD01E8
:10242000FE01FF0100020102010202020302040296
:10243000050206020702080209020A020B020C0248
:102440000D020E020F0210021002110212021302FC
:102450001402150216021702180219021A021B02B0
:102460001C021D021E021F02200221022202230260
:102470002402250226022702280229022A022B0210
:102480002C022D022E022F023002310232023302C0
:102490003402350236023702380239023A023B0270
:1024A0003C023D023E023F0240024102420244021F
:1024B000450246024702480249024A024B024C02C8
:1024C0004D024E024F025002510252025302540278
:1024D00056025702580259025A025B025C025D0220
:1024E0005E025F02600262026302640265026602CB
:1024F0006702680269026A026C026D026E026F0274
:10250000700271027202730275027602770278021B
:1025100079027A027B027D027E027F0280028102C2
:1025200082028402850286028702880289028B0267
:102530008C028D028E028F0290029202930294020C
:1025400095029602980299029A029B029C029E02B0
:102550009F02A002A102A202A402A502A602A70253
:10256000A902AA02AB02AC02AE02AF02B002B102F3
:10257000B202B402B502B602B702B902BA02BB0295
:10258000BD02BE02BF02C002C202C302C402C50233
:10259000C702C802C902CB02CC02CD02CE02D002D1
:1025A000D102D202D402D502D602D802D902DA026E
:1025B000DC02DD02DE02E002E102E202E402E50208
:1025C000E602E802E902EA02EC02ED02EE02F002A3
:1025D000F102F202F402F502F602F802F902FB023D
:1025E000FC02FD02FF0200030203030304030603CF
:1025F000070309030A030B030D030E031003110362
:10260000120314031503170318031A031B031C03F7
:102610001E031F032103220324032503270328038A
:1026200029032B032C032E032F033103320334031E
:102630003503370338033A033B033D033E034003AE
:102640004103430344034603470349034A034C033E
:102650004D034F03500352035303550357035803CD
:102660005A035B035D035E03600361036303650359
:102670006603680369036B036C036E0370037103E5
:10268000730374037603780379037B037C037E036F
:1026900080038103830384038603880389038B03F8
:1026A0008D038E039003920393039503970398037E
:1026B0009A039C039D039F03A103A203A403A60303
:1026C000A703A903AB03AC03AE03B003B103B30389
:1026D000B503B703B803BA03BC03BD03BF03C1030B
:1026E000C303C403C603C803CA03CB03CD03CF038C
:1026F000D103D203D403D603D803DA03DB03DD030B
:10270000DF03E103E303E403E603E803EA03EC0386
:10271000ED03EF03F103F303F503F603F803FA0304
:10272000FC03FE036C030000000000000100000039
:102730000200000008000000090000000A0000007C
:102740001000000011000000120000000300000053
:1027500004000000050000000B0000000C00000059
:102760000D00000013000000140000001500000020
:102770000E0052500000800300000000132B0210D6
:10278000504C415950414C005046554231000000D8
:1027900000A8400540AD150015A8950255AD8A5218
:1027A0008AFACA57CAFF9F529FFADF57DFFF060017
:1027B000525053B4F4A19A2C02100000FFFFFFFF07
:1027C000FFFFFFFFFFFFFFFFFFFFFFFF0200000013
:1027D00004000000060000000800000007000800D8
:1027E00009000A000B000C000D000E001000110083
:1027F00013001500170019001C001F0022002500FF
:1028000029002D00320037003C00420049005000F2
:10281000580061006B00760082008F009D00AD00C3
:10282000BE00D100E600FD00170133015101730124
:102830009801C101EE01200256029202D4021C034B
:102840006C03C30324048E04020583051006AB0643
:1028500056071208E008C309BD0AD00BFF0C4C0E46
:10286000BA0F4C110713EE1406175419DC1BA51EE2
:10287000B6211525CA28DF2C5B314B36B93BB24156
:1028800044487E4F71572F60CE696274FF7F1314E6
:1028900006000D0052501A1617170000000006001F
:1028A0005250197CA0B6A32C021006005250D3F04F
:1028B0007542072D021006005250E182887F122DCA
:1028C000021006005250ABB36053202D02100600D8
:1028D0005250BBFF3CB6342D021006005250861CED
:1028E0000302262D0210060052505422A29D422DB2
:1028F000021005005250DE65F46890FD03100D0AC9
:102900000600525053B4F4A1652D02100D00525030
:1029100012000000000000000D00525012010100E2
:10292000000000000801020000000000020000009A
:10293000040000000100000003000000050000008A
:10294000FFFFFFFFFFFFFFFF060000000800000081
:102950000A00000007000000090000000B00000052
:10296000FFFFFFFFFFFFFFFF0C0000000E00000055
:10297000100000000D0000000F000000110000001A
:10298000FFFFFFFFFFFFFFFFFFFFFFFFFFFFFFFF57
:10299000FFFFFFFFFFFFFFFFFFFFFFFFFFFFFFFF47
:1029A000FFFFFFFFFFFFFFFF0080A0B4C0CCD4DC1F
:1029B000E0E8ECF0F4F8FCFF00000000000000008C
:1029C00001010101010101010202020202020202EF
:1029D00003030303030303030404040404040404BF
:1029E000050505050505050506060606060606068F
:1029F000070707070707070708080808080808085F
:102A000009090909090909090A0A0A0A0A0A0A0A2E
:102A10000B0B0B0B0B0B0B0B0C0C0C0C0C0C0C0CFE
:102A20000D0D0D0C0C0C0C0C0C0C0C0B0B0B0B0BE8
:102A30000B0B0B0A0A0A0A0A0A0A0A0909090909F8
:102A40000909090808080808080808070707070708
:102A50000707070606060606060606050505050518
:102A60000505050404040404040404030303030328
:102A70000303030202020202020202010101010138
:102A80000101010000000000000000000100000042
:102A90000200000004000000060000000800000022
:102AA0000A0000000C0000000E00000010000000F2
:102AB00012000000140000001400000018000000C4
:102AC000180000001E0000001E000000D82C02109C
:102AD000D1700010E56F0010656F0010B56F001029
:102AE000A1710010A96F00106F6F0010AD70001081
:102AF000716F0010B9730010002B031008FF010064
:102B00000170401801602EE80160440801702EF841
:102B1000040505060080FFFFCD4CFFFF000001000B
:102B20000000000000000100000000000080FFFF26
:102B300033B300000080FFFF33B300000080FFFFCD
:102B4000CD4CFFFF0000F0FF000000002449120000
:102B50000000000024491200000000009224090037
:102B6000300C0300244912000000000092240900E8
:102B7000D0F3FCFF0000F0FF00000000B86DEBFF99
:102B8000300C03000000F0FF00000000B86DEBFF08
:102B9000D0F3FCFF4992F4FF000000000000F0FFBA
:102BA000300C03004992F4FF000000000000F0FF29
:102BB000D0F3FCFF6EDBF6FF000000006EDBF6FFDB
:102BC000D0F3FCFF6EDBF6FFD0F3FCFF9EE7F9FFCE
:102BD000D0F3FCFF9EE7F9FFD0F3FCFF9EE7F9FF7F
:102BE00049920400D0F3FCFF00000000D0F3FCFF8A
:102BF000D0F3FCFFD0F3FCFFD0F3FCFF000000009B
:102C0000D0F3FCFF00000000D0F3FCFF0000000048
:102C100049920400300C030049920400300C030078
:102C20004463FDFF300C03004463FDFF799E030005
:102C3000FBD0FCFF799E0300FBD0FCFF4DE00400BD
:102C40004463FDFF0000F0FF000000002449120073
:102C50000000000024491200000000009224090036
:102C60004992040024491200000000009224090047
:102C7000B76DFBFF0000F0FF00000000B86DEBFF38
:102C8000499204000000F0FF00000000B86DEBFF67
:102C9000B76DFBFF4992F4FF000000000000F0FF59
:102CA000499204004992F4FF000000000000F0FF88
:102CB000B76DFBFF050004000300020005000000E3
:102CC00000000C000B000A000D00110001001400B0
:102CD0001300120015001E00000033003200310006
:102CE0003400370003003B003A0039003C003F004D
:102CF00002004C004B004A004D004F000200530000
:102D000052005100540058000500460045004300A1
:102D100047000000010022002100200023002F00B6
:102D2000973302109C33021001000000A2330210FE
:102D3000B033021002000000B4330210B9330210A5
:102D400003000000BD330210C23302100400000073
:102D5000C6330210D433021005000000DD33021028
:102D6000E833021006000000EE330210FF330210B9
:102D7000070000000000000000000000000000004C
:102D800087340210B6340210E834021031350210D4
:102D9000653502109B350210D53502101136021030
:102DA000873402104C3602107E360210B136021003
:102DB000E43602101D370210543702108C3702100F
:102DC000000000000100000008000000BF370210F2
:102DD000C8370210000000000200000008000000D8
:102DE0008139021089390210000000000300000040
:102DF000080000005C3B0210643B02100000000071
:102E00000400000008000000513D0210593D02106E
:102E1000010000000100000006000000513F021008
:102E2000593F021001000000010000000B000000EB
:102E3000EF400210F7400210010000000100000006
:102E400014000000614302106943021001000000F9
:102E5000010000001E000000A2440210AA4402105B
:102E600001000000010000000F0000009946021060
:102E7000A146021001000000010000001F00000038
:102E8000464702104E4702100200000001000000F9
:102E900006000000513F0210AB4702100200000084
:102EA000010000000B000000EF4002103149021049
:102EB0000200000001000000140000006143021045
:102EC000684A021002000000010000001E0000001D
:102ED000A24402109E4B02100200000001000000FC
:102EE0000F00000099460210204D02100200000061
:102EF000010000001F00000046470210CE4D0210E6
:102F0000030000000100000006000000513F021015
:102F1000304F021003000000010000000B00000011
:102F2000EF400210E2500210030000000100000018
:102F30001400000061430210A451021003000000BD
:102F4000010000001E000000A2440210ED52021019
:102F500003000000010000000F000000994602106D
:102F6000BA54021003000000010000001F0000001E
:102F7000464702105A5502101E005A007800780089
:102F80005A009600780078000E015A00D200960090
:102F900096009600D2009600A4019600D2009600FA
:102FA000F0009600B400960096002C014A01A4019E
:102FB0002C01B40078001E0000000000000000009A
:102FC00000000000000000000000000000001E00E3
:102FD0004B0078005A00A500B400B4001E00A50004
:102FE00000005A005A005A0078005A006801F000A8
:102FF0001E00AA0000005A002D005A0096005A0038
:103000005A00A5001E00870000000700010102020F
:103010000802030304040505060600004F180020FB
:103020004E1800204D1800204C1800204B1800208E
:103030004A18002049180020481800208002000586
:10304000400118002800190032000000DF5602106D
:10305000F1560210055702101A5702102D57021090
:10306000485702105D570210725702108C57021019
:103070009D570210B6570210D4570210EA5702109B
:10308000FD57021017580210315802104358021011
:10309000575802106F5802108558021097580210A6
:1030A000A9580210C1580210DA580210EE58021046
:1030B00003590210215902103959021054590210B3
:1030C0006D5902108359021099590210AA59021021
:1030D000B9590210D0590210DF590210EE590210EE
:1030E000025A0210185A02102C5A02103B5A0210AF
:1030F0004E5A0210625A0210735A0210835A02107A
:10310000975A0210A95A0210C05A0210D35A02103C
:10311000E65A0210FC5A02100A5B0210255B0210EC
:10312000365B0210535B0210675B0210845B021077
:10313000A55B0210B65B0210CC5B0210E15B0210D3
:10314000FD5B02101B5C02102E5C0210405C021042
:10315000585C02106B5C0210825C0210945C0210DE
:10316000A45C0210B95C0210C95C0210D85C0210A9
:10317000EC5C0210015D02101C5D02102D5D02105E
:10318000495D02105F5D0210735D02108D5D0210DB
:10319000A75D0210B65D0210D45D0210F15D021051
:1031A000115E0210235E0210425E0210535E021096
:1031B000695E02107D5E0210925E0210A15E021036
:1031C000B65E0210CA5E0210DC5E0210AA47021050
:1031D000AA470210AA470210F05E0210FD5E02101C
:1031E000115F0210265F02103C5F0210565F021052
:1031F0006F5F0210865F02109B5F0210AF5F0210CC
:10320000C45F0210DB5F0210EA5F0210FB5F021076
:10321000106002102A6002103E600210536002101B
:103220006D6002107D60021095600210A7600210B0
:10323000BB600210D2600210E3600210EF60021067
:10324000F9600210076102101A6102102F6102106A
:1032500046610210586102106F6102108B6102100A
:10326000A3610210B86102104D5F02104D5F0210A1
:103270004D5F02104D5F02104D5F02104D5F021056
:103280004D5F02104D5F02104D5F0210C3610210CE
:10329000CB610210D4610210DC610210FFFF9500C7
:1032A00064009600000000009C00FF001900000070
:1032B0009A009E00A50039000000000000001000E8
:1032C000000038006400000000000000060C00024E
:1032D00000000000BC0BAE001400B0002408010088
:1032E000BB00C8001B000000B800BD00C2003B00CE
:1032F0000800000000001400000038006400000016
:10330000004B000006004000CB0000000900CF0089
:103310001E00D10025080000DC00AA001B000000F0
:10332000D900DE00E3003C000800000000001400AB
:103330000000380064000000004B00000600400060
:10334000EC0000004000F100BC02F3003008000077
:103350000D010A001C000000FF000F0100004700E3
:103360000F0000000000140000003800F40100000D
:10337000005000000600400000000000FFFF19019F
:10338000E80300000008000000000000000000004A
:103390000000000000000000000000000000140019
:1033A0000000100064000000000000001002000097
:1033B00000000000420041012C0143016A080000A6
:1033C000570164001B004F015301590100004A00DE
:1033D0000A0000000000140000003800F4010000A2
:1033E00000690000060040005F010000FFFF3C0193
:1033F000E80300006B08000000000000000000006F
:1034000000003E010000520000000A0000000B0016
:1034100000000800640000000A000000100601001F
:1034200000000000FFFF3701E80300000008000073
:10343000000000000000000000000000000000008C
:1034400000000000000014000000100064000000F4
:1034500000000000100200000000000043006A01AC
:1034600058026C0131080000820150001D0000006C
:1034700078018401000064000800000000003000B2
:1034800000004000E8030000004B00000600400080
:103490008E010000FFFF6501E80300001008000036
:1034A00000000000000000000000670100001100A3
:1034B0000000140000000600000008006400000086
:1034C0000800000010060100000000004100960105
:1034D0004600980125080000A401AA001B00000076
:1034E000A001A601AD013C0008000000000014008E
:1034F0000000380064000000004B0000060040009F
:10350000B3010000B90BBA013C00BC012708000060
:10351000C701C8001B00C401C401C901CE013E009F
:1035200008000000000014000000380064000000E3
:10353000004C000006004000D6010000BA0BDB0181
:103540009600DD0129083400E801B4001A00E50105
:103550000000EA01000040000A00000000001E0018
:103560000000380090010000004D000006004000FF
:10357000F00100003A00DB019600DD01290834006B
:10358000E801B4001A00E5010000EA010000400073
:103590000A00000000001E0000003800900100003A
:1035A000004D000006004400F0010000BD0BF601D4
:1035B0009001F7012A080000FB0180001A000000BA
:1035C000F801FE01000041000800000000001F009B
:1035D0000000380090010000004D0000064240004D
:1035E00004020000BB0B0F02E80311022B080000CD
:1035F0001C0232001A00190219021E0200004300C8
:10360000080000000000180000004000E80300006F
:10361000004D00000600400025020000FFFF0A02E6
:10362000E803000010080000000000000000000097
:1036300000000C020000110000000F000000060056
:1036400000000800640000000800000010060100EF
:103650000000000045002C02F4012E022F0800009B
:10366000390232001A00360236023B0200004800DE
:10367000080000000000180000004000E8030000FF
:10368000004D00000600400042020000BE0B49024F
:1036900064004B0200083300510200011A000000D0
:1036A0004D0253020000110008000000000010004D
:1036B0000000380032000000034D00000642000008
:1036C0000000000007005902B80B5B022D08020041
:1036D0006B0228001A00000067026D02000045001E
:1036E0000C0000000000800000006400E8030000FF
:1036F000004D000006004000000000004400780279
:10370000F4017A022E0800008B0280001A000000EB
:1037100087028D02000046000C00000000004000FF
:103720000000400058020000004E0000060040006B
:10373000940200001000A202A00FA4022C080000B6
:10374000B20214001A000000AC02B30200004400F0
:10375000100000000000280000006E00E8030000D8
:10376000004D000006004000000000004700BD02C0
:103770009001BE0232080000C80280001E00000056
:10378000C402CA02000049000800000000001F0037
:103790000000380090010000004D0000064240008B
:1037A000D00200005400D6023200D80265080000A2
:1037B000E602AA001B000000E002E802ED0266003B
:1037C0000800000000001400000038006400000041
:1037D000004B000006004000F60200004800FB021B
:1037E00064000000000800000803000167000000FA
:1037F0000000FC0200006800000000000000100053
:103800000000480080969800000000000603400079
:103810000000000058000A03FA0000000008000041
:103820000B03FF006100000000000C0300006200B9
:1038300000000000000010000000100080969800BA
:103840000000000006000000000000005900100306
:10385000E803110300080000000000000000000061
:103860000000000000000000000000000000140044
:1038700000002000640000000000000018000000AC
:103880000000000057000000E803000000080000EE
:103890000000000000000000000000000000000028
:1038A0000000000000001400000020006400000080
:1038B000000000001800000000000000FFFF1303DC
:1038C000E80300005E0800000000000000000000A7
:1038D000000000000000110000000A0000000600C7
:1038E000000020006400000003000000101601002A
:1038F00000000000FFFF1703E803000000080000BD
:1039000000000000000000000000000000000000B7
:10391000000000000000140000001000640000001F
:10392000000000001002000000000000F307260362
:10393000140000000008000000000000000000006B
:1039400000002803000052000000000000000A00F0
:1039500000002A00640000000000000006000800CB
:1039600000000000FFFF6100E803000010080000F5
:1039700000000000000000000000630000001100D3
:1039800000000A00000006000000080064000000BB
:10399000030000001006010000000000FFFF6600A9
:1039A000E803000010080000000000000000000014
:1039B000000068000000110000000A00000006007E
:1039C000000008006400000005000000100601006F
:1039D00000000000FFFF7200E80300000E08000076
:1039E000000000000000000000007F000000520006
:1039F0000000140000000B0000000800640000003C
:103A0000140000001006010000000000FFFF6B0022
:103A1000E8030000080800000000000000000000AB
:103A200000006D00000011000000190000000D00F2
:103A300000000800640000000500000010060100FE
:103A400000000000FFFF7300E80300000008000012
:103A500000000000000000000000750000000F00E2
:103A60000000190000000D000000080064000000C4
:103A7000640000001006010000000000FFFF9B0230
:103A8000E80300000808000000000000000000003B
:103A900000009D02000011000000190000000D0050
:103AA000000008006400000005000000100601008E
:103AB00000000000FFFF5D00E803000000080000B8
:103AC00000000000000000000000000000000000F6
:103AD000000000000000140000001000640000005E
:103AE000000000001002000000000000FFFF5A006C
:103AF000E8030000000800000000000000000000D3
:103B000000000000000000000000000000001400A1
:103B10000000100064000000000000001000000021
:103B200000000000FFFF8200E80300000008000022
:103B30000000000000000000000000000000000085
:103B400000000000000014000000100064000000ED
:103B5000000000001002000000000000FFFF8E00C7
:103B6000E803000000080000000000000000000062
:103B70000000000000000000000000000000140031
:103B800000001000640000000000000010020000AF
:103B9000000000000E000000E80300000008000024
:103BA0000000000000000000000000000000000015
:103BB000000000000000140000001000640000007D
:103BC000000000001800000000000000FFFF7B0064
:103BD000E8030000000800000000000000000000F2
:103BE00000000000000000000000000000001400C1
:103BF000000010006400000000000000100200003F
:103C000000000000E2072203E803000000080000B3
:103C100000000000000000000000000000000000A4
:103C2000000000000000140000001000640000000C
:103C3000000000000100000000000000E307240372
:103C4000E803000000080000000000000000000081
:103C50000000000000000000000000000000140050
:103C600000001000640000000000000001000000DF
:103C700000000000DE073003E80300000008000039
:103C80000000000000000000000000000000000034
:103C9000000000000000140000001000640000009C
:103CA000000000000100800000000000DF07360374
:103CB000E803000000080000000000000000000011
:103CC00000000000000000000000000000001400E0
:103CD00000001000640000000000000001008000EF
:103CE0000000000005003C03E8030000000800009D
:103CF00000000000000000000000000000000000C4
:103D0000000000000000140000001000640000002B
:103D10000000000001000002000000000D003E0352
:103D2000E8030000000800000000000000000000A0
:103D3000000000000000000000000000000014006F
:103D400000001000640000000000000001000002FC
:103D50000000000006004003E80300000008000027
:103D60000000000000000000000000000000000053
:103D700000000000000014000000100064000000BB
:103D800000000000010000020000000027004603C0
:103D9000E803000000080000000000000000000030
:103DA00000000000000000000000000000001400FF
:103DB000000010006400000000000000010000028C
:103DC0000000000026004403E80300000008000093
:103DD00000000000000000000000000000000000E3
:103DE000000000000000140000001000640000004B
:103DF0000000000001000002000000002800420353
:103E0000E8030000000800000000000000000000BF
:103E1000000000000000000000000000000014008E
:103E2000000010006400000000000000010000021B
:103E300000000000DB074803E80300000008000062
:103E40000000000000000000000000000000000072
:103E500000000000000014000000100064000000DA
:103E6000000000000100000000000000DC07490322
:103E7000E80300000008000000000000000000004F
:103E8000000000000000000000000000000014001E
:103E900000001000640000000000000001000000AD
:103EA00000000000DD074A03E803000000080000EE
:103EB0000000000000000000000000000000000002
:103EC000000000000000140000001000640000006A
:103ED000000000000100800000000000E607500321
:103EE000E8030000000800000000000000000000DF
:103EF00000000000000000000000000000001400AE
:103F000000001000640000000000000001008000BC
:103F100000000000E7075403E80300000008000069
:103F20000000000000000000000000000000000091
:103F300000000000000014000000100064000000F9
:103F4000000000000100800000000000E8075503A9
:103F5000E80300000008000000000000000000006E
:103F6000000000000000000000000000000014003D
:103F7000000010006400000000000000010080004C
:103F800000000000E9075D03E803000000080000EE
:103F90000000000000000000000000000000000021
:103FA0000000000000001400000010006400000089
:103FB000000000000100000000000000EA075E03AE
:103FC000E8030000000800000000000000000000FE
:103FD00000000000000000000000000000001400CD
:103FE00000001000640000000000000001008000DC
:103FF00000000000FD076403E80300000008000063
:1040000000000000000000000000000000000000B0
:104010000000000000001400000010006400000018
:104020000000000001008000000000005300590360
:10403000E80300000008000000000000000000008D
:10404000000000000000000000000000000014005C
:10405000000010006400000000000000010080006B
:1040600000000000D7076603E80300000008000016
:104070000000000000000000000000000000000040
:1040800000000000000014000000100064000000A8
:1040900000000000010000000000000000086703AD
:1040A000E80300000008000000000000000000001D
:1040B00000000000000000000000000000001400EC
:1040C000000010006400000000000000010000007B
:1040D00000000000DA076803E803000000080000A1
:1040E00000000000000000000000000000000000D0
:1040F0000000000000001400000010006400000038
:10410000000000000100000000000000FE0769033D
:10411000E8030000000800000000000000000000AC
:10412000000000000000000000000000000014007B
:10413000000010006400000000000000010000000A
:1041400000000000FF076A03E80300000008000009
:10415000000000000000000000000000000000005F
:1041600000000000000014000000100064000000C7
:1041700000000000010000000000000011006B03BF
:10418000E80300000008000000000000000000003C
:10419000000000000000000000000000000014000B
:1041A000000010006400000000000000010000009A
:1041B00000000000D8076C03E803000000080000BE
:1041C00000000000000000000000000000000000EF
:1041D0000000000000001400000010006400000057
:1041E00000000000010000000000000001086D0355
:1041F000E8030000000800000000000000000000CC
:10420000000000000000000000000000000014009A
:104210000000100064000000000000000100000029
:104220000000000008006E03E80300000008000022
:10423000000000000000000000000000000000007E
:1042400000000000000014000000100064000000E6
:10425000000000000100000000000000D6076F030E
:10426000E80300000008000000000000000000005B
:10427000000000000000000000000000000014002A
:1042800000001000640000000000000001000000B9
:1042900000000000D2077003E803000000080000DF
:1042A000000000000000000000000000000000000E
:1042B0000000000000001400000010006400000076
:1042C000000000000100000000000000D50771039D
:1042D000E8030000000800000000000000000000EB
:1042E00000000000000000000000000000001400BA
:1042F0000000100064000000000000000100000049
:1043000000000000D3077203E8030000000800006B
:10431000000000000000000000000000000000009D
:104320000000000000001400000010006400000005
:10433000000000000100000000000000D40773032B
:10434000E80300000008000000000000000000007A
:104350000000000000000000000000000000140049
:1043600000001000640000000000000001000000D8
:1043700000000000D1077403E803000000080000FB
:10438000000000000000000000000000000000002D
:104390000000000000001400000010006400000095
:1043A0000000000001000000000000005200750342
:1043B000E80300000008000000000000000000000A
:1043C00000000000000000000000000000001400D9
:1043D0000000100064000000000000000100000068
:1043E000000000005500BF03E803000000080000C3
:1043F00000000000000000000000000000000000BD
:104400000000000000001000000010006400000028
:104410000000000002000010000000005600C3036E
:10442000E803000000080000000000000000000099
:10443000000000000000000000000000000010006C
:1044400000001000640000000000000002000010E6
:1044500000000000EC077603E803000000080000FD
:10446000000000000000000000000000000000004C
:1044700000000000000010000000100064000000B8
:104480000000000002000010000000001E008B036E
:10449000E803000000080000000000000000000029
:1044A00000000000000000000000000000001000FC
:1044B0000000100064000000000000000200001076
:1044C000000000001F008C03E8030000000800004B
:1044D00000000000000000000000000000000000DC
:1044E0000000000000001000000010006400000048
:1044F00000000000020000100000000020008D03FA
:10450000E8030000000800000000000000000000B8
:10451000000000000000000000000000000010008B
:104520000000100064000000000000000200001005
:104530000000000021008E03E803000000080000D6
:10454000000000000000000000000000000000006B
:1045500000000000000010000000100064000000D7
:104560000000000002000010000000002500910380
:10457000E803000000080000000000000000000048
:10458000000000000000000000000000000010001B
:104590000000100064000000000000000200001095
:1045A0000000000024009C03E80300000008000055
:1045B00000000000000000000000000000000000FB
:1045C0000000000000001000000010006400000067
:1045D0000000000002000010000000002900950308
:1045E000E8030000000800000000000000000000D8
:1045F00000000000000000000000000000001000AB
:104600000000100064000000000000000200001024
:10461000000000002A009903E803000000080000E1
:10462000000000000000000000000000000000008A
:1046300000000000000010000000100064000000F6
:104640000000000002000010000000002B00920398
:10465000E803000000080000000000000000000067
:10466000000000000000000000000000000010003A
:1046700000001000640000000000000002000010B4
:10468000000000002C009E03E8030000000800006A
:10469000000000000000000000000000000000001A
:1046A0000000000000001000000010006400000086
:1046B0000000000002000010000000002D00A20316
:1046C000E8030000000800000000000000000000F7
:1046D00000000000000000000000000000001000CA
:1046E0000000100064000000000000000200001044
:1046F000000000002E00A603E803000000080000F0
:1047000000000000000000000000000000000000A9
:104710000000000000001000000010006400000015
:104720000000000002000010000000003700AA0393
:10473000E803000000080000000000000000000086
:104740000000000000000000000000000000100059
:1047500000001000640000000000000002000010D3
:10476000000000003800AE03E8030000000800006D
:104770000000000000000000000000000000000039
:1047800000000000000010000000100064000000A5
:104790000000000002000010000000003900B20319
:1047A000E803000000080000000000000000000016
:1047B00000000000000000000000000000001000E9
:1047C0000000100064000000000000000200001063
:1047D000000000002F008A03E8030000000800002A
:1047E00000000000000000000000000000000000C9
:1047F0000000000000001000000010006400000035
:1048000000000000020000100000000030009403CF
:10481000E8030000000800000000000000000000A5
:104820000000000000000000000000000000100078
:1048300000001000640000000000000002000010F2
:104840000000000022008F03E803000000080000C1
:104850000000000000000000000000000000000058
:1048600000000000000014000000100064000000C0
:104870000000000000000010000000002300900372
:10488000E803000000080000000000000000000035
:104890000000000000000000000000000000100008
:1048A0000000100064000000000000000200001082
:1048B0000000000031007803E80300000008000059
:1048C00000000000000000000000000000000000E8
:1048D0000000000000001000000044006400000020
:1048E00000000000020300100000000032008603F8
:1048F000E8030000000800000000000000000000C5
:104900000000000000000000000000000000100097
:1049100000005400640000000000000002030010CA
:104920000000000033008703E803000000080000D7
:104930000000000000000000000000000000000077
:10494000000000000000100000005400640000009F
:104950000000000002030010000000003400880383
:10496000E803000000080000000000000000000054
:104970000000000000000000000000000000100027
:10498000000044006400000000000000020300106A
:104990000000000035008903E80300000008000063
:1049A0000000000000000000000000000000000007
:1049B000000000000000100000003400640000004F
:1049C0000000000002030010000000003B0086030E
:1049D000E8030000000800000000000000000000E4
:1049E00000000000000000000000000000001400B3
:1049F00000005400640000000000000000030010EC
:104A0000000000003C008803E803000000080000EC
:104A10000000000000000000000000000000000096
:104A200000000000000014000000440064000000CA
:104A30000000000000030010000000003D0087039C
:104A4000E803000000080000000000000000000073
:104A50000000000000000000000000000000140042
:104A6000000034006400000000000000000300109B
:104A7000000000003E008903E80300000008000079
:104A80000000000000000000000000000000000026
:104A9000000000000000140000003400640000006A
:104AA0000000000000030010000000003F00780339
:104AB000E803000000080000000000000000000003
:104AC00000000000000000000000000000001400D2
:104AD000000044006400000000000000000300101B
:104AE0000000000016000302E803000000080000B8
:104AF00000000000000000000000000000000000B6
:104B0000000000000000140000001000640000001D
:104B10000000000000000010000000000F00A400D2
:104B2000E803000000080000000000000000000092
:104B30000000000000000000000000000000140061
:104B400000001000640000000000000000000010E1
:104B5000000000001200C100E8030000000800008F
:104B60000000000000000000000000000000000045
:104B700000000000000014000000100064000000AD
:104B80000000000000000010000000001500EF0110
:104B9000E803000000080000000000000000000022
:104BA00000000000000000000000000000001400F1
:104BB0000000100064000000000000000000001071
:104BC0000000000017005802E80300000008000081
:104BD00000000000000000000000000000000000D5
:104BE000000000000000140000001000640000003D
:104BF0000000000000000010000000001400CD01C3
:104C0000E8030000000800000000000000000000B1
:104C10000000000000000000000000000000140080
:104C20000000100064000000000000000000001000
:104C3000000000001300E200E8030000000800008C
:104C40000000000000000000000000000000000064
:104C500000000000000014000000100064000000CC
:104C60000000000000000010000000000A00AD007D
:104C7000E803000000080000000000000000000041
:104C80000000000000000000000000000000140010
:104C90000000100064000000000000000000001090
:104CA000000000000C00AD00E80300000008000058
:104CB00000000000000000000000000000000000F4
:104CC000000000000000140000001000640000005C
:104CD0000000000000000010000000001C007E0327
:104CE000E8030000000800000000000000000000D1
:104CF00000000000000000000000000000001000A4
:104D0000000010006400000000000000020000101D
:104D10000000000018007F03E80300000008000006
:104D20000000000000000000000000000000000083
:104D300000000000000014000000100064000000EB
:104D40000000000000000010000000001B008003B5
:104D5000E803000000080000000000000000000060
:104D60000000000000000000000000000000100033
:104D700000001000640000000000000002000010AD
:104D8000000000001D008103E8030000000800008F
:104D90000000000000000000000000000000000013
:104DA000000000000000100000001000640000007F
:104DB0000000000002000010000000001900830342
:104DC000E8030000000800000000000000000000F0
:104DD00000000000000000000000000000001000C3
:104DE000000010006400000000000000020000103D
:104DF000000000001A008403E8030000000800001F
:104E000000000000000000000000000000000000A2
:104E1000000000000000100000001000640000000E
:104E200000000000020000100000000036009303A4
:104E3000E80300000008000000000000000000007F
:104E40000000000000000000000000000000200042
:104E500000001000640000000000000002000010CC
:104E60000000000046002D03E803000000080000D9
:104E70000000000000000000000000000000000032
:104E8000000000000000100000001000640000009E
:104E90000000000002000010000000004900B603FE
:104EA000E80300000008000000000000000000000F
:104EB00000000000000000000000000000001000E2
:104EC0000000580064000000000000000203001011
:104ED000000000004A00B703E803000000080000DB
:104EE00000000000000000000000000000000000C2
:104EF00000000000000010000000580064000000E6
:104F00000000000002030010000000004B00B80386
:104F1000E80300000008000000000000000000009E
:104F20000000000000000000000000000000100071
:104F300000004000640000000000000002030010B8
:104F4000000000004C00B903E80300000008000066
:104F50000000000000000000000000000000000051
:104F6000000000000000100000004000640000008D
:104F70000000000002030010000000004D00BA0312
:104F8000E80300000008000000000000000000002E
:104F90000000000000000000000000000000100001
:104FA0000000400064000000000000000203001048
:104FB000000000004E00BB03E803000000080000F2
:104FC00000000000000000000000000000000000E1
:104FD000000000000000100000004000640000001D
:104FE0000000000002030010000000004F00BC039E
:104FF000E8030000000800000000000000000000BE
:10500000000000000000000000000000000014008C
:1050100000001000640000000000000010000010FC
:10502000000000005000BD03E8030000000800007D
:105030000000000000000000000000000000000070
:1050400000000000000014000000100064000000D8
:105050000000000010000010000000005100BE031E
:10506000E80300000008000000000000000000004D
:10507000000000000000000000000000000014001C
:10508000000010006400000000000000100000108C
:105090000000000000000000000000000000000010
:1050A0000104010035400110000000000200020070
:1050B000993A011002000000020002009F3B01101B
:1050C0000300000002000200D53B011004000000B4
:1050D00002010500000000000600000002020500B9
:1050E000313C011007000000020306000000000030
:1050F0000800000002020500000000000900000096
:10510000020106006D3B01100200000003000200D6
:10511000993A01100A000000030002009F3B0110B1
:105120000B00000003000200D53B01100C00000042
:1051300003000500000000000E000000030107004E
:10514000713E01100F000000030205000000000086
:1051500010000000030106006D3B01100A00000072
:1051600004A008003D400110010000000100020001
:10517000993A011012000000010002009F3B01104B
:105180001300000001000200D53B011014000000D4
:1051900001000400000000001600000001000800EB
:1051A000C53E0110170000000101060000000000CC
:1051B00018000000010206000000000019000000B5
:1051C00001030500000000001A00000001020600B3
:1051D000000000001B0000000101060000000000AC
:1051E0001C00000001000400000000001D00000081
:1051F000010008006D3B01101200000005A0050031
:105200003D4001101F00000005A1040045400110B1
:105210000100000006000200993A01102000000081
:10522000060002009F3B0110210000000600020062
:10523000D53B011022000000060004000000000021
:105240002400000006000800153F011025000000A2
:105250000601080000000000260000000602080009
:105260009B3B01102700000006030800E5EF00103B
:1052700028000000060408000000000029000000CB
:1052800006050800EDEF00102A00000006060700E2
:10529000000000002B00000006070700F5EF0010DB
:1052A0002C000000060006006D3B011020000000ED
:1052B00006010800000000002E00000006000400A7
:1052C000000000002100000006A806003D4001107B
:1052D0003000000006A90500454001100100000053
:1052E00007000200993A0110310000000700020097
:1052F0009F3B01103200000007000200D53B011067
:105300003300000007000500AD3F0110350000002C
:1053100007010500AD3F0110360000000701010044
:105320006D3B01103100000008A006003D40011057
:105330000100000008A10600454001100100000026
:1053400009000200993A011039000000090002002A
:105350009F3B01103A00000009000200D53B0110FC
:105360003B00000009010900053C01103D00000060
:1053700009010D00553D01103E000000090101002A
:105380006D3B0110390000000AA004003D400110EF
:10539000400000000AA105000000000041000000DC
:1053A0000AA2050045400110420000000AA30500C2
:1053B00045400110010000000B020500993A011060
:1053C000440000000B030500993A0110430000005F
:1053D0000B0202009F3B0110450000000B0202007F
:1053E000D53B0110460000000B0005009D3C01105C
:1053F000480000000B0105009D3C01104900000021
:105400000B0101006D3B0110430000000C00020085
:10541000993A01104A0000000C0002009F3B011065
:105420004B0000000C000200D53B01104C000000B6
:105430000C000400A53D01104E0000000C011500F9
:105440006D3B01104A0000000DA005003D40011019
:10545000010000000DA105003D4001100100000009
:105460000E000200993A0110510000000E000200E7
:105470009F3B0110520000000E000200D53B0110BE
:10548000530000000E001500F94001105500000007
:105490000E010B00053C0110560000000E010B0030
:1054A0007D3D0110570000000E0115006D3B0110FD
:1054B000510000000FA00C003D40011059000000F9
:1054C0000FA1070045400110010000001002090073
:1054D000000000005B000000100109000000000057
:1054E0005C00000010000900000000000000000047
:1054F00011A00500000000005E0000001101050081
:10550000000000005F000000110205000000000024
:105510006000000011030500000000000000000012
:1055200012A00500000000006200000012A10500AA
:10553000000000006100000012A20700000000004F
:105540006400000012A307000000000065000000D6
:1055500012A40700000000000000000013A00500D6
:10556000000000006700000013A10500000000001B
:105570006600000013A207000000000069000000A0
:1055800013A30700000000006A00000013A4070036
:10559000000000000000000014A007000000000050
:1055A0006C00000014A10700000000006B00000068
:1055B00015A00500000000006E00000015A1050008
:1055C000000000006F00000015A2050000000000B0
:1055D0007000000015A3050000000000710000002D
:1055E00015A40500000000000000000016A0020045
:1055F000000000007200000017A00500000000007D
:105600007400000017A105000000000073000000F6
:1056100018A00900000000007600000018A1090091
:10562000000000007700000018A209004D400110A2
:105630007800000018A309000000000079000000B5
:1056400018A40900000000007A00000018A5090055
:10565000000000000000000019A009000000000088
:105660007C00000019A10900000000007D0000007E
:1056700019A20900000000007E00000019A3090023
:10568000000000000000000016A109004BEE001011
:105690008000000016A2070000000000810000004A
:1056A00016A3050000000000000000001AA007007B
:1056B00000000000830000001AA1070000000000A5
:1056C000840000001AA00700000000008500000010
:1056D0001AA1070000000000860000001AA20700BF
:1056E00000000000870000001AA30700000000006F
:1056F000880000001AA407000000000089000000D4
:105700001AA50700000000008A0000001AA6070082
:10571000000000008B0000001AA707000000000036
:105720008C0000001AA80700000000008D00000097
:105730001AA9070000000000000000001BA00700DD
:10574000000000008F0000001BA107000000000007
:10575000900000001BA00700000000009100000066
:105760001BA1070000000000920000001BA2070020
:1057700000000000930000001BA3070000000000D1
:10578000940000001BA407000000000000000000BF
:105790001C00000000000000000000001C000500CC
:1057A00000000000970000001C0105000000000040
:1057B000980000001C020500000000009900000095
:1057C0001C03050000000000960000001C040D00F2
:1057D00000000000950000001CA50700000000006C
:1057E0009A0000001C060500000000009D0000005B
:1057F0001C06050029EE0010950000001C070B0098
:10580000000000009F0000001C080B00BDF200100B
:10581000A00000001C090B0041EE0010A1000000D8
:105820001C0A0B0000000000A20000001C0B0B0073
:1058300000000000A30000001C0C0B000000000092
:10584000A40000001C0D000000000000000000008B
:105850001C0E060000000000A60000001C0F060041
:1058600021EE0010A70000001C10060041EE001001
:10587000A80000001C11060000000000A9000000A4
:105880001C12060000000000AA0000001C13060005
:1058900000000000AB0000001C1406000000000027
:1058A000AC0000001C15060000000000AD00000068
:1058B0001C16000000000000000000001D000B008E
:1058C00049E00010AF0000001D010B0049E000108E
:1058D000AE0000001D00050015E10010B100000041
:1058E0001D00050015E10010B20000001D010500BB
:1058F00015E10010B30000001D01050015E10010C6
:10590000B40000001D02050015E10010B500000004
:105910001D02050015E10010B60000001D03050082
:1059200015E10010B70000001D03050015E100108F
:10593000B00000001D040B008DE20010B900000053
:105940001D050900C7E20010BA0000001D0409008F
:1059500000000000B00000001D0604000000000070
:10596000BC0000001D06040029EE0010B00000007D
:105970001D07060000000000BE0000001D08060014
:10598000B5ED0010BF0000001D09060041EE00103B
:10599000C00000001D0A060000000000C100000059
:1059A0001D0B000000000000000000001D0C0600A0
:1059B00000000000C30000001D0D060021EE0010D5
:1059C000C40000001D0E060041EE0010C5000000DE
:1059D0001D0F060000000000C60000001D1006009C
:1059E00000000000C70000001D11060000000000BC
:1059F000C80000001D12060000000000C9000000E1
:105A00001D13060000000000CA0000001D14000065
:105A100000000000000000001D0A06000000000059
:105A2000CC0000001D09060000000000CD000000B1
:105A30001D08060000000000CE0000001D07060043
:105A400000000000B00000001E000B0049E0001044
:105A5000D00000001E010B0049E00010CF00000044
:105A60001E00040015E10010D20000001E0004001A
:105A700015E10010D30000001E01040015E1001024
:105A8000D40000001E01040015E10010D500000044
:105A90001E02040015E10010D60000001E020400E2
:105AA00015E10010D70000001E03040015E10010EE
:105AB000D80000001E03040015E10010D100000012
:105AC0001E040B008DE20010DA0000001EA50B0082
:105AD0001FE30010DB0000001E040B0000000000AC
:105AE000D10000001E06040000000000DD000000E0
:105AF0001E06040029EE0010D10000001E0706005B
:105B000000000000DF0000001E080600B5ED0010D8
:105B1000E00000001E09060041EE0010E100000058
:105B20001E0A060000000000E20000001E0B00003C
:105B300000000000000000001E0C06000000000035
:105B4000E40000001E0D060021EE0010E50000003C
:105B50001E0E060041EE0010E60000001E0F0600BB
:105B600000000000E70000001E100600000000001A
:105B7000E80000001E11060000000000E90000001F
:105B80001E12060000000000EA0000001E130600BE
:105B900000000000EB0000001E14000000000000E8
:105BA000000000001E0B060000000000ED000000D9
:105BB0001E0A060000000000EE0000001E0906009C
:105BC00000000000EF0000001E08060000000000BA
:105BD000F00000001E07060000000000D1000000D9
:105BE0001F000B0049E00010F20000001F010B0035
:105BF00049E00010F10000001F000300D1E7001091
:105C0000F40000001F000300D1E70010F5000000C1
:105C10001F010300D1E70010F60000001F01030080
:105C2000D1E70010F70000001F020300D1E70010C9
:105C3000F80000001F020300D1E70010F900000087
:105C40001F030300D1E70010FA0000001F03030048
:105C5000D1E70010FB0000001F040300D1E7001093
:105C6000FC0000001F040300D1E70010FD0000004D
:105C70001F050300D1E70010FE0000001F05030010
:105C8000D1E70010F30000001FA60100E1E80010BA
:105C9000000100001FA60B008DE2001001010000B2
:105CA0001FA7090077E90010020100001FA80900E2
:105CB0008DE20010030100001FA909008DE2001011
:105CC000040100001FAA09008DE200100501000078
:105CD0001FAB09008DE20010060100001FAC090097
:105CE0008DE20010070100001FAD09008DE20010D9
:105CF000080100001FAE0900C5E9001009010000FD
:105D00001FAF150000000000F30000001FBA0B00D9
:105D1000000000000B0100001FBB0B000000000092
:105D20000C0100001FBC0B0000000000F30000008D
:105D30001F100600000000000E0100001F100600EA
:105D400029EE0010F30000001F1008000000000002
:105D5000100100001F110800B5ED00101101000036
:105D60001F12080041EE0010120100001F1308006E
:105D700000000000130100001F14080000000000D4
:105D8000140100001F1508000000000015010000AC
:105D90001F16080000000000160100001F17060073
:105DA00000000000170100001F180600000000009E
:105DB000180100001F190000000000000000000092
:105DC00020A003004FE900101A01000020A10300E9
:105DD000E7E800101B01000020A00300E7E8001026
:105DE0001C01000020A10300E7E800101D010000D5
:105DF00020A2030063E900101E01000020A103009F
:105E0000E7E800101F01000020A20300E7E80010EF
:105E10002001000020A10300E7E80010210100009C
:105E200020A20300E7E800102201000020A30300E5
:105E3000E7E800102301000020A20300E7E80010BB
:105E40002401000020A30300E7E800102501000062
:105E500020A20300E7E800102601000020A30300B1
:105E6000E7E800102701000020A40300E7E8001085
:105E70002801000020A30300E7E80010290100002A
:105E800020A40300E7E800102A01000020A303007B
:105E9000E7E800102B01000020A4030063E90010D4
:105EA0002C01000020A50300E7E800102D010000F0
:105EB00020A40300E7E800102E01000020A5030045
:105EC000E7E800102F01000020A40300E7E800101D
:105ED0003001000020A50300E7E8001031010000B8
:105EE00020A60300E7E800103201000020A703000D
:105EF000E7E800103301000020A60300E7E80010E7
:105F00003401000020A70300E7E80010350100007D
:105F100020A60300E7E800103601000020A70300D8
:105F2000E7E800100000000011010500000000007B
:105F300038010000110205000000000039010000D6
:105F400011010500000000003A01000011020500E7
:105F5000000000003B0100001103050000000000EC
:105F60000000000021A0030065E600103D010000D4
:105F700021A1030065E600103C01000022A00900F9
:105F8000000000003F01000022A107000000000007
:105F90004001000022A205000000000000000000F7
:105FA00023000B0049E000104201000023010B0018
:105FB00049E00010410100002300030015E100103A
:105FC000440100002300030015E10010450100001A
:105FD0002301030015E10010460100002301030026
:105FE00015E10010470100002302030015E1001035
:105FF000480100002302030015E1001049010000E0
:106000002303030015E100104A01000023030300ED
:1060100015E100104B0100002304030015E10010FE
:106020004C0100002304030015E100104D010000A5
:106030002305030015E100104E01000023050300B5
:1060400015E1001043010000230601008DE200105D
:10605000500100002306070069E70010510100000D
:10606000230707008DE200105201000023080700FB
:1060700085E700104301000023A901008DE2001014
:106080005401000023A90B008DE20010550100000F
:10609000230A0B001BE6001056010000230A0B0028
:1060A0008DE2001043010000230B060000000000F9
:1060B00058010000230B060029EE001043010000E8
:1060C000230B0800000000005A010000230C080008
:1060D000000000005B010000230D0800B5ED00107A
:1060E0005C010000230E080041EE00105D0100007D
:1060F000230F0800000000005E01000023100000D4
:106100000000000000000000231006000000000056
:1061100060010000230F0600000000006101000084
:10612000230E06000000000062010000230D06009F
:106130000000000063010000230C060000000000C6
:1061400064010000230B0600000000004301000072
:1061500024A00500000000006601000024A1050045
:10616000000000006501000016A109000000000009
:106170006801000016A2070000000000690100008D
:1061800016A305000000000000000000250010001C
:1061900049E000106B0100002501100049E00010EB
:1061A0006A0100002500050015E100106D010000E6
:1061B0002500050015E100106E0100002501050015
:1061C00015E100106F0100002501050015E1001028
:1061D000700100002502050015E1001071010000AA
:1061E0002502050015E100107201000025030500DD
:1061F00015E10010730100002503050015E10010F2
:10620000740100002504050015E10010750100006F
:106210002504050015E100107601000025050500A4
:1062200015E10010770100002505050015E10010BB
:106230006C0100002506150071EA001079010000CC
:1062400025A70B0085EA00107A010000250806004A
:106250008DE200107B010000250606008DE2001093
:106260007C01000025A70B00EDEA00107D01000075
:10627000250806008DE200107E01000025060600BC
:106280008DE200107F01000025A70B0055EB0010E8
:1062900080010000250806008DE200108101000049
:1062A000250606008DE200106C010000250904009F
:1062B00000000000830100002509040029EE001001
:1062C0006C010000250A07000000000085010000A5
:1062D000250B0700B5ED001086010000250C070016
:1062E00041EE001087010000250D070000000000AE
:1062F00088010000250E0700000000008901000051
:10630000250F0700000000008A010000251007008B
:10631000000000008B0100002511070000000000B4
:106320008C01000025120700000000008D01000014
:106330002513000065EE0010000000002511060086
:10634000000000008F010000251006000000000082
:1063500090010000250F06000000000091010000E0
:10636000250E06000000000092010000250D060029
:106370000000000093010000250C06000000000052
:1063800094010000250B06000000000095010000AC
:10639000250A0600000000006C01000026000B002A
:1063A00049E000109701000026010B0049E00010B1
:1063B000960100002600040015E10010990100007C
:1063C0002600040015E100109A01000026010400D7
:1063D00015E100109B0100002601040015E10010EA
:1063E0009C0100002602040015E100109D01000040
:1063F0002602040015E100109E010000260304009F
:1064000015E100109F0100002603040015E10010B3
:106410009801000026040B008DE20010A10100008D
:1064200026A5050083E30010A201000026A40500B4
:1064300083E30010A301000026050200DDE3001045
:10644000A10100002606040000000000A5010000D4
:106450002606040029EE0010980100002607060019
:1064600000000000A701000026080600B5ED00109E
:10647000A80100002609060041EE0010A901000055
:10648000260A060000000000AA010000260B0600F4
:1064900000000000AB010000260C06000000000018
:1064A000AC010000260D000000000000000000000C
:1064B000260E060000000000AE010000260F0600B8
:1064C00021EE0010AF0100002610060041EE001082
:1064D000B00100002611060000000000B10100001C
:1064E0002612060000000000B20100002613000082
:1064F0000000000000000000260D06000000000063
:10650000B4010000260C060000000000B5010000E8
:10651000260B060000000000B6010000260A060057
:1065200000000000B701000026090600000000007E
:10653000B80100002608060000000000B9010000B4
:1065400026070600000000009801000000000B0074
:1065500049E00010BB01000000010B0049E0001001
:10656000BA0100000000040015E10010BD010000A8
:106570000000040015E10010BE010000000104004D
:1065800015E10010BF0100000001040015E100103A
:10659000C00100000002040015E10010C10100006C
:1065A0000002040015E10010C20100000003040015
:1065B00015E10010C30100000003040015E1001004
:1065C000BC010000000409008DE20010C5010000BC
:1065D000000509008DE20010C6010000000607005A
:1065E0009BE40010BC010000000703000000000055
:1065F000C80100000007030029EE0010BC010000E4
:106600000008090000000000CA010000000909009C
:10661000B5ED0010CB010000000A070000000000EB
:10662000CC010000000B070041EE0010CD0100007E
:10663000000C00000000000000000000000D06003B
:1066400000000000CF010000000E060021EE001047
:10665000D0010000000F060000000000D101000082
:106660000010060041EE0010D201000000110600EB
:1066700000000000D301000000120600000000002E
:10668000D40100000013060000000000D501000046
:10669000001400000000000000000000000C0900D1
:1066A00000000000D7010000000B090000000000FE
:1066B000D8010000000A070000000000D901000016
:1066C0000009070000000000DA01000000080700D0
:1066D00000000000BC01000027000B0049E0001092
:1066E000DC01000027010B0049E00010DB01000085
:1066F0002700030015E10010DE0100002700030061
:1067000015E10010DF0100002701030015E1001072
:10671000E00100002701030015E10010E101000085
:106720002702030015E10010E20100002702030028
:1067300015E10010E30100002703030015E100103C
:10674000E40100002703030015E10010DD01000053
:10675000270409008DE20010E6010000270509006A
:106760008DE20010E701000027060900FFE4001099
:10677000DD0100002707030000000000E901000020
:106780002707030029EE0010DD010000270809009B
:1067900000000000EB01000027090900B5ED001022
:1067A000EC010000270A050000000000ED010000D8
:1067B000270B050041EE0010EE010000270C05003C
:1067C00000000000EF010000270D000000000000A5
:1067D00000000000270D060000000000F10100008D
:1067E000270C060000000000F2010000270B060045
:1067F00000000000F3010000270A0600000000006E
:10680000F40100002709060000000000F501000067
:106810002708060000000000DD01000028000B0032
:1068200049E00010F60100002800040015E1001006
:10683000F7010000280106008DE20010F9010000B8
:10684000280206008DE20010FA01000028A30600CD
:106850003FE50010F70100002804040000000000DC
:10686000FC0100002804040029EE0010FD010000D6
:106870002805070000000000F701000028060900B5
:1068800000000000FF01000028070900B5ED00101E
:1068900000020000280809000000000001020000BA
:1068A000280909000000000002020000280A09006F
:1068B00041EE001003020000280B00000000000061
:1068C00000000000280B0900000000000502000085
:1068D000280A09000000000006020000280909003B
:1068E0000000000007020000280809000000000066
:1068F000080200002807090000000000090200004B
:106900002806090000000000F701000029A005008A
:10691000000000000B02000029A10500000000009B
:106920000A02000029A20700000000000D0200007A
:1069300029A30700000000000E02000029A40700A0
:1069400000000000000000002A000B0049E00010D9
:10695000100200002A010B0049E000100F020000A5
:106960002A00040015E10010120200002A000400B1
:1069700015E10010130200002A01040015E10010C7
:10698000140200002A01040015E1001015020000A5
:106990002A02040015E10010160200002A02040079
:1069A00015E10010170200002A03040015E1001091
:1069B000180200002A03040015E100101102000073
:1069C0002A0409008DE200101A0200002A050900BD
:1069D0008DE200101B0200002A060900BDE5001030
:1069E000110200002A070300000000001D02000041
:1069F0002A07030029EE0010110200002A080900EE
:106A0000000000001F0200002A090900B5ED001077
:106A1000200200002A0A09000000000021020000F4
:106A20002A0B090041EE0010220200002A0C090086
:106A300000000000230200002A0D090000000000F1
:106A4000240200002A0E000065EE00100000000085
:106A50002A0E090000000000260200002A0D09008D
:106A600000000000270200002A0C090000000000BE
:106A7000280200002A0B0900000000002902000083
:106A80002A0A0900000000002A0200002A09090061
:106A9000000000002B0200002A080900000000008E
:106AA000110200002B000B0049E000102D02000035
:106AB0002B010B0049E000102C0200002B00040009
:106AC00015E100102F0200002B00040015E100105A
:106AD000300200002B01040015E10010310200001B
:106AE0002B01040015E10010320200002B0204000B
:106AF00015E10010330200002B02040015E1001024
:106B0000340200002B03040015E1001035020000E0
:106B10002B03040015E100102E0200002B040900D5
:106B20008DE20010370200002B0509008DE20010F5
:106B3000380200002B060900BDE500102E020000FF
:106B40002B070300000000003A0200002B0703009F
:106B500029EE00102E0200002B08090000000000A2
:106B60003C0200002B090900B5ED00103D020000B9
:106B70002B0A0900000000003E0200002B0B090058
:106B800041EE00103F0200002B0C09000000000045
:106B9000400200002B0D090000000000410200002F
:106BA0002B0E000000000000000000002B0E09006A
:106BB00000000000430200002B0D0900000000004F
:106BC000440200002B0C09000000000045020000F8
:106BD0002B0B090000000000460200002B0A0900F0
:106BE00000000000470200002B090900000000001F
:106BF000480200002B080900000000002E020000DF
:106C00002CA00B0049E000104A0200002CA10B0050
:106C100049E00010490200002CA0070015E1001017
:106C20004C0200002CA1070015E100104B020000EF
:106C30002CA20B008DE200104E0200002CA30500D8
:106C4000F1EB00104F0200002CA205000000000034
:106C5000500200002CA30500000000004F020000BD
:106C60002CA4040000000000520200002CA4040028
:106C700029EE00104B0200002CA5070000000000C8
:106C8000540200002CA60700B5ED001055020000CC
:106C90002CA7070000000000560200002CA80700E7
:106CA00041EE0010570200002C0907000000000010
:106CB000580200002C0A070000000000000000003D
:106CC0002D000B0049E000105A0200002D010B00BE
:106CD00049E00010590200002D000400BDEF001033
:106CE0005C0200002D00040015E100105D020000B0
:106CF0002D01040015E100105E0200002D010400CA
:106D000015E100105F0200002D020400BDEF00102D
:106D1000600200002D02040015E100106102000075
:106D20002D03040015E10010620200002D03040091
:106D300015E10010630200002D040400BDEF0010F7
:106D4000640200002D04040015E10010650200003B
:106D50002D05040015E10010660200002D05040059
:106D600015E100105B0200002DA015008DE200105F
:106D7000680200002DA605001FE300106902000054
:106D80002DA705001FE300106A0200002DA70200D6
:106D900029E40010680200002D0804000000000033
:106DA0006C0200002D08040029EE00105B020000B8
:106DB0002D091500B5ED00106E0200002D0A0B0024
:106DC00041EE00106F0200002D0B0B0000000000D0
:106DD000700200002D0C0B0000000000710200008A
:106DE0002D0D0B0000000000720200002D0E0B00A4
:106DF00000000000730200002D0F0B0000000000D7
:106E0000740200002D100B0000000000750200004D
:106E10002D110B0000000000760200002D121F0053
:106E200000000000770200002D12000065EE001047
:106E3000000000002E000B0049E000107902000065
:106E40002E010B0049E00010780200002E00150012
:106E5000000000007B0200002E000400D1EF0010B3
:106E60007C0200002E00040015E100107D020000ED
:106E70002E01040015E100107E0200002E01040026
:106E800015E100107F0200002E02040015E1001041
:106E9000800200002E02040015E1001081020000B3
:106EA0002E030400D1EF0010820200002E03040024
:106EB00015E10010830200002E04040015E100100B
:106EC000840200002E04040015E100108502000079
:106ED0002E05040015E10010860200002E050400B6
:106EE00015E100107B0200002EA015008DE20010BD
:106EF000880200002EA6050075E40010890200003B
:106F00002EA70500000000008A0200002EA7020044
:106F100029E40010880200002E0804000000000090
:106F20008C0200002E08040029EE00107B020000F5
:106F30002E091500B5ED00108E0200002E0A080083
:106F400041EE00108F0200002E0B08000000000030
:106F5000900200002E0C08000000000091020000CA
:106F60002E0D080000000000920200002E0E080006
:106F700000000000930200002E0F000065EE0010DC
:106F8000000000002E0F0600000000009502000027
:106F90002E0E060000000000960200002E0D0600D6
:106FA00000000000970200002E0C06000000000008
:106FB000980200002E0B060000000000990200005D
:106FC0002E0A0600000000009A0200002E090600AA
:106FD000000000007B0200002FA00600000000005F
:106FE0009C0200002FA10600000000009B02000090
:106FF00030A00600000000009E02000030A1060044
:10700000000000009F02000030A206000000000007
:10701000A002000030A3060000000000A102000052
:1070200030A40600000000000000000031000B004A
:1070300049E00010A302000031010B0049E00010FC
:10704000A202000031000400A9EF0010A502000018
:107050003100040015E10010A60200003101040017
:1070600015E10010A70200003101040015E1001035
:10707000A80200003102040015E10010A90200007E
:107080003102040015E10010AA02000031030400DF
:10709000BDEF0010AB0200003103040015E1001049
:1070A000A4020000310407008DE20010AD020000D0
:1070B00031050D0097E50010AE02000031040D000F
:1070C0008DE20010AF02000031050D0097E50010C1
:1070D000B002000031040D008DE20010B10200008A
:1070E00031050D0097E50010A402000031060B00E9
:1070F00029EE0010A402000031070B000000000080
:10710000B402000031080B00B5ED0010B50200001C
:1071100031090B0000000000B6020000310A0B002C
:1071200000000000B7020000310B0B00000000005F
:10713000B8020000310C0B0041EE0010B902000053
:10714000310D0B0000000000BA020000310E0B00F0
:1071500000000000BB020000310F1F000000000013
:10716000BC020000310F000065EE001000000000BE
:1071700032000B0049E00010BD02000032000400A4
:1071800015E10010BF0200003200040015E10010FC
:10719000C00200003201040015E10010C10200002D
:1071A0003201040015E10010C202000032020400A6
:1071B00015E10010C30200003202040015E10010C6
:1071C000BE020000320306008DE20010C50200007E
:1071D000320406008DE20010C602000032A506004F
:1071E0008DE20010C702000032A5010065ED00101D
:1071F000BE0200003206070000000000C9020000C5
:107200003206070029EE0010BE02000032A7090076
:1072100000000000CB02000032A80900B5ED00100C
:10722000CC02000032A9090000000000CD020000DD
:1072300032AA090000000000CE02000032AB0900B3
:1072400081ED0010CF02000032AC09000000000008
:1072500000000000320C090000000000D102000014
:10726000320B090000000000D2020000320A0900BF
:1072700000000000D30200003209090000000000F5
:10728000D40200003208090000000000D50200000E
:107290003207090000000000BE02000033000B00AE
:1072A00049E00010D702000033010B0049E0001054
:1072B000D60200003300040015E10010D9020000DE
:1072C0003300040015E10010DA020000330104006D
:1072D00015E10010DB0200003301040015E100108D
:1072E000DC0200003302040015E10010DD020000A2
:1072F0003302040015E10010DE0200003303040035
:1073000015E10010DF0200003303040015E1001056
:10731000D802000033040B008DE20010E1020000EF
:1073200033050B008DE20010E202000033A60500D9
:1073300083E30010E3020000330507008DE2001034
:10734000E402000033A6050083E30010E50200001C
:1073500033050200DDE30010E10200003307040002
:1073600000000000E70200003307040029EE0010CF
:10737000D80200003308060000000000E902000007
:1073800033090600B5ED0010EA020000330A0600DA
:1073900041EE0010EB020000330B0600000000007D
:1073A000EC020000330C00000000000000000000B0
:1073B000330D060000000000EE020000330E060050
:1073C00021EE0010EF020000330F060041EE001026
:1073D000F00200003310060000000000F10200007F
:1073E0003311060000000000F20200003312060014
:1073F00000000000F302000033130600000000004C
:10740000F40200003314060000000000F502000042
:10741000331500000000000000000000330C0600DF
:1074200000000000F7020000330B0600000000001F
:10743000F8020000330A060000000000F902000014
:107440003309060000000000FA02000033080600BD
:1074500000000000D802000034000000000000001E
:10746000FB0200003400070000000000FD020000E5
:107470003401070000000000FE0200003402070093
:10748000B5ED0010FF02000034030700000000000B
:1074900000030000340407000000000001030000A6
:1074A0003405070000000000020300003406070056
:1074B0000000000003030000340707000000000084
:1074C000040300003408070000000000050300006A
:1074D000340907000000000006030000340A07001A
:1074E000F5DF001007030000340B0000000000006F
:1074F00000000000340C050000000000090300003B
:10750000340C090029EE0010FB02000035000000D9
:107510000000000000000000350125006DF00010A3
:107520000A0300003500650075F000100D0300002F
:1075300035000B00000000000E03000035000B00BA
:10754000000000000F030000350000002FF10010C4
:107550000000000033000B0049E0001010030000A1
:107560003300B60011F00010120300003300970042
:1075700035F100101203000036A00400A9F200103B
:107580001403000036A10400DDF100101503000013
:1075900036A20400DDF100101603000036A304003B
:1075A000DDF100101303000020A00500E7E8001043
:1075B0001803000020A10500E7E8001019030000EF
:1075C00020A20500E7E800101A03000020A3050030
:1075D000E7E800101B03000020A40500E7E8001006
:1075E0001C03000020A50500E7E800101D030000B3
:1075F00020A60500E7E800101E03000020A70500F4
:10760000E7E800100000000016A10B0000000000D9
:107610002003000016A20B00000000002103000060
:1076200016A30B00E1F00010000000003700070077
:10763000000000002303000037A108000000000044
:1076400022030000380007000000000025030000AE
:1076500038A10700000000002403000039000700E3
:1076600000000000270300003901070000000000AF
:10767000260300003AA006000000000029030000D5
:107680003AA10600B5ED00102A0300003AA2060058
:10769000000000002B0300003AA30B004BEE00108B
:1076A0002C0300003AA40B000000000000000000C2
:1076B0003BA00500000000002E0300003BA10500D8
:1076C000000000002F0300003BA2050000000000A6
:1076D0002D0300003C000700000000003103000003
:1076E0003C01070000000000320300003C020700DC
:1076F00000000000330300003C030700000000000E
:10770000340300003C0207000000000035030000C5
:107710003C01070000000000300300003D000700AE
:1077200000000000370300003D01070000000000DA
:10773000380300003D02070000000000390300008C
:107740003D030700000000003A0300003D0207006F
:10775000000000003B0300003D01070000000000A6
:10776000360300003E000B00000000003D03000057
:107770003EA10B00000000003C0300003F000B0096
:10778000000000003F0300003FA10B0000000000CC
:107790003E03000040000B00000000004103000019
:1077A00040A10B00000000004003000041000B005E
:1077B000000000004303000041A10B000000000096
:1077C0004203000042000B000000000045030000DF
:1077D00042A10B00000000004403000043000B0026
:1077E000000000004703000043A10B000000000060
:1077F00046030000440000000000000000000000FC
:1078000045000000000000000000000046A0070046
:10781000000000004B03000046A10700000000002C
:107820004C03000046A20700000000004D030000CA
:1078300046A30700000000004E03000046A2070018
:10784000000000004F03000046A1070000000000F8
:107850004A03000047A00700000000005103000099
:1078600047A10700000000005203000047A20700E4
:10787000000000005303000047A3070000000000C1
:107880005003000048A000000000000000000000BD
:1078900049A00700000000005603000049A10700AE
:1078A000000000005703000049A20700000000008C
:1078B0005803000049A30700000000005503000022
:1078C0004AA00700000000005A0300004AA1070078
:1078D000000000005B0300004AA207000000000057
:1078E0005C0300004AA307000000000059030000E9
:1078F0004BA0000000000000000000004CA00700AA
:10790000000000005F0300004CA107000000000021
:10791000600300004CA207000000000061030000AB
:107920004CA3070000000000620300004CA2070007
:1079300000000000630300004CA1070000000000ED
:107940005E0300004DA0070000000000650300007A
:107950004D01070000000000640300004E0000001D
:1079600000000000000000004F00000000000000C8
:1079700000000000500000000000000000000000B7
:107980005100000000000000000000005200000054
:107990000000000000000000530000000000000094
:1079A0000000000054000000000000000000000083
:1079B000550000000000000000000000560000001C
:1079C0000000000000000000570000000000000060
:1079D000000000005800000000000000000000004F
:1079E0005900000000000000000000005A000000E4
:1079F00000000000000000005B000000000000002C
:107A0000000000005C00000000000000000000001A
:107A10005D00000000000000000000005EA000000B
:107A200000000000000000005F00000000000000F7
:107A30000000000060000B0000000000790300005F
:107A400060011000000000007A03000060020900DD
:107A5000000000007B030000600107000000000040
:107A6000780300001C0D0000000000000000000072
:107A70001C12000000000000000000006100000077
:107A80000000000000000000620000000000000094
:107A90000000000063000000000000000000000083
:107AA00064A00700000000008203000064A107003A
:107AB00000000000810300006500000000000000DD
:107AC00000000000660007000000000085030000C1
:107AD0006601090000000000840300006700000048
:107AE000000000000000000068000000000000002E
:107AF000000000006900000000000000000000001D
:107B00006A00000000000000000000006B000000A0
:107B100000000000000000006C00000000000000F9
:107B2000000000006D0000000000000000000000E8
:107B30006E00000000000000000000006F00000068
:107B4000000000000000000070A000000000000025
:107B50000000000071A00000000000000000000014
:107B60007200000000000000000000007300000030
:107B70000000000000000000740000000000000091
:107B80000000000075000000000000000000000080
:107B900076A00700000000009603000076A1070011
:107BA000000000009703000076A20700000000001C
:107BB0009803000076A10700000000009503000074
:107BC00077A00700000000009A03000077A10700DB
:107BD000000000009B03000077A2070000000000E7
:107BE0009903000078000F00000000009D030000D2
:107BF00078010F00000000009C03000079A0050040
:107C0000000000009F03000079A1050000000000B3
:107C1000A003000079A2050000000000A1030000FD
:107C200079A30500000000009E0300007AA0050073
:107C300000000000A30300007AA10500000000007E
:107C4000A40300007AA2050000000000A5030000C4
:107C50007AA3050000000000A20300007BA005003D
:107C600000000000A70300007BA105000000000049
:107C7000A80300007BA2050000000000A90300008B
:107C80007BA3050000000000A60300007CA0050007
:107C900000000000AB0300007CA105000000000014
:107CA000AC0300007CA2050000000000AD03000052
:107CB0007CA3050000000000AA0300007DA00500D1
:107CC00000000000AF0300007DA1050000000000DF
:107CD000B00300007DA2050000000000B103000019
:107CE0007DA3050000000000AE0300007EA005009B
:107CF00000000000B30300007EA1050000000000AA
:107D0000B40300007EA2050000000000B5030000DF
:107D10007EA3050000000000B20300007F00000009
:107D200000000000000000008000000000000000D3
:107D300000000000810000000000000000000000C2
:107D4000820000000000000000000000830000002E
:107D5000000000000000000084000000000000009F
:107D6000000000008500000000000000000000008E
:107D700086000000000000000000000087000000F6
:107D8000000000000000000088A0050000000000C6
:107D9000C003000088A1050000000000C10300002E
:107DA00088A2050000000000C203000088A30500AF
:107DB00000000000BF03000089A0050000000000D3
:107DC000C403000089A1050000000000C5030000F5
:107DD00089A2050000000000C603000089A3050079
:107DE00000000000C3030000505D5F1F38484E34A0
:107DF000391A1B1F2324263402002E7309C20010D7
:107E0000FFFF00000000000002002F6DE1C1001024
:107E1000FFFF0000000000000100000005C100108D
:107E20000100296505C8001001002A6D79C0001005
:107E300001000F73EDC000100100246965C8001037
:107E40000100256865C800100100266865C800109B
:107E50000100277565C800100100286E65C8001074
:107E60000100206BCDC7001001002174CDC70010A8
:107E700001002269CDC7001001002374CDC7001096
:107E800047616D6D6120636F7272656374696F6EB7
:107E9000204F464600000000000047616D6D6120E4
:107EA000636F7272656374696F6E206C6576656C62
:107EB0002031000047616D6D6120636F72726563F0
:107EC00074696F6E206C6576656C203200004761C6
:107ED0006D6D6120636F7272656374696F6E206C83
:107EE0006576656C2033000047616D6D6120636FBE
:107EF0007272656374696F6E206C6576656C203490
:107F0000000000086DDCDEF1956B4BF8FE8C104232
:107F10004A15D32F50F29A1BCD80A1594D245F6E84
:107F20005530D48CD3F9164FC8321CBC348CCA7867
:107F300044913E46B8BE5BC598E0956819B2FCB660
:107F4000CAB68DC50451B5F2912A27E39CC6E1C19A
:107F5000DB5D7AAFF900AF8F46EF2EF6A335A36D48
:107F6000A88702EB195C14918A4D45A64EB0ADD49A
:107F7000A6715EA12932EF316FA4463C0225AB4BBE
:107F8000889C0B382A928AE549924D3D62C4876AE3
:107F90003FC5C35660CB7165AAF7B57150FA6C073F
:107FA000FFED81E24F6B70A667F118DFEF78C63AFC
:107FB0003C528003B8428FE091E051CEA32D3F5A4E
:107FC000A8723B219F5F1C8B7B627DC40F46C2FD64
:107FD000360E6DE24711A15DBA57F48A14347BFB6B
:107FE0001A24112E34E7E84C1FDD5425D8A5D46A95
:107FF000C5F2622B27AFFE91BE5476DEBB8878A314
:10800000ECF9050606070607070800000000000057
:1080100098B700000000010098B7000000000000C1
:108020006848FFFF0000FFFF6848FFFF00000100F5
:1080300098B70000000000006848FFFF0000FFFF45
:108040006848FFFF0000000098B700000301050723
:1080500004050607000102030800020002030002F3
:1080600003000203040002030400000000000000FB
:1080700000000005060607060707080405050604B4
:1080800005050600040000000000000000000000DC
:1080900004000000000000000000000004000000D8
:1080A00000000000000000000400000074690320CC
:1080B0000000000004000000C46A0320000000006B
:1080C00004000000CC6A032000000000040000004F
:1080D000C86A032000000000040000000000000047
:1080E0000000000078000000000000000000000018
:1080F0000800000000000000000000000400000074
:10810000ACB00120000000000400000000000000EE
:10811000000000000400000000000000000000005B
:108120000400000000000000000000002800000023
:108130004CCD0320010000000400000000000000FE
:108140000000000004000000ECA20320000000007A
:108150000400000000000000000000000400000017
:108160008CB00120000000000400000090B001204D
:1081700000000000040000000000000000000000FB
:1081800004000000EAA2032000000000000000003C
:1081900000000000000000000001020203030303CE
:1081A0000404040404040404050505050505050587
:1081B0000505050505050505060606060606060667
:1081C000060606060606060606060606060606064F
:1081D0000606060606060606070707070707070737
:1081E000070707070707070707070707070707071F
:1081F000070707070707070707070707070707070F
:1082000007070707070707070707070707070707FE
:1082100007070707070707070808080808080808E6
:1082200008080808080808080808080808080808CE
:1082300008080808080808080808080808080808BE
:1082400008080808080808080808080808080808AE
:10825000080808080808080808080808080808089E
:10826000080808080808080808080808080808088E
:10827000080808080808080808080808080808087E
:10828000080808080808080808080808080808086E
:108290000808080808080808102121322132324352
:1082A0002132324332434354213232433243435426
:1082B000324343544354546521323243324343548E
:1082C00032434354435454653243435443545465F6
:1082D00043545465546565762132324332434354E6
:1082E00032434354435454653243435443545465D6
:1082F000435454655465657632434354435454653E
:1083000043545465546565764354546554656576A5
:1083100054656576657676870506060706070708BD
:108320000000020202000000020202020303030333
:108330000000000000000000000000020002030036
:108340000203000203040002030400000000000016
:1083500000000000040505060405050605060607DD
:1083600006070708020000080603000808070008BF
:108370000C0900080F0D000813100008171400085E
:108380001B1800081F1C0008585601085552010808
:108390005C5901085F5D01086260010864630108BF
:1083A00067650108696801086C6A0108706D010859
:1083B00074710108787501087C79010800020002D7
:1083C0000300020300020304000203040000000093
:1083D0000000000000000000020202000000020293
:1083E000020203030303000000000000000000007D
:1083F0000203010405010607010809010A0B010C2B
:108400000D010E0F011011011213011415011617A1
:10841000011819011A1B011C1D0120210122230131
:108420001E1F014849014A4B012829024C4D0224D4
:1084300025024E4F022627025051022A2B022C2DD4
:10844000022E2F0230310232330334350336370324
:108450003839033A3B033C3D033E3F03404103426E
:108460004303444503464703050606070607070876
:1084700000000202020000000202020203030303E2
:1084800000000000000000000000000200020300E5
:1084900002030002030400020304000000000000C5
:1084A00000000000000002020200000002020202BE
:1084B00003030303000000000000000000000506A5
:1084C000060706070708400140014001400140013E
:1084D0004001400140014001400140014001400194
:1084E0004001400140014001400140014001400184
:1084F0004001400140014001400140014001400174
:108500004001400140014001400140014001400163
:108510004001400140014001400140014001400153
:108520004001400140014001400140014001400143
:108530004001400140014001400140014001400133
:108540004001400140014001400140014001400123
:108550004001400140014001400140014001400113
:108560004001400140014001400140014001400103
:1085700040014001400140014001400140014001F3
:1085800040014001400140014001400140014001E3
:1085900040014001400140014001400140014001D3
:1085A00040014001400140014001400140014001C3
:1085B00040014001400140014001400140014001B3
:1085C00040014001400140014001400140014001A3
:1085D0004001400140014001400140014001400193
:1085E0004001400140014001400140014001400183
:1085F0004001400140014001400140014001400173
:108600004001400140014001400140014001400162
:108610004001400140014001400140014001400152
:108620004001400140014001400140014001400142
:108630004001400140014001400140014001400132
:108640004001400140014001400140014001400122
:108650004001400140014001400140014001400112
:108660004001400140014001400140014001400102
:1086700040014001400140014001400140014001F2
:1086800040014001400140014001400140014001E2
:1086900040014001400140014001400140014001D2
:1086A00040014001400140014001400140014001C2
:1086B00040014001400140014001400140014001B2
:1086C00040014001400140014001400140014001A2
:1086D0004001400140014001400140014001400192
:1086E0004001400140014001400140014001400182
:1086F0004001400140014001400140014001400172
:108700004001400140014001400140014001400161
:108710004001400140014001400140014001400151
:108720004001400140014001400140014001400141
:108730004001400140014001400140014001400131
:108740004001400140014001400140014001400121
:108750004001400140014001400140014001400111
:108760004001400140014001400140014001400101
:1087700040014001400140014001400140014001F1
:1087800040014001400140014001400140014001E1
:1087900040014001400140014001400140014001D1
:1087A00040014001400140014001400140014001C1
:1087B00040014001400140014001400140014001B1
:1087C00040014001400140014001400140014001A1
:1087D0004001400140014001400140014001400191
:1087E0004001400140014001400140014001400181
:1087F0004001400140014001400140014001400171
:108800004001400140014001400140014001400160
:108810004001400140014001400140014001400150
:108820004001400140014001400140014001400140
:108830004001400140014001400140014001400130
:108840004001400140014001400140014001400120
:108850004001400140014001400140014001400110
:108860004001400140014001400140014001400100
:1088700040014001400140014001400140014001F0
:1088800040014001400140014001400140014001E0
:1088900040014001400140014001400140014001D0
:1088A00040014001400140014001400140014001C0
:1088B00040014001400140014001400140014001B0
:1088C00040014001400140014001400140014001A0
:1088D0004001400140014001400140014001400190
:1088E0004001400140014001400140014001400180
:1088F0004001400140014001400140014001400170
:10890000400140014001400140014001400140015F
:10891000400140014001400140014001400140014F
:10892000400140014001400140014001400140013F
:10893000400140014001400140014001400140012F
:10894000400140014001400140014001400140011F
:10895000400140014001400140014001400140010F
:1089600040014001400140014001400140014001FF
:1089700040014001400140014001400140014001EF
:1089800040014001400140014001400140014001DF
:1089900040014001400140014001400140014001CF
:1089A00040014001400140014001400140014001BF
:1089B00040014001400140014001400140014001AF
:1089C000400140014001400140014001400140019F
:1089D000400140014001400140014001400140018F
:1089E000400140014001400140014001400140017F
:1089F000400140014001400140014001400140016F
:108A0000400140014001400140014001400140015E
:108A1000400140014001400140014001400140014E
:108A2000400140014001400140014001400140013E
:108A3000400140014001400140014001400140012E
:108A4000400140014001400140014001400140011E
:108A5000400140014001400140014001400140010E
:108A600040014001400140014001400140014001FE
:108A700040014001400140014001400140014001EE
:108A800040014001400140014001400140014001DE
:108A900040014001400140014001400140014001CE
:108AA00040014001400140014001400140014001BE
:108AB00040014001400140014001400140014001AE
:108AC000400140014001400140014001400140019E
:108AD000400140014001400140014001400140018E
:108AE000400140014001400140014001400140017E
:108AF000400140014001400140014001400140016E
:108B0000400140014001400140014001400140015D
:108B1000400140014001400140014001400140014D
:108B2000400140014001400140014001400140013D
:108B3000400140014001400140014001400140012D
:108B4000400140014001400140014001400140011D
:108B5000400140014001400140014001400140010D
:108B600040014001400140014001400140014001FD
:108B700040014001400140014001400140014001ED
:108B800040014001400140014001400140014001DD
:108B900040014001400140014001400140014001CD
:108BA00040014001400140014001400140014001BD
:108BB00040014001400140014001400140014001AD
:108BC000400140014001400140014001400140019D
:108BD000400140014001400140014001400140018D
:108BE000400140014001400140014001400140017D
:108BF000400140014001400140014001400140016D
:108C0000400140014001400140014001400140015C
:108C1000400140014001400140014001400140014C
:108C2000400140014001400140014001400140013C
:108C3000400140014001400140014001400140012C
:108C4000400140014001400140014001400140011C
:108C5000400140014001400140014001400140010C
:108C600040014001400140014001400140014001FC
:108C700040014001400140014001400140014001EC
:108C800040014001400140014001400140014001DC
:108C900040014001400140014001400140014001CC
:108CA00040014001400140014001400140014001BC
:108CB00040014001400140014001400140014001AC
:108CC00040014001400140014001400140013F019D
:108CD0003F013F013F013E013E013E013E013D019A
:108CE0003D013D013D013C013C013C013C013B019A
:108CF0003B013B013B013A013A013A013A013A0199
:108D00003901390139013901380138013801380197
:108D10003701370137013701370136013601360196
:108D20003601350135013501350134013401340195
:108D30003401340133013301330133013201320193
:108D40003201320132013101310131013101300191
:108D500030013001300130012F012F012F012F018F
:108D60002E012E012E012E012E012D012D012D018E
:108D70002D012C012C012C012C012C012B012B018C
:108D80002B012B012B012A012A012A012A01290189
:108D90002901290129012901280128012801280187
:108DA0002801270127012701270127012601260184
:108DB0002601260125012501250125012501240182
:108DC000240124012401240123012301230123017F
:108DD000230122012201220122012201210121017C
:108DE0002101210121012001200120012001200178
:108DF0001F011F011F011F011F011E011E011E0176
:108E00001E011E011D011D011D011D011D011C0171
:108E10001C011C011C011C011B011B011B011B016E
:108E20001B011A011A011A011A011A01190119016B
:108E30001901190119011901180118011801180166
:108E40001801170117011701170117011601160163
:108E5000160116011601150115011501150115015F
:108E6000150114011401140114011401130113015B
:108E70001301130113011201120112011201120157
:108E80001201110111011101110111011001100153
:108E900010011001100110010F010F010F010F014E
:108EA0000F010E010E010E010E010E010E010D014A
:108EB0000D010D010D010D010C010C010C010C0146
:108EC0000C010C010B010B010B010B010B010B0140
:108ED0000A010A010A010A010A010901090109013D
:108EE0000901090109010801080108010801080137
:108EF0000801070107010701070107010701060132
:108F0000060106010601060105010501050105012D
:108F10000501050104010401040104010401040127
:108F20000301030103010301030103010201020123
:108F3000020102010201020101010101010101011D
:108F40000101010100010001000100010001000117
:108F5000FF00FF00FF00FF00FF00FF00FE00FE001B
:108F6000FE00FE00FE00FE00FD00FD00FD00FD0015
:108F7000FD00FD00FC00FC00FC00FC00FC00FC000F
:108F8000FB00FB00FB00FB00FB00FB00FB00FA000A
:108F9000FA00FA00FA00FA00FA00F900F900F90004
:108FA000F900F900F900F800F800F800F800F800FE
:108FB000F800F700F700F700F700F700F700F700F8
:108FC000F600F600F600F600F600F600F500F500F3
:108FD000F500F500F500F500F400F400F400F400ED
:108FE000F400F400F400F300F300F300F300F300E6
:108FF000F300F200F200F200F200F200F200F200E0
:10900000F100F100F100F100F100F100F000F000DA
:10901000F000F000F000F000F000EF00EF00EF00D3
:10902000EF00EF00EF00EE00EE00EE00EE00EE00CD
:10903000EE00EE00ED00ED00ED00ED00ED00ED00C6
:10904000EC00EC00EC00EC00EC00EC00EC00EB00C1
:10905000EB00EB00EB00EB00EB00EB00EA00EA00BA
:10906000EA00EA00EA00EA00EA00E900E900E900B3
:10907000E900E900E900E800E800E800E800E800AD
:10908000E800E800E700E700E700E700E700E700A6
:10909000E700E600E600E600E600E600E600E6009F
:1090A000E500E500E500E500E500E500E500E40099
:1090B000E400E400E400E400E400E400E300E30092
:1090C000E300E300E300E300E300E200E200E2008B
:1090D000E200E200E200E200E100E100E100E10084
:1090E000E100E100E100E000E000E000E000E0007D
:1090F000E000E000DF00DF00DF00DF00DF00DF0076
:10910000DF00DE00DE00DE00DE00DE00DE00DE006E
:10911000DD00DD00DD00DD00DD00DD00DD00DC0068
:10912000DC00DC00DC00DC00DC00DC00DB00DB0061
:10913000DB00DB00DB00DB00DB00DA00DA00DA005A
:10914000DA00DA00DA00DA00D900D900D900D90053
:10915000D900D900D900D900D800D800D800D8004B
:10916000D800D800D800D700D700D700D700D70044
:10917000D700D700D600D600D600D600D600D6003D
:10918000D600D600D500D500D500D500D500D50035
:10919000D500D400D400D400D400D400D400D4002E
:1091A000D300D300D300D300D300D300D300D30027
:1091B000D200D200D200D200D200D200D200D10020
:1091C000D100D100D100D100D100D100D100D00018
:1091D000D000D000D000D000D000D000CF00CF0011
:1091E000CF00CF00CF00CF00CF00CF00CE00CE0009
:1091F000CE00CE00CE00CE00CE00CD00CD00CD0002
:10920000CD00CD00CD00CD00CD00CC00CC00CC00F9
:10921000CC00CC00CC00CC00CB00CB00CB00CB00F2
:10922000CB00CB00CB00CB00CA00CA00CA00CA00EA
:10923000CA00CA00CA00CA00C900C900C900C900E2
:10924000C900C900C900C800C800C800C800C800DB
:10925000C800C800C800C700C700C700C700C700D3
:10926000C700C700C700C600C600C600C600C600CB
:10927000C600C600C500C500C500C500C500C500C4
:10928000C500C500C400C400C400C400C400C400BC
:10929000C400C400C300C300C300C300C300C300B4
:1092A000C300C300C200C200C200C200C200C200AC
:1092B000C200C200C100C100C100C100C100C100A4
:1092C000C100C000C000C000C000C000C000C0009D
:1092D000C000BF00BF00BF00BF00BF00BF00BF0095
:1092E000BF00BE00BE00BE00BE00BE00BE00BE008D
:1092F000BE00BD00BD00BD00BD00BD00BD00BD0085
:10930000BD00BC00BC00BC00BC00BC00BC00BC007C
:10931000BC00BB00BB00BB00BB00BB00BB00BB0074
:10932000BB00BA00BA00BA00BA00BA00BA00BA006C
:10933000BA00B900B900B900B900B900B900B90064
:10934000B900B800B800B800B800B800B800B8005C
:10935000B800B700B700B700B700B700B700B70054
:10936000B700B600B600B600B600B600B600B6004C
:10937000B600B500B500B500B500B500B500B50044
:10938000B500B400B400B400B400B400B400B4003C
:10939000B400B300B300B300B300B300B300B30034
:1093A000B300B200B200B200B200B200B200B2002C
:1093B000B200B100B100B100B100B100B100B10024
:1093C000B100B000B000B000B000B000B000B0001C
:1093D000B000AF00AF00AF00AF00AF00AF00AF0014
:1093E000AF00AE00AE00AE00AE00AE00AE00AE000C
:1093F000AE00AD00AD00AD00AD00AD00AD00AD0004
:10940000AD00AC00AC00AC00AC00AC00AC00AC00FB
:10941000AC00AB00AB00AB00AB00AB00AB00AB00F3
:10942000AB00AB00AA00AA00AA00AA00AA00AA00EA
:10943000AA00AA00A900A900A900A900A900A900E2
:10944000A900A900A800A800A800A800A800A800DA
:10945000A800A800A700A700A700A700A700A700D2
:10946000A700A700A600A600A600A600A600A600CA
:10947000A600A600A500A500A500A500A500A500C2
:10948000A500A500A400A400A400A400A400A400BA
:10949000A400A400A400A300A300A300A300A300B1
:1094A000A300A300A300A200A200A200A200A200A9
:1094B000A200A200A200A100A100A100A100A100A1
:1094C000A100A100A100A000A000A000A000A00099
:1094D000A000A000A0009F009F009F009F009F0091
:1094E0009F009F009F009E009E009E009E009E0089
:1094F0009E009E009E009D009D009D009D009D0081
:109500009D009D009D009D009C009C009C009C0077
:109510009C009C009C009C009B009B009B009B006F
:109520009B009B009B009B009A009A009A009A0067
:109530009A009A009A009A0099009900990099005F
:109540009900990099009900980098009800980057
:10955000980098009800980097009700970097004F
:109560009700970097009700960096009600960047
:10957000960096009600960096009500950095003E
:109580009500950095009500950094009400940036
:10959000940094009400940094009300930093002E
:1095A0009300930093009300930092009200920026
:1095B000920092009200920092009100910091001E
:1095C0009100910091009100910090009000900016
:1095D000900090009000900090008F008F008F000E
:1095E0008F008F008F008F008F008E008E008E0006
:1095F0008E008E008E008E008E008D008D008D00FE
:109600008D008D008D008D008D008C008C008C00F5
:109610008C008C008C008C008C008B008B008B00ED
:109620008B008B008B008B008B008A008A008A00E5
:109630008A008A008A008A008A00890089008900DD
:1096400089008900890089008900880088008800D5
:1096500088008800880088008800870087008700CD
:1096600087008700870087008700860086008600C5
:1096700086008600860086008600850085008500BD
:1096800085008500850085008500840084008400B5
:1096900084008400840084008400830083008300AD
:1096A00083008300830083008300820082008200A5
:1096B000820082008200820082008100810081009D
:1096C0008100810081008100810080008000800095
:1096D00080008000800080007F007F007F007F008E
:1096E0007F007F007F007F007E007E007E007E0086
:1096F0007E007E007E007E007D007D007D007D007E
:109700007D007D007D007D007C007C007C007C0075
:109710007C007C007C007C007B007B007B007B006D
:109720007B007B007B007A007A007A007A007A0066
:109730007A007A007A00790079007900790079005E
:109740007900790079007800780078007800780056
:10975000780078007700770077007700770077004F
:109760007700770076007600760076007600760047
:10977000760076007500750075007500750075003F
:109780007500740074007400740074007400740038
:109790007400730073007300730073007300730030
:1097A0007200720072007200720072007200720029
:1097B0007100710071007100710071007100700022
:1097C00070007000700070007000700070006F001A
:1097D0006F006F006F006F006F006F006E006E0013
:1097E0006E006E006E006E006E006E006D006D000B
:1097F0006D006D006D006D006D006C006C006C0004
:109800006C006C006C006C006B006B006B006B00FC
:109810006B006B006B006B006A006A006A006A00F4
:109820006A006A006A0069006900690069006900ED
:1098300069006900680068006800680068006800E6
:1098400068006800670067006700670067006700DE
:1098500067006600660066006600660066006600D7
:1098600065006500650065006500650065006400D1
:1098700064006400640064006400640063006300CA
:1098800063006300630063006300620062006200C3
:1098900062006200620062006100610061006100BC
:1098A00061006100610060006000600060006000B5
:1098B000600060005F005F005F005F005F005F00AE
:1098C0005F005E005E005E005E005E005E005E00A7
:1098D0005D005D005D005D005D005D005D005C00A1
:1098E0005C005C005C005C005C005C005B005B009A
:1098F0005B005B005B005B005B005A005A005A0093
:109900005A005A005A005A0059005900590059008B
:109910005900590059005800580058005800580084
:10992000580057005700570057005700570057007E
:109930005600560056005600560056005600550078
:109940005500550055005500550055005400540071
:10995000540054005400540053005300530053006B
:109960005300530053005200520052005200520064
:10997000520051005100510051005100510051005E
:109980005000500050005000500050004F004F0059
:109990004F004F004F004F004F004E004E004E0052
:1099A0004E004E004E004D004D004D004D004D004C
:1099B0004D004D004C004C004C004C004C004C0045
:1099C0004B004B004B004B004B004B004A004A0041
:1099D0004A004A004A004A004A004900490049003A
:1099E0004900490049004800480048004800480034
:1099F000480047004700470047004700470046002F
:109A00004600460046004600460046004500450028
:109A10004500450045004500440044004400440022
:109A2000440044004300430043004300430043001C
:109A30004200420042004200420042004100410018
:109A40004100410041004100400040004000400012
:109A5000400040003F003F003F003F003F003F000C
:109A60003E003E003E003E003E003E003D003D0008
:109A70003D003D003D003D003C003C003C003C0002
:109A80003C003C003B003B003B003B003B003A00FD
:109A90003A003A003A003A003A00390039003900F9
:109AA00039003900390038003800380038003800F3
:109AB00038003700370037003700370036003600EF
:109AC00036003600360036003500350035003500EA
:109AD00035003500340034003400340034003300E5
:109AE00033003300330033003300320032003200E1
:109AF00032003200310031003100310031003100DC
:109B0000300030003000300030002F002F002F00D8
:109B10002F002F002F002E002E002E002E002E00D2
:109B20002D002D002D002D002D002C002C002C00D0
:109B30002C002C002C002B002B002B002B002B00CA
:109B40002A002A002A002A002A00290029002900C8
:109B500029002900280028002800280028002800C3
:109B600027002700270027002700260026002600C0
:109B700026002600250025002500250025002400BC
:109B800024002400240024002300230023002300B9
:109B900023002200220022002200220021002100B6
:109BA00021002100210020002000200020002000B2
:109BB0001F001F001F001F001F001E001E001E00B0
:109BC0001E001E001D001D001D001D001D001C00AC
:109BD0001C001C001C001C001B001B001B001B00A9
:109BE0001A001A001A001A001A00190019001900A8
:109BF00019001900180018001800180018001700A4
:109C000017001700170016001600160016001600A1
:109C1000150015001500150015001400140014009F
:109C2000140013001300130013001300120012009D
:109C3000120012001100110011001100110010009B
:109C40001000100010000F000F000F000F000F0099
:109C50000E000E000E000E000D000D000D000D0098
:109C60000D000C000C000C000C000B000B000B0096
:109C70000B000A000A000A000A000A000900090095
:109C80000900090008000800080008000700070094
:109C90000700070007000600060006000600050092
:109CA0000500050005000400040004000400030092
:109CB0000300030003000200020002000200010092
:109CC0000100010001000100000000000000000090
:109CD0000000000000000000000000000000000084
:109CE0000000000000000000000000000000000074
:109CF0000000000000000000000000000000000064
:109D00000000000000000000000000000000000053
:109D10000000000000000000000000000000000043
:109D20000000000000000000000000000000000033
:109D30000000000000000000000000000000000023
:109D40000000000000000000000000000000000013
:109D50000000000000000000000000000000000003
:109D600000000000000000000000000000000000F3
:109D700000000000000000000000000000000000E3
:109D800000000000000000000000000000000000D3
:109D900000000000000000000000000000000000C3
:109DA00000000000000000000000000000000000B3
:109DB00000000000000000000000000000000000A3
:109DC0000000000000000000000000000000000093
:109DD0000000000000000000000000000000000083
:109DE0000000000000000000000000000000000073
:109DF0000000000000000000000000000000000063
:109E00000000000000000000000000000000000052
:109E10000000000000000000000000000000000042
:109E20000000000000000000000000000000000032
:109E30000000000000000000000000000000000022
:109E40000000000000000000000000000000000012
:109E50000000000000000000000000000000000002
:109E600000000000000000000000000000000000F2
:109E700000000000000000000000000000000000E2
:109E800000000000000000000000000000000000D2
:109E900000000000000000000000000000000000C2
:109EA00000000000000000000000000000000000B2
:109EB00000000000000000000000000000000000A2
:109EC0000000000000000000000000000000000092
:109ED0000000000000000000000000000000000082
:109EE0000000000000000000000000000000000072
:109EF0000000000000000000000000000000000062
:109F00000000000000000000000000000000000051
:109F10000000000000000000000000000000000041
:109F20000000000000000000000000000000000031
:109F30000000000000000000000000000000000021
:109F40000000000000000000000000000000000011
:109F50000000000000000000000000000000000001
:109F600000000000000000000000000000000000F1
:109F700000000000000000000000000000000000E1
:109F800000000000000000000000000000000000D1
:109F900000000000000000000000000000000000C1
:109FA00000000000000000000000000000000000B1
:109FB00000000000000000000000000000000000A1
:109FC0000000000000000000000000000000000091
:109FD0000000000000000000000000000000000081
:109FE0000000000000000000000000000000000071
:109FF0000000000000000000000000000000000061
:10A000000000000000000000000000000000000050
:10A010000000000000000000000000000000000040
:10A020000000000000000000000000000000000030
:10A030000000000000000000000000000000000020
:10A040000000000000000000000000000000000010
:10A050000000000000000000000000000000000000
:10A0600000000000000000000000000000000000F0
:10A0700000000000000000000000000000000000E0
:10A0800000000000000000000000000000000000D0
:10A0900000000000000000000000000000000000C0
:10A0A00000000000000000000000000000000000B0
:10A0B00000000000000000000000000000000000A0
:10A0C0000000000000000000000000000000000090
:10A0D0000000000000000000000000000000000080
:10A0E0000000000000000000000000000000000070
:10A0F0000000000000000000000000000000000060
:10A10000000000000000000000000000000000004F
:10A11000000000000000000000000000000000003F
:10A12000000000000000000000000000000000002F
:10A13000000000000000000000000000000000001F
:10A14000000000000000000000000000000000000F
:10A1500000000000000000000000000000000000FF
:10A1600000000000000000000000000000000000EF
:10A1700000000000000000000000000000000000DF
:10A1800000000000000000000000000000000000CF
:10A1900000000000000000000000000000000000BF
:10A1A00000000000000000000000000000000000AF
:10A1B000000000000000000000000000000000009F
:10A1C000000000000000000000000000000000008F
:10A1D000000000000000000000000000000000007F
:10A1E000000000000000000000000000000000006F
:10A1F000000000000000000000000000000000005F
:10A20000000000000000000000000000000000004E
:10A21000000000000000000000000000000000003E
:10A22000000000000000000000000000000000002E
:10A23000000000000000000000000000000000001E
:10A24000000000000000000000000000000000000E
:10A2500000000000000000000000000000000000FE
:10A2600000000000000000000000000000000000EE
:10A2700000000000000000000000000000000000DE
:10A2800000000000000000000000000000000000CE
:10A2900000000000000000000000000000000000BE
:10A2A00000000000000000000000000000000000AE
:10A2B000000000000000000000000000000000009E
:10A2C000000000000000000000000000000000008E
:10A2D000000000000000000000000000000000007E
:10A2E000000000000000000000000000000000006E
:10A2F000000000000000000000000000000000005E
:10A30000000000000000000000000000000000004D
:10A31000000000000000000000000000000000003D
:10A32000000000000000000000000000000000002D
:10A33000000000000000000000000000000000001D
:10A34000000000000000000000000000000000000D
:10A3500000000000000000000000000000000000FD
:10A3600000000000000000000000000000000000ED
:10A3700000000000000000000000000000000000DD
:10A3800000000000000000000000000000000000CD
:10A3900000000000000000000000000000000000BD
:10A3A00000000000000000000000000000000000AD
:10A3B000000000000000000000000000000000009D
:10A3C000000000000000000000000000000000008D
:10A3D000000000000000000000000000000000007D
:10A3E000000000000000000000000000000000006D
:10A3F000000000000000000000000000000000005D
:10A40000000000000000000000000000000000004C
:10A41000000000000000000000000000000000003C
:10A42000000000000000000000000000000000002C
:10A43000000000000000000000000000000000001C
:10A44000000000000000000000000000000000000C
:10A4500000000000000000000000000000000000FC
:10A4600000000000000000000000000000000000EC
:10A4700000000000000000000000000000000000DC
:10A4800000000000000000000000000000000000CC
:10A4900000000000000000000000000000000000BC
:10A4A00000000000000000000000000000000000AC
:10A4B000000000000000000000000000000000009C
:10A4C0000000000000000820E01FC01FA01F801F28
:10A4D000601F401F181FF81ED81EB01E901E701E51
:10A4E000481E281E001EE01DB81D981D701D501D21
:10A4F000281D001DE01CB81C901C681C481C201C5A
:10A50000F81BD01BA81B801B581B301B081BE01A14
:10A51000B81A901A681A381A101AE819C01990193E
:10A52000681940191019E818B818901860183818E8
:10A530000818D817B017801750172017F816C81624
:10A540009816681638160816D815A81578154815DF
:10A550001815E014B014801450141814E813B8132C
:10A56000801350131813E812B012801248121812F8
:10A57000E011A811701140110811D010981060104E
:10A580002810F00FB80F800F480F100FD80EA00E34
:10A59000680E300EF80DB80D800D480D080DD00C6A
:10A5A000980C580C200CE00BA80B680B300BF00A31
:10A5B000B80A780A380A000AC00980094809080957
:10A5C000C808880848081008D007900750071007E7
:10A5D000D006900650061006D005900550051005CF
:10A5E000D004900450041004D003900350031003CF
:10A5F000D002880248020802C80188014801080107
:10A60000C000800040000000C0FF80FF40FFF8FE57
:10A61000B8FE78FE38FEF8FDB8FD78FD30FDF0FCA0
:10A62000B0FC70FC30FCF0FBB0FB70FB30FBF0FAD0
:10A63000B0FA70FA30FAF0F9B0F970F930F9F0F8D0
:10A64000B0F870F830F8F0F7B8F778F738F7F8F6B0
:10A65000B8F680F640F600F6C8F588F548F510F52E
:10A66000D0F498F458F420F4E0F3A8F368F330F34E
:10A67000F8F2B8F280F248F208F2D0F198F160F105
:10A6800028F1F0F0B8F080F048F010F0D8EFA0EF2B
:10A6900068EF30EFF8EEC0EE90EE58EE20EEE8ED09
:10A6A000B8ED80ED50ED18EDE8ECB0EC80EC48EC46
:10A6B00018ECE8EBB0EB80EB50EB20EBE8EAB8EA03
:10A6C00088EA58EA28EAF8E9C8E998E968E938E93F
:10A6D00008E9E0E8B0E880E850E828E8F8E7C8E7EB
:10A6E000A0E770E748E718E7F0E6C0E698E670E60E
:10A6F00040E618E6F0E5C8E598E570E548E520E5B0
:10A70000F8E4D0E4A8E480E458E430E408E4E0E3CA
:10A71000B8E398E370E348E320E300E3D8E2B0E273
:10A7200090E268E248E220E200E2D8E1B8E190E19C
:10A7300070E150E128E108E1E8E0C0E0A0E080E05D
:10A7400060E040E020E0F8DFFF7F00800080FF7FD6
:10A75000756A1269FA67E466D065BF64B0636262C5
:10A76000586152600B5F0B5E0B5DCE5BD65A9F59F2
:10A77000AB587C578B5661557554535332524E51DA
:10A7800034501B4F084E2D4D1D4C134B0A4A0249A5
:10A790000048FF46014606450D441943264236410E
:10A7A00018402D3F463E603D503C703B913A8B39FE
:10A7B000B238B137DE36E435163520342F33673200
:10A7C0007C319330AE2FF12E102E332D582C802B50
:10A7D000AB2AD9290A293E287327AC26C725062586
:10A7E00046248B23B222FB2146217720C71FFD1E62
:10A7F000541E901DEB1C2D1C8D1BD51A201A6E1992
:10A80000D7182A188017DA1635169415F6145A1424
:10A81000C1132A13971206127711EB106210DB0F87
:10A82000450FC30E440EB60D3C0DC50C400CCD0BB0
:10A830004E0BE00A660AFE0989092609B7084B088B
:10A84000F00789072507D00671061606BD056705BE
:10A850001D05CC047E043304EA03A40360031E0335
:10A86000E002A4026B0234020002CF01A0017401D5
:10A870004A012301FD00DB00BB009E00800069004F
:10A88000530040003000220016000C0006000200B9
:10A890000100020005000B00150020002E003E0004
:10A8A000510066007D009B00B800D700F9001E0132
:10A8B00045016F019A01C901FA012E0264029D024D
:10A8C000D902170358039A03E0032A047504C3044A
:10A8D00014055C05B2050A066506C40619077C075F
:10A8E000E2073E08AA0818097B09F009570AD10AAD
:10A8F0003E0BBD0B2F0CB40C2C0DA40D330EB10E62
:10A90000310FC80F4F10D8106411F11182121513B6
:10A91000AC134414DF147E151F16C21669171218E3
:10A92000BF185419061ABA1A721B131CD01C751DB5
:10A93000371EE21EAA1F5A202821DC2193226C23F5
:10A940002724E524A6258C2652271B28E728B7298B
:10A95000882A5C2B342C0E2DEA2DCB2E872F6D30C0
:10A96000553141320733F833EB34BB35B4368837D1
:10A9700087386039653A443B233C323D173EFE3E02
:10A98000E93F0541F541E742DD43D444CF45CC469C
:10A99000CB47CF48D449DD4AE84BF74CD04DE54E84
:10A9A000FB4F1651FA5119533B5427554E563F57FA
:10A9B0006E586359975A905BCC5CCB5DCC5E10604F
:10A9C00015611F626D637B648C659E66B367CC689E
:10A9D000040505060203030304030304030304043C
:10A9E0000404040500000202020000000202020248
:10A9F0000303030300000000000000000000000249
:10AA0000000203000203000203040002030400002A
:10AA1000000000000000000016000000140000000C
:10AA20001500000005000000100000000D000000EF
:10AA30000F0000000E000000090000006E6F6E6540
:10AA4000000000000000000000000000FFFFFFFF0A
:10AA5000FFFFFFFF706973746F6C0000004000001F
:10AA600000000000FFFFFFFFFFFFFFFF73686F7430
:10AA7000676E00000040000000000000FFFFFFFFC5
:10AA8000FFFFFFFF7367636F636B00000040000010
:10AA900000000000FFFFFFFFFFFFFFFF647368740B
:10AAA000676E00000040000000000000FFFFFFFF95
:10AAB000FFFFFFFF64626F706E0000000040000047
:10AAC00000000000FFFFFFFFFFFFFFFF6462636CF9
:10AAD000730000000040000000000000FFFFFFFFC7
:10AAE000FFFFFFFF64626C6F6164000000400000C4
:10AAF00000000000FFFFFFFFFFFFFFFF706C6173AE
:10AB00006D6100000040000000000000FFFFFFFF3B
:10AB1000FFFFFFFF626667000000000000400000CA
:10AB200000000000FFFFFFFFFFFFFFFF736177756D
:10AB3000700000000040000000000000FFFFFFFF69
:10AB4000FFFFFFFF73617769646C0000007600000F
:10AB500000000000FFFFFFFFFFFFFFFF736177664C
:10AB6000756C00000040000000000000FFFFFFFFC8
:10AB7000FFFFFFFF73617768697400000040000009
:10AB800000000000FFFFFFFFFFFFFFFF726C617519
:10AB90006E6300000040000000000000FFFFFFFFA8
:10ABA000FFFFFFFF7278706C6F64000000460000CA
:10ABB00000000000FFFFFFFFFFFFFFFF66697273E9
:10ABC000687400000046000000000000FFFFFFFF67
:10ABD000FFFFFFFF66697278706C0000004600009E
:10ABE00000000000FFFFFFFFFFFFFFFF70737461B5
:10ABF000727400000064000000000000FFFFFFFF0F
:10AC0000FFFFFFFF7073746F7000000000640000AE
:10AC100000000000FFFFFFFFFFFFFFFF646F726F88
:10AC2000706E00000064000000000000FFFFFFFFE6
:10AC3000FFFFFFFF646F72636C730000006400002D
:10AC400000000000FFFFFFFFFFFFFFFF73746E6D4A
:10AC50006F7600000077000000000000FFFFFFFF9C
:10AC6000FFFFFFFF73777463686E0000004E000003
:10AC700000000000FFFFFFFFFFFFFFFF737774631B
:10AC800068780000004E000000000000FFFFFFFF9A
:10AC9000FFFFFFFF706C7061696E000000600000D4
:10ACA00000000000FFFFFFFFFFFFFFFF646D70610A
:10ACB000696E00000060000000000000FFFFFFFF61
:10ACC000FFFFFFFF706F7061696E000000600000A1
:10ACD00000000000FFFFFFFFFFFFFFFF76697061CC
:10ACE000696E00000060000000000000FFFFFFFF31
:10ACF000FFFFFFFF6D6E7061696E00000060000075
:10AD000000000000FFFFFFFFFFFFFFFF70657061A5
:10AD1000696E00000060000000000000FFFFFFFF00
:10AD2000FFFFFFFF736C6F7000000000004E00001B
:10AD300000000000FFFFFFFFFFFFFFFF6974656D6C
:10AD400075700000004E000000000000FFFFFFFFD4
:10AD5000FFFFFFFF77706E7570000000004E00006F
:10AD600000000000FFFFFFFFFFFFFFFF6F6F6600A7
:10AD7000000000000060000000000000FFFFFFFF77
:10AD8000FFFFFFFF74656C65707400000020000019
:10AD900000000000FFFFFFFFFFFFFFFF706F736900
:10ADA000743100000062000000000000FFFFFFFFA0
:10ADB000FFFFFFFF706F73697432000000620000D4
:10ADC00000000000FFFFFFFFFFFFFFFF706F7369D0
:10ADD000743300000062000000000000FFFFFFFF6E
:10ADE000FFFFFFFF626773697431000000620000BB
:10ADF00000000000FFFFFFFFFFFFFFFF62677369B6
:10AE0000743200000062000000000000FFFFFFFF3E
:10AE1000FFFFFFFF73677473697400000062000036
:10AE200000000000FFFFFFFFFFFFFFFF6361637390
:10AE3000697400000062000000000000FFFFFFFFD7
:10AE4000FFFFFFFF6272737369740000005E000011
:10AE500000000000FFFFFFFFFFFFFFFF6379627349
:10AE600069740000005C000000000000FFFFFFFFAD
:10AE7000FFFFFFFF7370697369740000005A0000E0
:10AE800000000000FFFFFFFFFFFFFFFF6273707312
:10AE900069740000005A000000000000FFFFFFFF7F
:10AEA000FFFFFFFF6B6E747369740000005A0000AF
:10AEB00000000000FFFFFFFFFFFFFFFF76696C73DC
:10AEC00069740000005A000000000000FFFFFFFF4F
:10AED000FFFFFFFF6D616E7369740000005A000090
:10AEE00000000000FFFFFFFFFFFFFFFF70657369B9
:10AEF00074000000005A000000000000FFFFFFFF88
:10AF0000FFFFFFFF736B6C61746B00000046000075
:10AF100000000000FFFFFFFFFFFFFFFF736774618A
:10AF2000746B00000046000000000000FFFFFFFF00
:10AF3000FFFFFFFF736B6570636800000046000051
:10AF400000000000FFFFFFFFFFFFFFFF76696C615D
:10AF5000746B00000046000000000000FFFFFFFFD0
:10AF6000FFFFFFFF636C61770000000000460000F8
:10AF700000000000FFFFFFFFFFFFFFFF736B657323
:10AF8000776700000046000000000000FFFFFFFFA1
:10AF9000FFFFFFFF706C6465746800000020000014
:10AFA00000000000FFFFFFFFFFFFFFFF7064696507
:10AFB000686900000020000000000000FFFFFFFFA4
:10AFC000FFFFFFFF706F64746831000000460000EF
:10AFD00000000000FFFFFFFFFFFFFFFF706F6474C2
:10AFE000683200000046000000000000FFFFFFFF85
:10AFF000FFFFFFFF706F64746833000000460000BD
:10B0000000000000FFFFFFFFFFFFFFFF62676474A7
:10B01000683100000046000000000000FFFFFFFF55
:10B02000FFFFFFFF626764746832000000460000A3
:10B0300000000000FFFFFFFFFFFFFFFF7367746466
:10B04000746800000046000000000000FFFFFFFFE2
:10B05000FFFFFFFF63616364746800000046000047
:10B0600000000000FFFFFFFFFFFFFFFF736B6C643A
:10B07000746800000046000000000000FFFFFFFFB2
:10B08000FFFFFFFF6272736474680000002000001D
:10B0900000000000FFFFFFFFFFFFFFFF6379626416
:10B0A000746800000020000000000000FFFFFFFFA8
:10B0B000FFFFFFFF737069647468000000200000E8
:10B0C00000000000FFFFFFFFFFFFFFFF62737064DF
:10B0D000746800000020000000000000FFFFFFFF78
:10B0E000FFFFFFFF76696C647468000000200000B9
:10B0F00000000000FFFFFFFFFFFFFFFF6B6E7464A7
:10B10000746800000020000000000000FFFFFFFF47
:10B11000FFFFFFFF706564746800000000200000FE
:10B1200000000000FFFFFFFFFFFFFFFF736B656480
:10B13000746800000020000000000000FFFFFFFF17
:10B14000FFFFFFFF706F7361637400000078000001
:10B1500000000000FFFFFFFFFFFFFFFF626761636A
:10B16000740000000078000000000000FFFFFFFFF7
:10B17000FFFFFFFF646D6163740000000078000052
:10B1800000000000FFFFFFFFFFFFFFFF6273706121
:10B19000637400000064000000000000FFFFFFFF78
:10B1A000FFFFFFFF627370776C6B000000640000AC
:10B1B00000000000FFFFFFFFFFFFFFFF76696C61EB
:10B1C000637400000064000000000000FFFFFFFF48
:10B1D000FFFFFFFF6E6F776179000000004E0000F7
:10B1E00000000000FFFFFFFFFFFFFFFF62617265CD
:10B1F00078700000003C000000000000FFFFFFFF2F
:10B20000FFFFFFFF70756E636800000000400000E4
:10B2100000000000FFFFFFFFFFFFFFFF686F6F668A
:10B22000000000000046000000000000FFFFFFFFDC
:10B23000FFFFFFFF6D6574616C00000000460000B9
:10B2400000000000FFFFFFFFFFFFFFFF636867755F
:10B250006E0000000040000054AA03109600000099
:10B260000000000074696E6B00000000003C0000EC
:10B2700000000000FFFFFFFFFFFFFFFF62646F7031
:10B280006E0000000064000000000000FFFFFFFFF0
:10B29000FFFFFFFF6264636C730000000064000046
:10B2A00000000000FFFFFFFFFFFFFFFF69746D62FA
:10B2B0006B0000000064000000000000FFFFFFFFC3
:10B2C000FFFFFFFF666C616D65000000002000005D
:10B2D00000000000FFFFFFFFFFFFFFFF666C616DD6
:10B2E000737400000020000000000000FFFFFFFF5B
:10B2F000FFFFFFFF676574706F770000003C000080
:10B3000000000000FFFFFFFFFFFFFFFF626F737091
:10B31000697400000046000000000000FFFFFFFF0E
:10B32000FFFFFFFF626F736375620000004600005D
:10B3300000000000FFFFFFFFFFFFFFFF626F73735E
:10B34000697400000046000000000000FFFFFFFFDE
:10B35000FFFFFFFF626F73706E0000000046000089
:10B3600000000000FFFFFFFFFFFFFFFF626F73643D
:10B37000746800000046000000000000FFFFFFFFAF
:10B38000FFFFFFFF6D616E61746B000000460000FF
:10B3900000000000FFFFFFFFFFFFFFFF6D616E6415
:10B3A000746800000046000000000000FFFFFFFF7F
:10B3B000FFFFFFFF73737369740000000046000015
:10B3C00000000000FFFFFFFFFFFFFFFF73736474C7
:10B3D000680000000046000000000000FFFFFFFFC3
:10B3E000FFFFFFFF6B65656E706E0000004600009A
:10B3F00000000000FFFFFFFFFFFFFFFF6B65656EB2
:10B40000647400000046000000000000FFFFFFFF22
:10B41000FFFFFFFF736B656163740000004600006F
:10B4200000000000FFFFFFFFFFFFFFFF736B65736E
:10B43000697400000046000000000000FFFFFFFFED
:10B44000FFFFFFFF736B6561746B00000046000037
:10B4500000000000FFFFFFFFFFFFFFFF7261646954
:10B460006F000000003C000000000000FFFFFFFF35
:10B47000FFFFFFFF000000000000000000000000D0
:10B480000000000000000000000000003C2200203E
:10B490008821002010210020000000000A09060079
:10B4A000B900A40094008F0045007A00D100660026
:10B4B00074005900A60037004700380087001D00BF
:10B4C00047001800FE00190061003200BC00400077
:10B4D00080004E00D6005C0085008200D00088000D
:10B4E00094008C00EB009E009C00A80030009A00A5
:10B4F000AE005F0009014B00820030001701170009
:10B50000C60030008C0019001901880000000000FE
:10B51000000000000000000000000000000000002B
:10B52000000000000000000000000000000000001B
:10B530000E0052500000000200000000706C02106B
:10B540000D00525012000000000000006970697088
:10B550006970697069706970697069706970697023
:10B560006970697069706970697069705107697094
:10B570006970697069706970697069706970697003
:10B5800069706970697069706970697069706970F3
:10B5900069706970697069706970697069706970E3
:10B5A00069706970697069705107510769706970D5
:10B5B00069706970697069706970697069706970C3
:10B5C00069706970697069706970697069706970B3
:10B5D00069706970697069706970697069706970A3
:10B5E0006970697051075107510769706970697016
:10B5F0006970697069706970697069706970697083
:10B600006970697069706970697069706970697072
:10B610006970697069706970697069706970697062
:10B620005107510751075107697069706970697056
:10B630006970697069706970697069706970697042
:10B640006970697069706970697069706970697032
:10B650006970697069706970697069705107510724
:10B660005107510751076970697069706970697095
:10B670006970697069706970697069706970697002
:10B680006970510751075107510751075107510779
:10B6900051075107510751075107510751075107EA
:10B6A00051075107697069706970697069706970D4
:10B6B0006970697069706970697069706970510743
:10B6C00051075107510751075107510751075107BA
:10B6D00051075107510751075107510751075107AA
:10B6E0005107697069706970697069706970697013
:10B6F0006970697069706970697051075107510705
:10B700005107510751075107510751075107510779
:10B7100051075107510751075107510751076970E8
:10B720006970697069706970697069706970697051
:10B7300069706970697051075107510751075107C6
:10B740005107510751075107510751075107510739
:10B750005107510751075107697069706970697025
:10B760006970697069706970697069706970697011
:10B770006970697069706970697069706970697001
:10B7800069706970697069705107510751075107F5
:10B790005107697069706970697069706970697062
:10B7A00069706970697069706970697069706970D1
:10B7B00069706970697069706970697069706970C1
:10B7C00069706970510751075107510769706970B5
:10B7D00069706970697069706970697069706970A1
:10B7E0006970697069706970697069706970697091
:10B7F0006970697069706970697069706970697081
:10B8000051075107510769706970697069706970F3
:10B810006970697069706970697069706970697060
:10B820006970697069706970697069706970697050
:10B830006970697069706970697069705107510742
:10B840006970697069706970697069706970697030
:10B850006970697069706970697069706970697020
:10B860006970697069706970697069706970697010
:10B870006970697069706970510769706970697081
:10B8800069706970697069706970697069706970F0
:10B8900069706970602960296029602960296029C0
:10B8A0006029602960296029602960296029602950
:10B8B0006029602960296029602960296029602940
:10B8C0006029602960296029602960296029602930
:10B8D0006029602960296029602960296029602920
:10B8E0006029602960296029602960296029602910
:10B8F0006029602960296029602960296029602900
:10B900006029602960296029602960291EC11EC143
:10B910001EC11EC11EC11EC1602960291EC11EC1DB
:10B920006029602960291EC11EC1602960291EC1CD
:10B930001EC11EC11EC1602960291EC11EC1602911
:10B94000602960291EC11EC11EC11EC11EC11EC1AB
:10B950001EC11EC11EC160291EC11EC160296029F1
:10B9600060291EC11EC160291EC11EC11EC11EC18B
:10B970001EC11EC160291EC11EC160296029602927
:10B980001EC11EC11EC11EC16029602960291EC1C1
:10B990001EC160291EC11EC16029602960291EC107
:10B9A0001EC160291EC11EC1602960291EC11EC1A1
:10B9B00060291EC11EC16029602960291EC11EC1E7
:10B9C0001EC11EC11EC11EC11EC11EC11EC16029D5
:10B9D0001EC11EC16029602960291EC11EC16029C7
:10B9E0001EC11EC11EC160296029602960291EC1B7
:10B9F0001EC16029602960291EC11EC11EC11EC151
:10BA00001EC11EC11EC11EC1602960291EC11EC1EA
:10BA10006029602960291EC11EC1602960291EC1DC
:10BA20001EC11EC11EC1602960291EC11EC11EC1CA
:10BA30001EC11EC11EC11EC11EC11EC160296029BA
:10BA400060296029602960291EC11EC16029602902
:10BA500060291EC11EC160296029602960291EC19C
:10BA60001EC11EC160291EC11EC11EC11EC11EC134
:10BA70001EC11EC11EC11EC1602960296029602926
:10BA8000602960291EC11EC16029602960291EC16C
:10BA90001EC1602960296029602960291EC11EC15C
:10BAA00060291EC11EC16029602960291EC11EC1F6
:10BAB0001EC11EC160296029602960296029602992
:10BAC0001EC11EC11EC160291EC11EC11EC160292A
:10BAD0001EC11EC160291EC11EC11EC160291EC11A
:10BAE0001EC16029602960291EC11EC11EC11EC160
:10BAF00060296029602960296029602960291EC1A8
:10BB00001EC11EC11EC11EC1602960291EC11EC1E9
:10BB10001EC11EC11EC1602960291EC11EC160292F
:10BB2000602960291EC11EC11EC11EC16029602975
:10BB30006029602960296029602960291EC11EC111
:10BB40001EC160296029602960291EC11EC11EC155
:10BB50006029602960291EC11EC1602960296029F1
:10BB60001EC11EC1602960296029602960296029E1
:10BB7000602960296029602960296029602960297D
:10BB8000602960296029602960296029602960296D
:10BB9000602960296029602960296029602960295D
:10BBA000602960296029602960296029602960294D
:10BBB000602960296029602960296029602960293D
:10BBC000602960296029602960296029602960292D
:10BBD0006029602960296029602960297122712209
:10BBE00071227122712271227122712271227122BD
:10BBF0007122712271220FF1712271227122712240
:10BC0000712271227122712271227122712271229C
:10BC1000712271227122712271227122712271228C
:10BC2000712271227122712271227122712271227C
:10BC30000FF10FF171227122712271227122712292
:10BC4000712271227122712271227122712271225C
:10BC5000712271227122712271227122712271224C
:10BC6000712271227122712271220FF10FF10FF1F5
:10BC7000712271227122712271227122712271222C
:10BC8000712271227122712271227122712271221C
:10BC9000712271227122712271227122712271220C
:10BCA000712271220FF10FF10FF10FF17122712248
:10BCB00071227122712271227122712271227122EC
:10BCC00071227122712271227122712271227122DC
:10BCD00071227122712271227122712271220FF15F
:10BCE0000FF10FF10FF10FF1712271227122712208
:10BCF00071227122712271227122712271227122AC
:10BD0000712271227122712271227122712271229B
:10BD100071227122712271220FF10FF10FF10FF1D7
:10BD20000FF10FF10FF10FF10FF10FF10FF10FF113
:10BD30000FF10FF10FF10FF10FF17122712271224A
:10BD4000712271227122712271227122712271225B
:10BD500071220FF10FF10FF10FF10FF10FF10FF150
:10BD60000FF10FF10FF10FF10FF10FF10FF10FF1D3
:10BD70000FF10FF10FF171227122712271227122E4
:10BD800071227122712271227122712271220FF1AE
:10BD90000FF10FF10FF10FF10FF10FF10FF10FF1A3
:10BDA0000FF10FF10FF10FF10FF10FF10FF10FF193
:10BDB0000FF171227122712271227122712271227E
:10BDC0007122712271227122712271220FF10FF101
:10BDD0000FF10FF10FF10FF10FF10FF10FF10FF163
:10BDE0000FF10FF10FF10FF10FF10FF10FF17122C0
:10BDF00071227122712271227122712271227122AB
:10BE0000712271227122712271220FF10FF10FF153
:10BE10000FF10FF1712271227122712271227122B0
:10BE2000712271227122712271227122712271227A
:10BE3000712271227122712271227122712271226A
:10BE400071227122712271220FF10FF10FF10FF1A6
:10BE5000712271227122712271227122712271224A
:10BE6000712271227122712271227122712271223A
:10BE7000712271227122712271227122712271222A
:10BE80007122712271220FF10FF10FF171227122D3
:10BE9000712271227122712271227122712271220A
:10BEA00071227122712271227122712271227122FA
:10BEB00071227122712271227122712271227122EA
:10BEC000712271220FF10FF1712271227122712200
:10BED00071227122712271227122712271227122CA
:10BEE00071227122712271227122712271227122BA
:10BEF00071227122712271227122712271227122AA
:10BF000071220FF17122712271227122712271222C
:10BF10007122712271227122712271227122712289
:10BF2000712271222CBF031004FF00002163231231
:10BF3000001242A23CBF0310180000000F000E00C8
:10BF400015000F0015000F000F000E000E000F006F
:10BF50000F0015000F0015008F00C2A00080C26006
:10BF60000240E6A0A6A04AA097004AA0746C021066
:10BF7000183002107A6C0210030000000300000069
:10BF800003000000030000000300000003000000A5
:10BF90000300000003000000020000000200000097
:10BFA000020000000200000001000000010000008B
:10BFB000000000004001C0FE4001C0FE4001400101
:10BFC000C0FE40014001C0FE400140014001C0FEF2
:10BFD000400140014001C0FEC0FEC0FEC0FE400165
:10BFE000C0FEC0FE4001400140014001C0FE4001D2
:10BFF000C0FE40014001C0FEC0FE40014001C0FE45
:10C00000C0FEC0FEC0FE4001400140014001C0FE34
:10C0100040014001C0FE40010600525053B4F4A15B
:10C020007F6C0210002020202020202020202828A3
:10C0300028282820202020202020202020202020E8
:10C040002020202020881010101010101010101028
:10C050001010101010040404040404040404041058
:10C0600010101010101041414141414101010101E6
:10C0700001010101010101010101010101010101B0
:10C0800010101010101042424242424202020202BC
:10C090000202020202020202020202020202020280
:10C0A0001010101020000000000000000000000030
:10C0B0000000000000000000000000000000000080
:10C0C0000000000000000000000000000000000070
:10C0D0000000000000000000000000000000000060
:10C0E0000000000000000000000000000000000050
:10C0F0000000000000000000000000000000000040
:10C10000000000000000000000000000000000002F
:10C11000000000000000000000000000000000001F
:08C12000000000000000000017
:08C12800B062FE7F010000007F
:10C130002C21031070270310AE2703109E28031034
:10C1400092280310AA280310B6280310C22803104F
:10C15000CE280310DA280310E6280310F228031073
:10C1600040B5031030B5031018C003101829031090
:08C170000C2903100029031043
:10C178002DE9F04705880C466D08082D28BF0825CD
:10C1880081464FF480720021204601F071FB25B3EF
:10C1980001270026BA46DFF848E0A9F1020939F874
:10C1A8002730B34214DDC7F108080AFA08FCF8B2D0
:10C1B800002306FA08F141EA03021EF802200133BF
:10C1C8006345A054F7D139F827300136B342EFDC84
:10C1D8000137BD424FEA4606E1DA2846BDE8F08756
:10C1E8004C2802102DE9F04F047A83B0032C8646C0
:10C1F80001914068194600F2CE80DEF80020231D28
:10C20800551CCEF800501678DBB2A6400643370915
:10C2180006F00F06043BDCB207F00F033F09CEF827
:10C2280004709F1B0025B7FA87F72A468EF8084046
:10C23800C7F12007A4B1013CDEF80400E4B24FEADC
:10C248005008C0078EF80840CEF8048011D4F82DA5
:10C2580000F09B809EF808400835EDB2002CEAD12A
:10C26800DEF80000072400F10108CEF8008000780D
:10C27800E5E74FF000080CB304F1FF3CDEF80400DA
:10C288005FFA8CFC4408C0078EF808C0CEF804405A
:10C298000BD5B3421BD11C4601EB420C45EA0809F9
:10C2A80001F812908CF80140013208F10108B8F148
:10C2B800080FCCD09EF80840002CDDD1DEF80040F5
:10C2C8004FF0070C601CCEF800002078DAE76745CD
:10C2D8004BDDDEF8000000F1010ACEF800A090F86E
:10C2E80000A00AFA0CFA44EA0A040CF1080A5FFAF8
:10C2F8008AFA5745CEF804408EF808A043DD00F1CD
:10C30800020BCEF800B090F801B00BFA0AFA44EA32
:10C318000A040CF1100A5FFA8AFA5745CEF804406D
:10C328008EF808A02FDD00F1030BCEF800B090F8CE
:10C3380002B00BFA0AFA44EA0A040CF1180A5FFA86
:10C348008AFA5745CEF804408EF808A01BDD00F1A4
:10C35800040BCEF800B090F803900CF1200C09FA09
:10C368000AF95FFA8CFC44EA090424FA07F000FA97
:10C3780007FAACEB070C8AEA04048EF808C0CEF87A
:10C388000400344488E7D446EFE7019803B0BDE8D9
:10C39800F04F01F069BA231FDBB20709032B8EF8AF
:10C3A8000830CEF8047000F00F063FF633AFDEF821
:10C3B8000020551CCEF80050127802FA03F31F43F0
:10C3C8002AE700BF2DE9F04F85B003911946037A9B
:10C3D8004768032B00F2348104681A1D651C056048
:10C3E80094F800E0D2B20EFA03FE4EEA070E4FEAC6
:10C3F8001E160EF00F0E043AD3B2002506F00F02F7
:10C408000192A2EB0E02B2FA82F70292AA462A46DB
:10C41800360903724660C7F12007002B00F08580BB
:10C428004468013B6608DBB2E4070372466000F12A
:10C4380087800135202DF0D1029E4FF0010B013687
:10C44800B6FA86F6C6F120060BFA06F8002708F1B8
:10C45800FF385FFA86F900E0037A9E42446846DDB9
:10C46800056803F1080C05F1010AC0F800A095F869
:10C4780000A05FFA8CFC0AFA03FA44EA0A0466454B
:10C4880080F808C0446040F3D98005F1020AC0F87A
:10C4980000A095F801A00AFA0CFA03F1100C5FFA53
:10C4A8008CFC44EA0A046645446080F808C040F3FE
:10C4B800C58005F1030AC0F800A095F802A00AFAA1
:10C4C8000CFA03F1180C5FFA8CFC44EA0A0466457E
:10C4D800446080F808C040F3B18005F1040AC0F850
:10C4E80000A0ED78203305FA0CF5DBB22C43A3EB62
:10C4F8000903037224FA06F34360B3406340984586
:10C5080008D002EB42040F5573440C44A37084F81E
:10C5180001B001320137FFB2072F9DD1019B03986B
:10C5280005B0BDE8F04F01F09BB907230468661C0D
:10C538000660247803726608E40746607FF579AFE1
:10C548004FEAC5094FF0000C5FFA89F9FBB1013BCE
:10C558004668DBB27408F607037244600FD5019E83
:10C5680076451AD1334602EB42068C1949EA0C0883
:10C5780001F80680A37084F801A0037A01320CF157
:10C58800010CBCF1080F3FF454AF002BDFD1046855
:10C598000723661C06602678DCE79F4243DD0668B1
:10C5A80003F1080806F1010BC0F800B096F800B0D6
:10C5B8005FFA88F80BFA03FB44EA0B04474580F856
:10C5C8000880446038DD06F1020BC0F800B096F828
:10C5D80001B00BFA08FB03F110085FFA88F844EA87
:10C5E8000B044745446080F8088025DD06F1030BFD
:10C5F800C0F800B096F802B00BFA08FB03F118086F
:10C608005FFA88F844EA0B044745446080F80880DC
:10C6180012DD06F1040BC0F800B0F678203306FAF4
:10C6280008F6DBB23443DB1B037224FA07F34360DA
:10C63800BB406340734496E74346F4E7634656E7D6
:10C648001A1FD2B23E09032A0272466007F00F0E83
:10C658003FF6D1AE0468651C0560247804FA02F23E
:10C668001643CAE610B50F4800F0E1F80E4B0F4C20
:10C678001B780F48237000780E4B0F491870097803
:10C688000E4B0F4A197012680E4B0F481A6000F0D3
:10C6980036F92378022B00D110BDBDE8104001F017
:10C6A800CBB800BF986E03200DCD0320BCC3032078
:10C6B8000BCD0320BAC303200CCD0320BBC303203A
:10C6C800706A03204C73032004BD012030B50A446E
:10C6D80094461D4D04C92A602A642A6A925A6B6AD4
:10C6E800DB5A1B0413432A6E925A6C6E245B240493
:10C6F800144318C06145EDD130BD70B50A44944665
:10C70800114D40C92E602E642A6A925A6B6ADB5A10
:10C718001B0413432A6E925A6C6E245B2404144340
:10C7280018C0360C2E602E642A6A925A6B6ADB5A3D
:10C738001B0413432A6E925A6C6E245B2404144320
:10C7480018C06145DDD170BD800000D0044B054A9A
:10C75800043853F8041B934240F8041FF9D170477A
:10C7680000000E4000010E400130004700232DE973
:10C77800F047DB8AC0B081468A46002242E800F2D0
:10C78800550254BF1021042144F249609847002300
:10C798008046DB8A002242E800F2540254BF10218E
:10C7A800042145F64500984700230746DB8A002206
:10C7B80042E800F2500254BF1021042145F2520011
:10C7C800984700230546DB8A002242E800F251021E
:10C7D80054BF1021042144F24630984700230446F0
:10C7E800DB8A002242E800F2520254BF10210421E1
:10C7F80044F25250984706466846FFF7A7FFC047DD
:10C80800B847D82348464FF480324FF48051B04798
:10C8180048464FF480525146A847A047684640B062
:10C82800BDE8F047FFF7A0BF808800B2704710B599
:10C8380000240168EFF3108272B60B68002BFCD05D
:10C84800BFF35F8FB0F904300168002B08DD013BAE
:10C858008380BFF35F8F00230B6082F3108810BDC5
:10C86800BFF35F8F0C6082F3108820BFE1E72DE9EA
:10C87800F041044617461E464FF000082168EFF3C2
:10C88800108372B60A68002AFCD0BFF35F8FB4F930
:10C8980004502268002D0ADD013DA580BFF35F8F9B
:10C8A8000021116083F310880120BDE8F081BFF3F7
:10C8B8005F8FC2F8008083F310883846314600F055
:10C8C800DBFF0028DAD00020EFE770B50C460546FC
:10C8D80000F0B6FF02460B464FF47A714FF0FF3076
:10C8E800E4FB01236FF00041904271EB03043CBF6D
:10C8F80002460B462846BDE87040FFF7B8BF0168FE
:10C90800EFF3108272B60B68002BFCD0BFF35F8F79
:10C91800B0F90610B0F90430994201680ADD013314
:10C928008380BFF35F8F00230B6082F3108840BFC2
:10C9380001207047BFF35F8F0020086082F31088E2
:10C948007047034610B50068EFF3108472B60268AA
:10C95800002AFCD0BFF35F8F93F90420002A0CDA79
:10C968004FF05042012012681A711B68BFF35F8FA5
:10C9780000221A6084F3108810BD09B90020F4E77A
:10C988000A60FBE72DE9F0411D464FF0504304468D
:10C9980016460027D3F800802168EFF3108372B69B
:10C9A8000A68002AFCD0BFF35F8F94F90420002A9C
:10C9B800226809DA84F80480BFF35F8F176083F375
:10C9C80010880120BDE8F081BFF35F8F176083F303
:10C9D80010883046294600F04FFF0028DCD00020A0
:10C9E800F0E773B501A9044616461D46FFF7A9FFEF
:10C9F80078B94FF050439DF9042093F900309A42DA
:10CA080007D032462B46204602B0BDE87040FFF7FB
:10CA1800B9BF02B070BD0168EFF3108372B60A683F
:10CA2800002AFCD0BFF35F8FFF2202710268BFF3B8
:10CA38005F8F0021116083F3108840BF70470000AA
:10CA48002DE9F843814B1A6BD20740F13581012259
:10CA58007F4CE1681A63EFF3108672B60B68002BFF
:10CA6800FCD0BFF35F8F2269002A00F0B182E3682F
:10CA7800BFF35F8F00251D6086F310881168A369D6
:10CA8800994200F0D982734A9146616BEFF3108E98
:10CA980072B60B68002BFCD0BFF35F8F94F83D6033
:10CAA800002E00F04C824FF0A043D3F80C14A66B74
:10CAB800CF0794F83C80606B0ED50127BE42C3F8BF
:10CAC8000C7402D840E2C3F80C74D3F80C14C907EC
:10CAD800F9D446F00106A6634646B8F1000F40F0C7
:10CAE80073824FF0A0410123C1F86434D1F8643453
:10CAF80013F00103FAD10127C1F80C74BFF35F8F5B
:10CB080003608EF31088514B5968CF010AD44FF057
:10CB1800004046F260075049C1F8D000C1F8D00083
:10CB2800C3F8D87042F2C401484BD3F8D800884201
:10CB38000DD0C3F8D810D3F8CC70206C002F00F1BA
:10CB48000101C0F26F8201F01F01C3F8D8104FF045
:10CB5800A043118950681860D961E168EFF3108823
:10CB680072B60B68002BFCD0BFF35F8F00203B4FE1
:10CB7800A38B398A84F820000B44E18B9BB28B424B
:10CB8800A383C0F0B7815B1AA069A3837B89B2EB4A
:10CB9800090903F1FF3382B218BF4FF001099A4225
:10CBA80028BF00F580302E4B34BF0130801A1B6837
:10CBB800A061984700232361FB8913FB00F3E383FB
:10CBC800626B1368002BFCD0BFF35F8F012384F8DE
:10CBD8003D30B9F1000F04D094F83C30013384F8AB
:10CBE8003C30626BBFF35F8F00231360E268BFF3D2
:10CBF8005F8F136088F31088002E00F06C81226824
:10CC0800EFF3108E72B61368002BFCD0BFF35F8F62
:10CC18004FF0000C626867466146701E9AB19669CB
:10CC2800002E00F054810127136995612BB1116121
:10CC38009A611A461B69002BF9D1013812D315469F
:10CC48003246002AEBD11646EEE700BF000020501E
:10CC58001871032020B001200010205038730320E1
:10CC680040B00120BCF1000F01D00023A36007B140
:10CC780066602368BFF35F8F002119608EF3108808
:10CC8800E16AEFF3108072B60B68002BFCD0BFF39B
:10CC98005F8F134619469B69002BFBD1256B8D616D
:10CCA800E16A2263BFF35F8F0B6080F3108840BF97
:10CCB8008B4B1B6803B198478A4B1A6B90073ED57C
:10CCC8000321894C626B1963EFF3108672B61368FF
:10CCD800002BFCD0BFF35F8F94F83D708FB34FF0FB
:10CCE800A043D3F80C24A06BD10794F83C70D4F877
:10CCF80034C00ED501218842C3F80C1402D8E2E0F2
:10CD0800C3F80C14D3F80C24D207F9D440F001006E
:10CD1800A06317B10023A363A3874FF0A0420123A8
:10CD2800C2F86434D2F8643413F00103FAD1012153
:10CD3800C2F80C14BFF35F8FCCF8003005E0BDE8F3
:10CD4800F883636BBFF35F8F1F6086F31088E26818
:10CD5800EFF3108872B61368002BFCD0BFF35F8F17
:10CD680094F82030002B40F09B800121A383A36915
:10CD780084F820109AB242B15C4A6FF30F0303F5AE
:10CD88008030A06113689847E083012623693BB18E
:10CD98001A68A3699B1A002B22DD0023013723613F
:10CDA800606AF0B100221146D4F818C00368ACEBF1
:10CDB8000305002D40F3CD80856903696562002D68
:10CDC80041D0826102464BB1024611619A611A460E
:10CDD8001B69002BF9D1002D00F0E4802846E5E717
:10CDE8000020E368BFF35F8F00221A6088F3108881
:10CDF800002F2DD02268EFF3108872B61368002B2D
:10CE0800FCD0BFF35F8F4FF0000E6268F4467146A6
:10CE18007D1E92B1976997B14FF0010C136990612B
:10CE28002BB111619A611A461B69002BF9D1013D9A
:10CE380038D310463A46002AECD11746EEE74FF0B1
:10CE4800010EF446EAE7A5628261002BBCD1C8E76F
:10CE580038B9002E3FF473AFBDE8F8432448FFF714
:10CE68004EBD0246E16AEFF3108072B60B68002BE4
:10CE7800FCD0BFF35F8F134619469B69002BFBD18B
:10CE8800256B8D612263E26ABFF35F8F136080F3C5
:10CE9800108840BF124B1B68002BDAD09847D8E7A0
:10CEA800002673E7BEF1000F01D00023A360BCF198
:10CEB800000F00D067602368BFF35F8F00211960FF
:10CEC80088F31088CEE70023A363A38732E74FF0E7
:10CED800010C6746A8E6002D3FF4EEAE2A46CFE6E1
:10CEE8003CB00120000020501871032040B0012000
:10CEF8002C7303204A4557D0137D002B55D0013B96
:10CF0800DBB21375002B50D121680B68002BFCD0C5
:10CF1800BFF35F8F0021136911611168196091696E
:10CF28009961A16893618A4208BFA3602268BFF330
:10CF38005F8F00214FF001091160236140E6636BA8
:10CF4800BFF35F8F1E60DCE500234646A363A3871B
:10CF5800D4E59C4526D183696362002B00F0B48038
:10CF68000023836121680B68002BFCD0BFF35F8F1F
:10CF78006368002B00F09B8005681968691A00290E
:10CF880040F39680D4F808C0DCF80010691A00292C
:10CF980012DDCCF81800A0602368BFF35F8F002172
:10CFA8001960206110461CE720614FF0000907E670
:10CFB8001968691A002903DD9C469B69002BF7D183
:10CFC8008361CCF81800E7E70023A363A38788E50B
:10CFD800656ABDB11146A7692B68F81A00282EDDCD
:10CFE800A8692B696062C0B1AA612A463BB12A468A
:10CFF80011619A611A461B69002BF9D108B10546DF
:10D00800EAE71546E368BFF35F8F00221A6086F3EC
:10D018001088DFF8C4904A4637E5A062AA61002B61
:10D02800E5D1EFE7D3F8D4708F423FF490AD00F02C
:10D038001F00C3F8D8008AE5DFF89C9025E59F42D9
:10D0480039D1AB696362002B44D00023AB612168FE
:10D058000B68002BFCD0BFF35F8F6368002B35D0C3
:10D0680028681968411A002931DDA7683968411A0A
:10D07800002915DDBD61A5602168BFF35F8F00231E
:10D088000B60E1682561BFF35F8F0B6086F3108842
:10D0980013462A461D46F1E41968411A002903DDA2
:10D0A8001F469B69002BF7D1AB61BD61E4E7A06027
:10D0B8008361606070E7E368BFF35F8F00211960E8
:10D0C80086F310881546DEE4A3624BE7A560AB61E2
:10D0D8006560D1E7A362BAE720B0012070B42048A8
:10D0E800204C214D266BA38E08E055F823101FFA1B
:10D0F8008CF33143032BC161A38607D8426803F13F
:10D10800010C12F40022F0D070BC7047A36B2168A8
:10D1180001338B42A286A363E4DB6668B34209DB72
:10D12800236AA2636B60636AA26AAB60A369EA6060
:10D138002B60D7E7E2689342D4DC8B4207D0A16822
:10D148008B420BD09342CDD163692363CAE7236A2C
:10D15800E26A6B60636AAB60E369E8E72369F4E756
:10D16800000020506C72032060BD01207F48F0B59C
:10D17800426BEFF3108472B61368002BFCD0BFF338
:10D188005F8F90F83D60EEB1D0E90D754FF0A04388
:10D19800D3F80C24D1070ED501218D42C3F80C1405
:10D1A80002D884E0C3F80C14D3F80C24D207F9D4BD
:10D1B80045F001058563BFF35F8F00233B6084F36F
:10D1C8001088F0BD426BBFF35F8F166084F3108840
:10D1D800C268EFF3108C72B61368002BFCD0BFF353
:10D1E8005F8F0269002A6BD00024C368BFF35F8F8A
:10D1F80000221A608CF310881EB9002CE1D0224658
:10D2080036E00268EFF3108772B61368002BFCD083
:10D21800BFF35F8F06F1FF3C00264268B6463146F1
:10D228009AB195699DB14FF0010E136994612BB1C4
:10D2380011619A611A461B69002BF9D1BCF1010CE6
:10D2480008D314462A46002AEBD11546EDE70126F5
:10D25800B646EAE70EB100238360BEF1000F00D0A6
:10D2680045600368BFF35F8F0021196087F310885A
:10D27800C16AEFF3108472B60B68002BFCD0BFF3C1
:10D288005F8F134619469B69002BFBD1056B8D6197
:10D29800C16A0263BFF35F8F0B6084F3108840BFDD
:10D2A800334B1B68002B8CD0BDE8F0401847002397
:10D2B80090F83C6083638387BFF35F8F3B6085E7AB
:10D2C800446A002C91D0114687692368FD1A002D05
:10D2D80011DDA56923694562002D30D0A26122467F
:10D2E8003BB1224611619A611A461B69002BF9D19C
:10D2F8001DB32C46E9E79F421FD1A3694362002B67
:10D3080031D00023A36101680B68002BFCD0BFF368
:10D318005F8F43681BB325681968691A00291FDDE8
:10D3280087683968691A002912DDBC61846003685E
:10D33800BFF35F8F002119600461144655E78562C9
:10D34800A261002BCDD150E71968691A002903DDC5
:10D358001F469B69002BF7D1A361BC61E7E7846096
:10D36800A3614460E3E78362CDE700BF187103203F
:10D378003CB001204FF0A041012310B5094AD1F873
:10D388001C04547AA34018420BD0C1F81C3411680D
:10D3980019B1054B186800F05BFABDE8104000F0C1
:10D3A80053BA10BD5C7103205CB001202DE9F84F21
:10D3B8002A4E013B03EA06050C239DF82CB002EA2D
:10D3C8000607BBF1000F80460EBF2C463C464FF4C3
:10D3D800805603FB0109BBF1000F3AD0AC428CBF69
:10D3E800002301230BB9BDE8F88F4FF48052214682
:10D3F8000A9800F045FAC246DAF80010DAF8083060
:10D40800611A49BF01F580524FF48052601A002119
:10D4180001EB020E58BF20469E45C8BF5A1A002A83
:10D4280007DDDAF80430001B19440A9B184400F0A1
:10D4380013FA0AF10C0ACA45DED1EFF3108A72B664
:10D448000A9904F17040FFF791F98AF3108834447F
:10D45800C1E7BC4234BF00230123C3E700F0FFFF4C
:10D468007BB972B90029BEBF00204FF0004106E029
:10D4780008BF00281CBF6FF000414FF0FF3000F0DC
:10D48800D7B9ADF1080C6DE904CE002909DB002BF2
:10D498001ADB00F04DF8DDF804E0DDE9022304B002
:10D4A8007047404261EB4101002B1BDB00F040F864
:10D4B800DDF804E0DDE9022304B0404261EB4101FC
:10D4C800524263EB43037047524263EB430300F05D
:10D4D8002FF8DDF804E0DDE9022304B0404261EBF7
:10D4E80041017047524263EB430300F021F8DDF835
:10D4F80004E0DDE9022304B0524263EB43037047C2
:10D5080053B94AB9002908BF00281CBF4FF0FF31A2
:10D518004FF0FF3000F08CB9ADF1080C6DE904CE86
:10D5280000F006F8DDF804E0DDE9022304B07047F6
:10D538002DE9F04F099D0E4604460F46002B47D1B2
:10D548008A429446B2FA82F35AD943B102FA03FCEA
:10D55800C3F120029F409C4020FA02F217434FEA91
:10D568001C461FFA8CFE220CB7FBF6F106FB11775E
:10D5780001FB0EF042EA0742904208D91CEB020276
:10D5880001F1FF3702D2904200F23C813946121A6B
:10D59800A4B2B2FBF6F006FB102200FB0EFE44EA32
:10D5A8000244A64508D91CEB040400F1FF3202D25C
:10D5B800A64500F22A81104640EA0140A4EB0E0479
:10D5C80000211DB1DC400023C5E90043BDE8F08F10
:10D5D8008B4205D90DB1C5E9000100210846F5E7E0
:10D5E800B3FA83F100294FD1B342C0F002818242DD
:10D5F80040F2FF800846002DE8D0C5E90047E5E77E
:10D60800002B40F0AF808A1A4FEA1C4E1FFA8CF7A5
:10D618000121B2FBFEF60EFB1620220C42EA004264
:10D6280007FB06F090420FD91CEB020206F1FF3807
:10D638002CBF4FF001094FF00009904203D9B9F10E
:10D64800000F00F0DC804646121AA4B2B2FBFEF0CE
:10D658000EFB102200FB07F744EA0244A7420FD949
:10D668001CEB040400F1FF322CBF4FF0010E4FF009
:10D67800000EA74203D9BEF1000F00F0C980104682
:10D68800E41B40EA06409CE7C1F120048B4006FAFF
:10D6980001FC00FA01FE22FA04F7E6408A401F4323
:10D6A80020FA04F34FEA174843EA0C031FFA87FCF1
:10D6B8004FEA1349B6FBF8F008FB106649EA06463C
:10D6C80000FB0CF9B1450ED9BE1900F1FF3A2CBF89
:10D6D8004FF0010B4FF0000BB14503D9BBF1000F20
:10D6E80000F0A2805046A6EB09061FFA83F9B6FBA4
:10D6F800F8F308FB136603FB0CFC49EA0646B4453D
:10D708000ED9BE1903F1FF382CBF4FF001094FF0B5
:10D718000009B44503D9B9F1000F00F082804346EF
:10D7280043EA0040A6EB0C06A0FB028C6645434684
:10D73800E14602D307D1C64505D2B8EB02036CEB2C
:10D74800070C0138E1465DB1BEEB030266EB090642
:10D7580006FA04F422FA01F3CE401C43C5E9004658
:10D76800002133E702FA03FCC3F1200299409C40F0
:10D77800D6404FEA1C4E20FA02F21FFA8CF7B6FB8D
:10D78800FEF00A430EFB1066110C41EA064100FB4D
:10D7980007F68E420ED91CEB010100F1FF382CBFB1
:10D7A8004FF001094FF000098E4202D9B9F1000F7C
:10D7B80034D04046891B92B2B1FBFEF60EFB16111F
:10D7C80042EA014206FB07F191420ED91CEB020224
:10D7D80006F1FF382CBF4FF001094FF000099142C4
:10D7E80002D9B9F1000F16D04646521A46EA00414E
:10D7F8000FE7841A66EB030201201746FBE6023E98
:10D80800624421E702396244C1E664440238D3E63F
:10D818006444023834E7023E6244E6E70238614471
:10D82800C8E7023B3E447BE702383E445BE700BF63
:10D83800704700BF000000005FF800F0793000106A
:10D848005FF800F00D3F00105FF800F06D7C0010ED
:10D858005FF800F0C38000105FF800F0D1210210DB
:10D868005FF800F0610300105FF800F0910200100B
:10D878005FF800F0D12202105FF800F0953E00102A
:10D888005FF800F05126021001D7C4C3C2C1C0BE60
:10D89800BDBCBB6E790D7FAEACAFAD1B636D67666B
:10D8A80030092D3DACAEAFAD383736353433323173
:10D8B800D8FFFFFFFFFFFFFF0201B6B8209D2E2C07
:10D8C800AFADACAEC800000000800410880302FFB2
:10D8D80001FF0100A01800200100000035370010EA
:10D8E8002537001009380010C5390010A537001079
:10D8F800893B001021370010453800101F370010F1
:10D9080003000000AC1800200400000034C200002E
:10D918000100010010000000AD540010D9530010A0
:10D9280061540010E95300100000000000010000DD
:10D93800000000000080008000000000FF0FFF0FC3
:10D9480000000000000000000000FF0F0000FF0FB3
:10D958000000000000000000000000000000FF00C0
:10D968000000010000FFFFFF0000010000FFFEFFB4
:10D978000001020100FFFEFF0001020100FFFDFFA0
:10D988000001030100FEFDFE0001030100FEFCFE94
:10D998000000000000000000000001000000FF007F
:10D9A8000001020100FFFEFF0001030100FFFDFF6F
:10D9B8000002040200FEFCFE0002050200FEFBFE5F
:10D9C8000003060300FDFAFD0003070300FDF9FD4F
:10D9D80021CD032000000000000000000B00000023
:10D9E8002D7F0010E77B0010A37F0010E17B001063
:10D9F800000000000000000000000000000000001F
:10DA08002D7F0010457C0010A37F00105F7F001061
:10DA180000000000000000000000000000000000FE
:10DA28002D7F0010E17F00101D7C00105F7F00102B
:10DA380000000000000000000000000000000000DE
:10DA4800F46A0320000000002D7F0010E17F001021
:10DA5800A37F00105F7F001000000000000000009E
:10DA6800FFFF0000000000000100000000786D6169
:10DA7800000000000000000000000000010000009D
:10DA880000656D610000000000000000000000005B
:10DA98000000000001000000122F02100400000026
:10DAA8000100000033330000FF03000065960010FA
:10DAB80045A20010A19D001009D000100704011A0A
:10DAC80019000000060000008C1B00207C1A0020B2
:10DAD80011C600105000360000000000010000319F
:10DAE800D1C3001001000032D1C30010010000337F
:10DAF800D1C3001001000034D1C30010010000356B
:10DB0800D1C3001001000036D1C300100600000088
:10DB18008C1B0020C41A0020CDC500105000360010
:10DB2800000000000100003131C200100100003285
:10DB380031C200100100003331C20010010000346E
:10DB480031C200100100003531C20010010000365A
:10DB580031C2001004000000441B0020F87D0310AF
:10DB680061C30010500040000000000001000000E8
:10DB7800241B0020187E031039C000104A01AF0092
:10DB880000000000010000008C1B00203C1B00204E
:10DB980019C000101801B9000000000001000000C1
:10DBA800F9C00010030000008C1B0020207E031029
:10DBB80041C100103C0025000000000005000000E5
:10DBC800741B0020387E031025C1001030003F0070
:10DBD80002000000040000008C1B0020607E03107F
:10DBE8001BC1001030003F000000000006000000CC
:10DBF80000000000A41B002011C1001061004000BB
:10DC08000000000001001B6E65C2001001001C6FBF
:10DC1800E1C0001001000B6CCDC1001001001D73A4
:10DC280029C8001001001E72D5C0001001001F7124
:10DC380079C70010303101050A0000000400000017
:10DC48001400000001000000C800000032000000BD
:10DC58002C01000032000000010300020103000251
:10DC680000030102000000000002000201000000A1
:10DC78000003010300000000000200030102010389
:10DC8800010201030000000000010000080000007C
:10DC9800040000000C00000000000000000000006C
:10DCA800000000000000000065316D310000000038
:10DCB800000000000000000065316D320000000027
:10DCC800000000000000000065316D330000000016
:10DCD800000000000000000065316D340000000005
:10DCE800000000000000000065316D3500000000F4
:10DCF800000000000000000065316D3600000000E3
:10DD0800000000000000000065316D3700000000D1
:10DD1800000000000000000065316D3800000000C0
:10DD2800000000000000000065316D3900000000AF
:10DD3800000000000000000065326D3100000000A6
:10DD4800000000000000000065326D320000000095
:10DD5800000000000000000065326D330000000084
:10DD6800000000000000000065326D340000000073
:10DD7800000000000000000065326D350000000062
:10DD8800000000000000000065326D360000000051
:10DD9800000000000000000065326D370000000040
:10DDA800000000000000000065326D38000000002F
:10DDB800000000000000000065326D39000000001E
:10DDC800000000000000000065336D310000000015
:10DDD800000000000000000065336D320000000004
:10DDE800000000000000000065336D3300000000F3
:10DDF800000000000000000065336D3400000000E2
:10DE0800000000000000000065336D3500000000D0
:10DE1800000000000000000065336D3600000000BF
:10DE2800000000000000000065336D3700000000AE
:10DE3800000000000000000065336D38000000009D
:10DE4800000000000000000065336D39000000008C
:10DE58000000000000000000696E74657200000098
:10DE68000000000000000000696E74726F0000007E
:10DE7800000000000000000062756E6E790000006E
:10DE88000000000000000000766963746F720000F3
:10DE98000000000000000000696E74726F610000ED
:10DEA800000000000000000072756E6E696E0000D0
:10DEB80000000000000000007374616C6B730000C8
:10DEC8000000000000000000636F756E74640000BD
:10DED80000000000000000006265747765650000BE
:10DEE8000000000000000000646F6F6D000000007B
:10DEF80000000000000000007468655F64610000B5
:10DF08000000000000000000736861776E000000E8
:10DF18000000000000000000646474626C7500007A
:10DF28000000000000000000696E5F636974000073
:10DF3800000000000000000064656164000000004B
:10DF4800000000000000000073746C6B7332000066
:10DF58000000000000000000746865646132000081
:10DF68000000000000000000646F6F6D32000000C8
:10DF78000000000000000000646474626C3200005D
:10DF8800000000000000000072756E6E693200002B
:10DF980000000000000000006465616432000000B9
:10DFA800000000000000000073746C6B7333000005
:10DFB8000000000000000000726F6D65726F0000C5
:10DFC8000000000000000000736861776E320000F6
:10DFD80000000000000000006D65737361670000B9
:10DFE8000000000000000000636F756E74320000CE
:10DFF8000000000000000000646474626C330000DC
:10E008000000000000000000616D706965000000FC
:10E0180000000000000000007468656461330000BF
:10E02800000000000000000061647269616E000079
:10E0380000000000000000006D6573736732000087
:10E048000000000000000000726F6D657232000071
:10E05800000000000000000074656E736500000099
:10E068000000000000000000736861776E33000054
:10E0780000000000000000006F70656E696E00000F
:10E0880000000000000000006576696C00000000D8
:10E098000000000000000000756C74696D610000EC
:10E0A8000000000000000000726561645F6D000000
:10E0B8000000000000000000646D3274746C000001
:10E0C8000000000000000000646D32696E740000FA
:10E0D8000000000000000000CA070000FFFFFFFF6B
:10E0E800FFFFFFFFFFFFFFFF01000000BE6B0210F4
:10E0F80007000000C66B021006020000CD6B02107C
:10E108000A000000D86B021009000000E26B021040
:10E1180009000000EC6B021009000000F66B021009
:10E1280009000000006C0210090000000A6C0210CF
:10E1380009000000146C0210080000001D6C021099
:10E1480006000000246C02100A0000002F6C021068
:10E1580004000000346C0210050000003A6C021044
:10E1680005000000406C02100502000001000000DC
:10E17800000B03006800A800000067010000000011
:10E1880000000000000B03002800880000006A015E
:10E198000000000000000000000B0300A000600069
:10E1A80000006D010000000000000000000B0300EB
:10E1B800680050000000700100000000000000002E
:10E1C800000B03007800200000007301000000002D
:10E1D800000000000008030028000000000076018D
:10E1E8000000000000000000020B01008000880011
:10E1F80001005D010000000000000000020B0100AA
:10E208008000880002005E0100000000000000009D
:10E21800020B01008000880003005F01000000007D
:10E2280000000000020B010080008800040060016B
:10E238000000000000000000020B010080008800C0
:10E24800050061010000000000000000020B010051
:10E258008000880006006201000000000000000045
:10E26800020B010080008800070063010000000025
:10E2780000000000020B0300C000900008006401C9
:10E288000000000000000000020B01008000880070
:10E29800080061010000000000000000000B0300FE
:10E2A800E000680000003F010000000000000000DE
:10E2B800000B0300B800A0000000420100000000AD
:10E2C80000000000000B03007000880000004501FA
:10E2D8000000000000000000000B03004800700070
:10E2E800000048010000000000000000000B0300CF
:10E2F8005800600000004B01000000000000000012
:10E30800000B03004000300000004E010000000038
:10E3180000000000000B0300C000280000005101AD
:10E328000000000000000000000B0300880010003F
:10E33800000054010000000000000000000B030072
:10E34800500010000000570100000000000000000D
:10E35800000B03004000180000005A0100000000F4
:10E3680000000000000000000000000000000000A5
:10E37800000000000200050008000B000E0011005C
:10E38800140017001A001D001E001D001A001700B7
:10E39800140011000E000B00080005000200000028
:10E3A80000000200050008000B000E001100140018
:10E3B80017001A001D001E001D001A001700140087
:10E3C80011000E000B00080005000200000000000C
:10E3D8000000000000000000020005001E001D00F3
:10E3E8001A001700140011000E000B0008000500A9
:10E3F8000200000000000000000000000000000013
:10E4080000000200050008000B000E0011001400B7
:10E4180017001A001D001E00630000000A0000001B
:10E428000B000000000000000100000002000000D6
:10E4380003000000040000000500000006000000C2
:10E448000700000008000000090000006300000049
:10E458000C0000000D0000006300000063000000D5
:10E4680063000000630000002C0100002C01000084
:10E478002D0100002E0100002F01000030010000D6
:10E4880031010000310100003201000033010000B9
:10E49800340100003501000036010000360100009B
:10E4A8003701000038010000390100003A0100007E
:10E4B8003B0100003B0100003C0100003D01000061
:10E4C8003E0100003F010000400100004001000043
:10E4D8004101000042010000430100004401000026
:10E4E8004501000045010000460100004701000009
:10E4F80048010000490100004A0100004A010000EB
:10E508004B0100004C0100004D0100004E010000CD
:10E518004F0100004F0100005001000051010000B0
:10E528005201000053010000540100005401000092
:10E538005501000056010000570100005801000075
:10E5480059010000590100005A0100005B01000058
:10E558005C0100005D0100000000000005000000F3
:10E568000A0000000F00000014000000190000005D
:10E578001E00000023000000280000002D000000FD
:10E5880032000000370000003C000000410000009D
:10E59800460000004B00000050000000550000003D
:10E5A8005A0000005F0000006400000069000000DD
:10E5B8006E00000073000000780000007D0000007D
:10E5C80082000000870000008C000000910000001D
:10E5D80001000000060000000B0000001000000011
:10E5E800150000001A0000001F00000024000000B1
:10E5F800290000002E000000330000003800000051
:10E608003D00000042000000470000004C000000F0
:10E6180051000000560000005B0000006000000090
:10E62800650000006A0000006F0000007400000030
:10E63800790000007E0000008300000088000000D0
:10E648008D0000009200000002000000070000009A
:10E658000C00000011000000160000001B00000064
:10E6680020000000250000002A0000002F00000004
:10E6780034000000390000003E00000043000000A4
:10E68800480000004D000000520000005700000044
:10E698005C00000061000000660000006B000000E4
:10E6A80070000000750000007A0000007F00000084
:10E6B80084000000890000008E0000009300000024
:10E6C80003000000080000000D0000001200000018
:10E6D800170000001C0000002100000026000000B8
:10E6E8002B00000030000000350000003A00000058
:10E6F8003F00000044000000490000004E000000F8
:10E7080053000000580000005D0000006200000097
:10E71800670000006C000000710000007600000037
:10E728007B00000080000000850000008A000000D7
:10E738008F000000940000000400000009000000A1
:10E748000E00000013000000180000001D0000006B
:10E7580022000000270000002C000000310000000B
:10E76800360000003B0000004000000045000000AB
:10E778004A0000004F00000054000000590000004B
:10E788005E00000063000000680000006D000000EB
:10E7980072000000770000007C000000810000008B
:10E7A800860000008B00000090000000950000002B
:10E7B800960000009B000000A0000000A5000000DB
:10E7C800AA000000AF000000B4000000B90000007B
:10E7D800BE000000C3000000C8000000CD0000001B
:10E7E800D2000000D7000000DC000000E1000000BB
:10E7F800E6000000EB000000F0000000F50000005B
:10E80800FA000000FF0000000401000009010000F8
:10E818000E01000013010000180100001D01000096
:10E828002201000027010000970000009C00000062
:10E83800A1000000A6000000AB000000B00000002E
:10E84800B5000000BA000000BF000000C4000000CE
:10E85800C9000000CE000000D3000000D80000006E
:10E86800DD000000E2000000E7000000EC0000000E
:10E87800F1000000F6000000FB00000000010000AD
:10E88800050100000A0100000F010000140100004A
:10E89800190100001E0100002301000028010000EA
:10E8A800980000009D000000A2000000A7000000E2
:10E8B800AC000000B1000000B6000000BB00000082
:10E8C800C0000000C5000000CA000000CF00000022
:10E8D800D4000000D9000000DE000000E3000000C2
:10E8E800E8000000ED000000F2000000F700000062
:10E8F800FC00000001010000060100000B010000FF
:10E9080010010000150100001A0100001F0100009D
:10E918002401000029010000990000009E00000069
:10E92800A3000000A8000000AD000000B200000035
:10E93800B7000000BC000000C1000000C6000000D5
:10E94800CB000000D0000000D5000000DA00000075
:10E95800DF000000E4000000E9000000EE00000015
:10E96800F3000000F8000000FD00000002010000B4
:10E97800070100000C010000110100001601000051
:10E988001B01000020010000250100002A010000F1
:10E998009A0000009F000000A4000000A9000000E9
:10E9A800AE000000B3000000B8000000BD00000089
:10E9B800C2000000C7000000CC000000D100000029
:10E9C800D6000000DB000000E0000000E5000000C9
:10E9D800EA000000EF000000F4000000F900000069
:10E9E800FE00000003010000080100000D01000006
:10E9F80012010000170100001C01000021010000A5
:10EA0800260100002B0100005E0100005E010000ED
:10EA18005F01000060010000610100006201000068
:10EA2800630100006301000064010000650100004B
:10EA3800660100006701000068010000680100002D
:10EA4800690100006A0100006B0100006C01000010
:10EA58006D0100006D0100006E0100006F010000F3
:10EA680070010000710100007201000072010000D5
:10EA780073010000740100007501000076010000B8
:10EA8800770100007701000078010000790100009B
:10EA98007A0100007B0100007C0100007C0100007D
:10EAA8007D0100007E0100007F0100008001000060
:10EAB8008101000081010000820100008301000043
:10EAC8008401000085010000860100008601000025
:10EAD8008701000088010000890100008A01000008
:10EAE8008B0100008B0100008C0100008D010000EB
:10EAF8008E0100008F0100000000000000000000EF
:10EB080000000000000000000000000000000000FD
:10EB180000000000000000000000000000000000ED
:10EB280000000000000000000000000000000000DD
:10EB380000000000000000000000000000000000CD
:10EB480000000000000000000000000000000000BD
:10EB580000000000000000000000000001000000AC
:10EB6800010000000C00000000003050D49001208B
:0CEB780001000000000000000000000090
:10EB84002DE9F04FA04B8FB01C680890631893F8E0
:10EB9400D0070491002398B12218014692F89808EE
:10EBA40001E08B4204DAE21892F89838002BF8D18D
:10EBB400651885F898380B4682F898180028EBD128
:10EBC4004FF41872914B94F898B81B7802FB03F336
:10EBD40003F5F0730393BBF1000F00F0CF80A2465E
:10EBE40000250BE00AEB0B0393F898380AEB0502B7
:10EBF4009B4682F89838002B00F0C080039B03EBFF
:10EC04008B0604EB060999F80210814B99F8012050
:10EC14001B68490041EAD21133F911107D4B99F870
:10EC240003001B6853F821307B4923F07F430F68AE
:10EC34000499081AF91891F801C08445D2DDFD5CE5
:10EC4400CB7802F0010EC2F3450214F806C0059217
:10EC5400DA0102F480720BF554772A4388784CEA7F
:10EC64000E253AF8178007976F00063003F0010667
:10EC74000997089F00929A083318CB1807EB4507A9
:10EC840006930A950197434456B90631052A37D8A5
:10EC9400DFE812F0FF002D017101A2012A02C80071
:10ECA400085C5E4D05EB4010002A00F08280022AC9
:10ECB40026D1009A571000F0A382019ADE19111D83
:10ECC40013F8012B043112F00F051CBF30F8155056
:10ECD40021F8085C12091CBF30F8122021F8062C18
:10ECE400B342EDD1019A02EB8707009AD10707D509
:10ECF4001A7812F00F021CBF30F812203A80013348
:10ED0400059A6AB399F8022099F80110520042EA70
:10ED1400D112142A02BF009A02F1FF320092009D20
:10ED2400059A05FB02F2002A1ADD511E062907D9AD
:10ED34000A982844099D41000235B5EB400F20D1C3
:10ED44000099019801F10041013900EB41010238B9
:10ED540000EB420230F8025F904221F8025FF9D1E1
:10ED6400069A5D469B1A079A2AF812300AEB0B039F
:10ED740093F898389B46002B7FF440AF0FB0BDE862
:10ED8400F08F089856080144019801EB860650F864
:10ED9400045B41F8045BB142F9D122F00101D207CE
:10EDA400DED50198009A0A4430F8111020F81210A8
:10EDB400D6E71B4D2D68A94200F0DB81009A511063
:10EDC400019A960700F0B28189B15E18111D13F8FB
:10EDD400012B043102F00F0530F81550120921F807
:10EDE400085C30F81220B34221F8062CEFD1009AC7
:10EDF400D50785D513F8011B02F1004201F00F017C
:10EE040030F81110013A40E0D8790320BBC3032045
:10EE1400608003207C69032068180020080B082008
:10EE240030720320069AAF4E12F80820089936F87B
:10EE3400122021F815205A7836F81200009A022A76
:10EE44001BDD032AA2F1020100F0FC810027099ACC
:10EE5400089D02322A4460F30F074D0802EB850532
:10EE640060F31F4742F8047BAA42FBD1CA0704D5CA
:10EE740041F00101019A22F811009A78033336F81F
:10EE84001210009A02F10042013A019820F812107F
:10EE940036E7009A5FEA620C3A4618D0914E381D64
:10EEA40003EB0C0713F8012B043002F00F054D5D42
:10EEB400120936F81550BB4220F8085C8A5C36F813
:10EEC400122020F8062CEDD1019A02EB8C02009856
:10EED400C0077FF515AF184610F8013B814E03F0CB
:10EEE4000F03CB5C36F813301380034608E7019A0E
:10EEF400009894467B4E02EB400202921A78FF2A55
:10EF04003FF4FDAE93F801800CEB420CB8F1010F15
:10EF140003F1020540F22B81A8F1020E4FEA5E0EC6
:10EF24000EF1030213440CF1040015F8012B043014
:10EF340002F00F07CF5D120936F817709D4220F8D2
:10EF4400087C8A5C36F8122020F8062CEDD10EF1EC
:10EF5400010E0CEB8E0C18F0010F08D013F8012BE6
:10EF640002F00F028A5C36F812202CF8022B029A67
:10EF74006245C3D1C4E6009A5FEA620C08BF384612
:10EF84001BD03A46574F101D03EB0C0613F8012B08
:10EF9400043012F00F051EBF4D5D37F8155020F8F0
:10EFA400085C12091EBF8A5C37F8122020F8062C70
:10EFB400B342EBD1019A02EB8C00009AD5077FF59E
:10EFC4009FAE1A7812F00F023FF499AE8A5C454E58
:10EFD40036F81220028092E6019A00980292DFF835
:10EFE40004C102EB40020D921A78FF2A3FF487AE67
:10EFF40002989D1C00EB42005A780290032A0B925F
:10F004000C9540F2B280A2F104084FEA980803F18B
:10F01400080708EB480205331744083013F803ECDB
:10F0240013F8012C0EF03F054D5D12043CF81560F9
:10F0340013F8025C20F8086C42EA052242EA0E0248
:10F04400C2F385154D5D03333CF81550BB4220F8DF
:10F05400065CC2F305354D5D4FEA92423CF815500B
:10F0640000F1080020F80C5C8A5C3CF8122020F8BF
:10F074000A2CD3D1029B08F1010803EBC8030293C5
:10F084000C9B08EB480843440B9A12F0030524D068
:10F094001878029E00F03F028A5C012D3CF8122091
:10F0A400328058D05A78022D4FEA820242EA9012F6
:10F0B40002F03F00085C3CF81000708051D0987852
:10F0C4000333000140EA921202F03F028A5C029884
:10F0D4003CF812208280821D02920D9A029882428C
:10F0E40082D10DE6E6AE0320019A00981646584FE9
:10F0F40002EB400E1A78FF2A3FF401AE93F801C0E8
:10F1040006EB42020233BCF1000F28D0184602EB92
:10F114004C0610F8015B4D5D37F8155022F8025B80
:10F12400B242F6D16344B645E4D1E9E500293FF49F
:10F134005EAE1944151F13F8012B160902F00F02D5
:10F1440030F8166030F812208B4242EA064245F845
:10F15400042FF0D14BE6324601330232BCE71646A7
:10F16400E1E7324602330432B6E72B468CE72B46FE
:10F17400F1E6DFF8F8E0DEF800108B4242D0924668
:10F18400DFF8EC80019A00274FF0A0414FF40065AE
:10F19400304EB761C1F86454D1F8CC526F01FBD43E
:10F1A4004FF0290C2C492D4D2A4EC1F8C0502C4D3E
:10F1B40003F1A007C1F8D050CEF800707761C6F80B
:10F1C40018C0BAF19F0FC1F8C480C1F8DCC012DCCA
:10F1D4000AF1FF361E449F3316F8011F01F00F0594
:10F1E400090930F8155030F811109E4245EA0145DE
:10F1F40042F8045BF0D11B4A3B46D2F800A07FE5FD
:10F20400019F72E54FF0A0471749D7F8D8228A42E8
:10F214001AD9019A11F8015B05F00F062D0930F88F
:10F22400155030F8166046EA054642F8046BD7F8E4
:10F23400D8620D46B142EDD3DFF83480033DA5EB2F
:10F24400080AA0E7012115E60D46019AF4E700BF7C
:10F25400E6AE032000800C40000200501C800C40ED
:10F2640049606300D87903201BBC012074B10120DC
:10F2740018BC01202DE9F04FA64AA74F10683B782F
:10F284000130022BADF5237D106002D0012800F27D
:10F29400CE8100263446A14BA14A1B78A14D1370A0
:10F2A400A14BC0B21E70DFF8A48200F0E5F96B0830
:10F2B400019397F80090B9F1050F00F21981DFE886
:10F2C40019F00B01120117010201410006004FF46D
:10F2D4005243964AA72C1078D3BFDFF85C9280F093
:10F2E4000100584303FB0090914BC8BFDFF84892DC
:10F2F400D3F800A08F4BC8BFA0F520501B68C8BF2F
:10F304004844304402AA0DF5227E591EC3F1010B74
:10F3140011E05AF823304B4507D3434505D26344E3
:10F3240013F80B3035F8133013800232724500F1B4
:10F33400010000F0CC808C4611F8013FE31AE8D5B7
:10F344000378EFE7794BA72C1B7800F3D8804FF4B0
:10F35400524101FB0363784A03EB020A774BD3F86B
:10F364000090B9F1000F0AD040F23F1251460AF161
:10F37400010000F075F919F804308AF800306A4B7E
:10F384001B78012B4CD0664B1B786BB34FF050436A
:10F394006B49D3F880006B4A0860D3F88400486056
:10F3A400D3F888008860D3F88C00C860D3F8900044
:10F3B4000861D3F8AC004861D3F8B0008861D3F891
:10F3C400C0101160D3F8C4105160D3F8C810916014
:10F3D400D3F8CC10D160D3F8D0101161D3F8EC106D
:10F3E4005161D3F8F03093614FF050434FF4E05241
:10F3F400C3F8AC2041F61042C3F8EC200122524974
:10F40400C3F8B0101031C3F8F0100199C3F8881094
:10F41400C3F88C10C3F8C810C3F8CC10424B1A7050
:10F424004FF4A072514602A87FF7E0FE97F80090CF
:10F43400B9F1020F4BD8214602A8013400F00CF9AF
:10F44400C82C06F5A0767FF434AF324B187800F060
:10F4540017F97FF797FE344B1B7883B3304B1B7837
:10F464006BB34FF050433649364A8D69D1E90240B7
:10F47400D1E90098D1E90476D168C3F88090C3F843
:10F484008480C3F88840C3F88C00C3F89070C3F834
:10F49400AC60C3F8B0501568C3F8C0505068C3F8E6
:10F4A400C40094681069C3F8C840C3F8CC10D2E90A
:10F4B4000512C3F8D000C3F8EC10C3F8F0200DF522
:10F4C400237DBDE8F08F194BA72C1B7840DD214626
:10F4D40002A8FFF755FBAEE74FF4A072002102A883
:10F4E40000F0B6F8A7E7214602A800F0BDF89DE7B2
:10F4F4004FF4A072002102A800F0AAF898E74FF494
:10F50400524283F00103A6F5205A02FB03AA0A4BD8
:10F514009A4423E7B8BE0120BCC3032032C60320AB
:10F5240009CD0320E6AE032033C60320BAC303206B
:10F53400688003206C800320BCBE01204C73032030
:10F54400D8680320F4680320081C0100BC6203206F
:10F55400394A1278012A53D0384A1278A2B34FF0AC
:10F5640050423748D2F880C03649C0F800C0D2F8BB
:10F5740084C0C0F804C0D2F888C0C0F808C0D2F86B
:10F584008CC0C0F80CC0D2F890C0C0F810C0D2F83B
:10F59400ACC0C0F814C0D2F8B0C0C0F818C0D2F8DB
:10F5A400C0000860D2F8C4004860D2F8C80088607F
:10F5B400D2F8CC00C860D2F8D0000861D2F8EC00D0
:10F5C4004861D2F8F0208A614FF050424FF4E05184
:10F5D400C2F8AC1041F61041C2F8EC1001211A48EF
:10F5E400C2F8B0001030C2F8F0000198C2F88800E8
:10F5F400C2F88C00C2F8C800C2F8CC000E4A1170E0
:10F604004FF4524202FB036310494FF4A0721944B1
:10F6140002A87FF7EBFD3B78022B3FF658AF21465B
:10F6240002A800F019F8013406F5A07641E6144664
:10F6340000F01EF820682CE633C6032009CD032011
:10F64400D8680320F4680320081C0100BCBE012014
:10F654005FF800F0D12202105FF800F0CD3C0010FA
:10F664005FF800F0D12102105FF800F0E52E0010E1
:10F674005FF800F0793000105FF800F0C93C00102A
:10F684005FF800F0D13C0010000000000000000012
:10F694000000000000000000000000000000000066
:10F6A4000000000000000000000000000000000056
:10F6B4000000000000000000000000000000000046
:10F6C4000000000000000000000000000000000036
:10F6D4000000000000000000000000000000000026
:08F6E40000000000000000001E
:10F6EC005908C30607068B052E05E404A60471040D
:10F6FC0043041A04F503D303B50398037E0365038F
:10F70C004E03390324031103FF02ED02DC02CD0288
:10F71C00BD02AF02A0029302860279026D02610261
:10F72C0056024B02400236022C02220218020F0231
:10F73C000602FD01F501EC01E401DC01D401CD016F
:10F74C00C501BE01B701B001A901A2019B01950140
:10F75C008F01880182017C01770171016B016601C7
:10F76C0060015B01550150014B01460141013C0117
:10F77C00370133012E012901250121011C0118013A
:10F78C0014010F010B0107010301FF00FB00F8003E
:10F79C00F400F000EC00E900E500E200DE00DB0024
:10F7AC00D700D400D100CD00CA00C700C400C100EE
:10F7BC00BE00BB00B800B500B200AF00AC00A900A1
:10F7CC00A700A400A1009F009C0099009700940042
:10F7DC0092008F008D008A008800860083008100D3
:10F7EC007F007D007A007800760074007200700053
:10F7FC006E006C006A0068006600640062006000C5
:10F80C005E005C005B00590057005500530052002D
:10F81C0050004E004D004B004A0048004600450089
:10F82C004300420040003F003E003C003B003900DA
:10F83C0038003700350034003300310030002F0021
:10F84C002E002D002B002A0029002800270026005E
:10F85C002500240023002200210020001F001E0090
:10F86C001D001C001B001A001900180017001700BF
:10F87C0016001500140014001300120011001100E2
:10F88C0010000F000F000E000D000D000C000C00FE
:10F89C000B000A000A000900090008000800070014
:10F8AC00070007000600060005000500050004001F
:10F8BC000400040003000300030002000200020025
:10F8CC000200010001000100010001000100010023
:10F8DC00000000000000000000000000000000001C
:10F8EC00000000000000000000000000000000000C
:10F8FC0001000100010001000100010001000200F3
:10F90C0002000200020003000300030004000400D4
:10F91C0004000500050005000600060007000700AE
:10F92C00070008000800090009000A000A000B0083
:10F93C000C000C000D000D000E000F000F0010004D
:10F94C001100110012001300140014001500160011
:10F95C0017001700180019001A001B001C001D00CE
:10F96C001E001F002000210022002300240025007F
:10F97C0026002700280029002A002B002D002E002D
:10F98C002F003000310033003400350037003800D0
:10F99C0039003B003C003E003F0040004200430069
:10F9AC004500460048004A004B004D004E005000F8
:10F9BC00520053005500570059005B005C005E007C
:10F9CC00600062006400660068006A006C006E00F3
:10F9DC00700072007400760078007A007D007F0061
:10F9EC0081008300860088008A008D008F009200C1
:10F9FC009400970099009C009F00A100A400A70010
:10FA0C00A900AC00AF00B200B500B800BB00BE004E
:10FA1C00C100C400C700CA00CD00D100D400D7007B
:10FA2C00DB00DE00E200E500E900EC00F000F40091
:10FA3C00F800FB00FF00030107010B010F0114018B
:10FA4C0018011C012101250129012E013301370167
:10FA5C003C01410146014B01500155015B01600124
:10FA6C0066016B01710177017C01820188018F01B4
:10FA7C0095019B01A201A901B001B701BE01C5010D
:10FA8C00CD01D401DC01E401EC01F501FD0106021C
:10FA9C000F02180222022C02360240024B025602BE
:10FAAC0061026D02790286029302A002AF02BD02CE
:10FABC00CD02DC02ED02FF021103240339034E03D5
:10FACC0065037E039803B503D303F5031A044304BB
:10FADC007104A604E4042E058B050706C306590819
:10FAEC00FA07F507EF07EA07E407DF07DA07D40799
:10FAFC00CF07C907C407BF07B907B407AE07A907E3
:10FB0C00A4079F07990794078F078A0784077F0725
:10FB1C007A07750770076A07650760075B07560762
:10FB2C0051074C07470742073D07380733072E0795
:10FB3C00290724071F071A07150710070B070607C5
:10FB4C000207FD06F806F306EE06E906E506E006F2
:10FB5C00DB06D606D206CD06C806C406BF06BA0614
:10FB6C00B506B106AC06A806A3069E069A0695062F
:10FB7C0091068C06880683067F067A067606710641
:10FB8C006D06680664065F065B06570652064E064F
:10FB9C004906450641063C063806340630062B0657
:10FBAC00270623061E061A06160612060E06090658
:10FBBC0005060106FD05F905F505F005EC05E8055A
:10FBCC00E405E005DC05D805D405D005CC05C80551
:10FBDC00C405C005BC05B805B405B005AC05A80541
:10FBEC00A405A0059C059905950591058D0589052C
:10FBFC00850581057E057A05760572056F056B0511
:10FC0C006705630560055C055805540551054D05F0
:10FC1C004905460542053E053B05370534053005CB
:10FC2C002C052905250522051E051B0517051405A0
:10FC3C0010050C05090506050205FF04FB04F80474
:10FC4C00F404F104ED04EA04E704E304E004DC0446
:10FC5C00D904D604D204CF04CC04C804C504C2040D
:10FC6C00BE04BB04B804B504B104AE04AB04A804D0
:10FC7C00A404A1049E049B049804940491048E048F
:10FC8C008B048804850482047E047B047804750448
:10FC9C0072046F046C0469046604630460045D04FC
:10FCAC005A045704540451044E044B0448044504AC
:10FCBC0042043F043C0439043604330430042D045C
:10FCCC002A042804250422041F041C041904160405
:10FCDC00140411040E040B040804060403040004A9
:10FCEC0000010001000100010001000101010001FF
:10FCFC0000010101000101010001010101010101EB
:10FD0C0001010101010101010101010201010102D5
:10FD1C0001020102010201020102020201020202BD
:10FD2C0002020202020202020202020402020204A3
:10FD3C000204020402040204020404040204040483
:10FD4C000404040404040404000000000000000087
:10FD5C0068808080808080808080808080A0C06867
:10FD6C0068808080808080808080808080A0C0605F
:10FD7C00D3DEFFFFFE010000FF010000BC03FCFF0F
:04FD8C00793512AB08
:040000051000014D99
:00000001FF
